10090,NP_033105.1,NCBI,eL22,60S ribosomal protein L22 isoform a,MAPVKKLVAKGGKKKKQVLKFTLDCTHPVEDGIMDAANFEQFLQERIKVNGKAGNLGGGVVTIERSKSKITVTSEVPFSKRYLKYLTKKYLKKNNLRDWLRVVANSKESYELRYFQINQDEEEEEDED
10116,NP_112366.1,NCBI,eL22,60S ribosomal protein L22,MAPVKKLVAKGGKKKKQVLKFTLDCTHPVEDGIMDAANFEQFLQERIKVNGKAGNLGGGVVTIERSKSKITVTSEEPFSKRYLKYLTKKYLKKNNLRDWLRVVANSKESYELRYFQINQDEEEEEDED
13616,XP_001365607.1,NCBI,eL22,60S ribosomal protein L22,MAPVKKSVMKGGKKKKQVLKFTLDCTHPVEDGIMDAANFEQFLQERIKVNGKAGNLGGGVVTIERSKSKITVTSEVPFSKRYLKYLTKKYLKKNNLRDWLRVVANSKESYELRYFQINQDEEEEEEED
185431,Q389Z6,UNI,eL22,60S ribosomal protein L22,MVAVRAKVGSRGFTRQRQLAKGKKVFKIDCSIPASDGIFSDDILSNFQQYFQDNVKLNGRKGKLTSKVRVNMRENILSITTTMAYRKKYFKYLTKKFLKKKDLRDWIRILAKGKDTYQLKYFNIQDQEEA
280699,XP_005538757.1,NCBI,eL22,60S ribosomal protein L22,MPTKVKKNVSAKKATTRRFVLDCSAPVGDAILDTASLEKFLQDRIKVNGKTGQLGDFVAVSRDGRTRIAVVTRVPFSKRYLKYLAKKYLKKQQLRDFLRVVATGPDTYELRYFSIHDEDVEKDEEDMEEDE
284591,XP_002143093.1,NCBI,eL22,60S ribosomal protein L22,MAPVKTQKANKYTVDCKAPSADGIFDVSSFEKFLTERIKVEGRTNQLGEDIKVSSNGDIVTVVSTTQFSGKYLKYLTKKYLKKQQLRDWIRVISTSKGNYTLKFYNVVANEEDEE
284812,NP_594940.1,NCBI,eL22,60S ribosomal protein L22,MVKKNTKVSNKYIIDATAAVNDKIFDVAAFEKYLIDRIKVDGKTGNLGSSVVVSREGSSKIAVIAHIDFSGRYLKYLTKKFLKKHSLRDWLRVVSTKKGVYELRYYNVVVGNDEEEQ
352472,XP_636907.1,NCBI,eL22,S60 ribosomal protein L22,MPSVQKTVVKKSHKFVIDCTAPAGKIVDVAAFEKYLHDRIKVDNKVGNLGSTVVISKDKSKIIINTTIPFSKRYLKYLTKKFLKFKQIRDFLRVVATTKNTYELRYFNIGDSESQE
353151,XP_667054.1,NCBI,eL22,ribosomal protein L22,MAPITKVHKTQRFIVDCTAPMQDNIIDASGLEKFFHDRIKVDGKCGQLGTKIQISCQKGRITVLSEVPMSKRYLKYLTKKYLKKQQIRDFLRVVATSKGSYEVRYFNISNEAGEE
36329,XP_001349308.1,NCBI,eL22,"60S ribosomal protein L22, putative",MVAKKDSTKVSKKLKKKVVKKTKIVKGLKKQKMNKSTKGIKYVLDCTKPVKDTILDISGLEQFFKDKIKVDKKTNNLKNKVVVTSDEYKIYITVHIPFSKRYIKYLAKKYIKMHQIRDFLRVIAKGKLAYEFKYFQLNN
3702,NP_171782.1,NCBI,eL22,Ribosomal L22e protein family,MARVGAKSSGAGAKKKGVSFVIDCSKPVDDTILEIATLEKFLQERIKVRGKAGALGNSVSITRYNGKINVNANSNFSKRYLKYLTKKYLKKYNLRDWLRVIASNKDKNVYEVRYFRIDDEVASYEED
39947,XP_015647764.1,NCBI,eL22,60S ribosomal protein L22-2,MARGVAVAAKGGAGGKKKGSVSFVIDCSKPVEDKIMEIASLEKFLQERIKVAGGKAGNLGDSVTVTRDKTKVTVTSDGAFSKRYLKYLTKKYLKKHNVRDWLRVIAANKDRNVYELRYFNIAENEGEEED
420245,XP_001569084.1,NCBI,eL22,putative 60S ribosomal protein L22,MVAVRAKVGSRSYVRQKQLVKGKKVFKIDCSIPAADGIFSEDVLGNFEQFFHDNTKLNGRKGKLSDKVRLSMNDNVLTITTTMAYRKKYFKYLTKKFLKKKDLRDWIRILATGKGTYQLKYFNIQDQEE
5911,XP_001014258.3,NCBI,eL22,"60S ribosomal protein L22, putative",MSFRKKTKQVKKVNLGFKIDCSQPVEDKVILIGEFAEFLKSKIKVGGKLGNLGENITISNDDKKINVQSTIPFSKRYLKYLTKKYLKKQDLRNYLYVTSSDKNSYQLRYFNIQQDQAE
6239,NP_494932.1,NCBI,eL22,60S ribosomal protein L22,MVPKPHAKSAKKALRKKKVHLKFNVECKNPVEDGILRIEDLEAFLNEKIKVNGKTGHLAANNVKVEVAKSKVSVVSEVPFSKRYLKYLTKKYLKRNSLRDWLRVVAVNKNTYEVRYFHINDGEDAGSDHE
7160,ACN66331.1,NCBI,eL22,"60S ribosomal protein L22, partial",VDCPNIAEDNIMDVADFEKYLKERFKVNGKTGNLGNNVNFERQKMKVYVNSDVQFSKRYLKYLTKKYLKKNSLRDWIRVVSNDKDLYELRYFRISSNDDE
7227,NP_477134.1,NCBI,eL22,ribosomal protein L22 partial,KVSLRFTIDCTNIAEDSIMDVADFEKYIKARLKVNGKVNNLGNNVTFERSKLKLIVSSDVHFSKAYLKYLTKKYLKKNSLRDWIRVVANEKDSYELRYFRISSNDD
7897,XP_005996654.1,NCBI,eL22,60S ribosomal protein L22 isoform X2,MAPAKRVQTRNKKRKQVLKFTLDCTHPVEDGIMDAANFEQFLQERIKVNGKTGNLGGAVTIERSKSKITVTAEVPLSKRYLKYLTKKYLKKNNLRDWLRVVANSKESYELRYFQINQDEEEEEDED
7955,NP_001032766.1,NCBI,eL22,60S ribosomal protein L22,MAPIKKQVTKGGKKKKQVLKFTLDCTHPVEDGIMDAANFEQFLQERIKVNGKAGNLGGGVVSIERSKSKITVTSEVPFSKRYLKYLTKKYLKKNNLRDWLRVVANTKESYELRYFQINQDEEEEDED
8355,NP_001081541.1,NCBI,eL22,60S ribosomal protein L22,MAPVKKTVTKGSKKKKQLLKFTLDCTHPVEDGIMDAANFEQFLHDRIKVNGKVGNLGGGVVSIERSKSKITVSSEVPFSKRYLKYLTKKYLKKNNLRDWLRVVANSKESYELRYFQINQDEEEEEDED
9031,NP_989472.1,NCBI,eL22,60S ribosomal protein L22,MAPVKKPAAKGGKKKKQVLKFTLDCTHPVEDGIMDAANFEQFLQERIKVNGKAGNLGGGVVTIERSKSKITVTSEVPFSKRYLKYLTKKYLKKNNLRDWLRVVANSKESYELRYFQINQDEEEEEEED
9598,H2PXW3,UNI,eL22,Ribosomal protein L22,MAPVKKLVVKGGKKKKQVLKFTLDCTHPVEDGIMDAANFEQFLQERIKVNGKAGNLGGGVVTIERSKSKITVTSEVPFSKRYLKYLTKKYLKKNNLRDWLRVVANSKESYELRYFQINQDEEEEEDED
9606,NP_000974.1,NCBI,eL22,60S ribosomal protein L22,MAPVKKLVVKGGKKKKQVLKFTLDCTHPVEDGIMDAANFEQFLQERIKVNGKAGNLGGGVVTIERSKSKITVTSEVPFSKRYLKYLTKKYLKKNNLRDWLRVVANSKESYELRYFQINQDEEEEEDED
10090,AAH62880.1,NCBI,eL06,Ribosomal protein L6,MAGEKAPDTKEKKPAAKKAGSDAAASRPRAAKVAKKVHPKGKKPKKAKPHCSRNPVLVRGIGRYSRSAMYSRKAFYKRKYSAAKTKVEKKKKKEKVLATVTKTVGGDKNGGTRVVKLRKMPRYYPTEDVPRKLLSHGKKPFSQHVRRLRSSITPGTVLIILTGRHRGKRVVFLKQLDSGLLLVTGPLVINRVPLRRTHQKFVIATSTKVDISDVKIPKHLTDAYFKKKQLRKPRHQEGEIFDTEKEKYEITEQRKADQKAVDLQILPKIKAVPQLQGYLRSQFSLTNGMYPHKLVF
10116,CAA60588.1,NCBI,eL06,ribosomal protein L6,MAGEKAEKPDKKEQKPAAKKAGGDATAPRAGAWCVKKSSSKAKKLRKSKPHCSRNPVLVRGIGRYSRSAMYSRKALYKRKYSAAKTKVEKKKKKEKVLATVTKTVGGDKNGGTRVVKLRKMPRYYPTEDVPRKLLSHGKKPFSQHVRRLRSSITPGTVLIILTGRHRGKRVVFLKQLGSGLLLVTGPLALNRVPLRRTHQKFVIATSTKVDISKVKIPKHLTDAYFKKKPLRKPRHQEGEIFDTEKEKYEITEQRKADQKAVDSQILPKIKAVPQLQGYLRSQFSLTNGMYPHKLVF
13616,XP_007490088.1,NCBI,eL06,60S ribosomal protein L6 isoform X1,MFPQHWEPPADLAALEPLLIFCLRVDTKKMADKNTQKDQKEKKVKKERKERKNKKEDVAEKVVKKPRKHCSRNPVLARGIGRYSRSAMYSRRAMYKRKYAAPKTRIERKKKEKVPATISKPVGGDKNGGNRVIKIRKMPRYYPTEDVPRKLLSHGKKPFSQHVRRLRSSITPGTVLIMLTGRHRGKRVVFLKQLASGLLLVTGPLTINRVPLRRTHQKFVIATSTKVNLSGVKIPNHLTDAYFKKKRLRKPKHQEGEIFDTEKEKYEITEQRKADQKAVDSQILPKIKKIPQLRGYLRSVFSLSNGVFPHKLVF
280699,XP_005538035.1,NCBI,eL06,60S ribosomal protein L6,MSVFTKGSSERAERDAALQAAIKEQAAIISGTGNVIELKPSERAPKRKPSFYPVDARVRRLHTSAKKRSQKQRTRLRNSIQPGTVLIMLAGRFRGKRVVFLRQLEHSGLLLVTGPFALNGVPLRRVNQVYVIATKTRVDISGIDTSSVDDTWFTKGARKAREERKKARLRGADGSGGESTVKQCLPEEKKNLQKQIDGQVMKAVEGIPLLREYLSSRFTLTKGQYPHRMTF
284591,XP_504484.1,NCBI,eL06,60S ribosomal protein L6,MSKQIGGAKNGGSRTVPTEKAPKWYVAEPTHVKIPTVQNKSKLRPSLVPGAVLILLAGRFRGKRVVLLKSLEDGTLLVTGPFKVNGVPLRRVNARYVIATSTKVDVSGVKADKFTPAYFARSSADKKAEKQFFAEGKQKELKAERVADQKDVDAALIAEIKKTPLLKQYLASQFSLKSGDKPHLLKF
284812,P79071.2,UNI,eL06,60S ribosomal protein L6,MSTVKVNGAKNGGERMVLPAGEAAAKYYPAYRENVPKKARKAVRPTKLRASLAPGTVCILLAGRFRGKRVVVLSQLEDTLVVTGPYKVNGVPIRRVNHRYVIATSAPKIDVSGVSVEKFTKAYFAKQKRSGPVKKDEAFFAENAPKNALPAERIADQKAVDAKLLPAIKAIPNMKEYLAASFALSNGDRPHLMKF
352472,XP_629633.1,NCBI,eL06,60S ribosomal protein L6,MALDNKFVAKGLRLYSARSVANRTKTFVAKKNKVVAPKKVVAPVTPVEKTFGKGKRVIAAKASKFAPSIPAEIRSTAAKKVQQKVALRKSITPGTVLIILAGRFAGKRVVALKQLDSGLILITGPFKVNGVPLRRIDQRYVIATSTKIDVSSVKVAATINDAYFAAEKKSTTKSEGAFFSDEKKAEKKKIADSRVADQKSVDSAILAVLKKEKFLTVYLKTKFYLKKGEFPHQLKF
353151,XP_667924.1,NCBI,eL06,60S ribosomal protein L6,MTEKIQLYKPRDRVKVTLRRKYSSRRKASVVAPKLRSSLQPGVVCILLAGPYKGKRVVMLKALPSGLVVVTGPYALNGVPVRRVNPAYIIATSTKVDVSKADVSKFTDEYFKVDRSKLKKSKDAFMDQGEETKVNRVVSEERKKTQQALDASIIPSIQSNPLMMSYLKTRFTLTSGMFPHKLKF
36329,XP_001350109.1,NCBI,eL06,"60S ribosomal protein L6, putative",MTNTSNELKHYNVKGKKKVLVPVNAKKTINKKYFGRKVASKKKYVVQRKLRKSIEVGKVAIILTGKHMGKRCIITKILNSGLLAVVGPYEINGVPLKRVDSRYLVVTSTNIFNFENIAKLKDDFLNYAQDIDDDSFIKTLEIKKKQKKLLKNKNEALFMNNVIDKIKEIRKEDPKVQKLEGIQKDIGSLLKPEILKNKVFAHYLKSKFTLRNDMVLHKMKF
3702,NP_177545.1,NCBI,eL06,Ribosomal protein L6 family protein,MPAKQRTPKVNRNPDLIRGVGKYSRSQMYHKRGLWAIKAKNGGVFPRHDAKSKVDAPVEKPPKFYPAEDVKKPLPNRRTAKPTKLRASITPGTVLIILAGRFKGKRVVFLKQLASGLLLVTGPFKINGVPLRRVNQAYVIGTSTKVDISGVTLDKFDDKYFGKVAEKKKKKTEGEFFEAEKEEKKEIPQVKKDDQKAVDAALIKAIEAVPELKTYLGARFSLKQGMKPHELVF
39947,XP_015627578.1,NCBI,eL06,60S ribosomal protein L6-3,MAPTSKLSQGIKRASRSHTYHRRGLWAIKAKNGGTFPKAGKPAAAAEPKFYPADDVKPRAPSTRKANPTKLRSTITPGTVLILLAGRYMGKRVVFLKQLKSGLLLITGPFKINGVPIRRVNQAYVIATSTKVDISGVKVDKFDDKYFARDKKAKAKKTEGELFETEKEATKNLPDFKKDDQKAVDAELIKAIEVVPDLKSYLGARFSLRDGDKPHEMTF
420245,A0A3P3ZFF8,UNI,eL06,60S_ribosomal_protein_L6,MAATKCAAKRKVAKKVSRKSPEYTTLRKSCAPGAIAIILAGRFRGRRAVILKQLPHNGPLVVSGPMKYSGVPIRRIDSRYVIATSTKVDISSVDTSSITPEVFLRPKAEKPTKCEGDFMGDKQKAKAEKAAKKTSKAEKKTVVSDARAQLQKKIDAALVAAIKKDAQGKEKAGYLRSVFTVKPGDAPHRWNW
55529,XP_005825650.1,NCBI,eL06,large subunit ribosomal protein L6e,MPPKRSVSRAKKIKNVALKRVKIGKKAHAPSAPVGRSASYHRSGKWAVKAKNGGKFPVHPKQKKEEEKKTACRYYPAEDIPQPLRRRNVNKAAKLKANYAPGTILILLSGRFRGRRVVFLKQLEKSGLLLVTGPYKYNGVPLRRVNQAYCIATSASVSLDGVNLDKFNDQYFEKVKTAKPKNADGFFATDDAKKELSPERKADQKTVDTPIIAAMKKTEFLKPYVSSRFTLSKGQAPHTMVF
559292,C5DFP1,UNI,eL06,60S ribosomal protein L6,MSAQKVPKWYPAEDVPVAKQSRKALRPQKLRASLVPGTVLILLAGRFRGKRVVYLKHLEDNTLLVSGPFKVNGVPLRRVNARYVIATSTKIALEGVDVEKYNVAYFAREKVTRKQKAEAGFFGEQAKKEIQSERVEDQKVVDKALLAQIKKTPLLKQYLASSFSLKSGDKPHLLKF
5911,XP_001019693.2,NCBI,eL06,60S ribosomal protein L6,MARGPAGKNRGVSKISKWYKADDEATPFHRRQLKKATATKLRNDIAPGTVLILLAGRFRGKRVVFLKQLKSGLLLVTGPYKVNGVPLKRVNQAYTLSTSTKVDLTGVNTAKFEDDYFGREKARKNHKNLFKAELTEEQKKKETERKNARKQDQQAVDTPLLAAVKKVEFLKNYLASKFTLNNNDRPHEMKF
6239,XP_002641923.1,NCBI,eL06,60S ribosomal protein L6,MVGKRNLPVISRNFDLSPGVLRFSASRLRLKKGEKKPKFTVTKNAKLPRLQRDGTKFALGHAKTVPLRKALTPGTVLIVLAGRHKGKRVVFLKQLPQSGLLLVTGPHKINGFPLRRIGQSFVIATSLKVNVSGVKIPDHINDEYFKRKSTSQKTGKNIFASGKAEYTVSEQRKKDIKTVDAPILAAIKKHPEHKFLFGYLGTRFSLGKNQYPHKMQF
6238,NP_498584.1,NCBI,eL06,60S ribosomal protein L6,MVGKRNLPVISRNFDLSPGVLRFSASRLRLKKGEKKPKFTKDTSAKLPKLQRNGTKFALGHSKTVTLRKTLTPGTVLIVLAGRHKGKRVVFLKQLPQSGLLLVTGPHKINGFPLRRIGQAFVIATSLKVNVSGVKIPEHINDEYFKRKSTAQKTGKNIFASGKTEYTVSEQRKKDIKTVDAPILAAIKKHPEHKFLFGYLGTRFSLGKNQYPHKMQF
7160,A0A182G5L7,UNI,eL06,60S ribosomal protein L6,FVKQTARTLDCFLLYVEKYYLKIAITLKVEKTVKKSAGTKGKSLSDGVRRYLKRKQKVQKKLFSLKNVKRVKRAEKPKVAITVVKKIGGAKNGGERTVLLKKNKSYLPTKSIVRKRTGKKCFRNHKRNIRKTLKKGKVLILLAGRHKGKRVVLLKALKSGLLLVTGPFALNSCPMRRISQNYVIATKTRVNLKDFKVPKHINDTYFRRMPKKKNSRTAERDIFAEKVEKYVPSEQRKTDQKTVDEAVLKAIKKHKEGKVVQRYLKSMFSLRSNQFPHRMQF
7227,NP_651876.1,NCBI,eL06,"ribosomal protein L6, isoform B",MAPIEKAKKVAKSAKKGKKHPVNSYLKGGILRYSKAQMYKRRALYRLKDKKSPVVEKAKVPIKKVKKIGGPKNGGERTVFLKKSKASYPTKTFVKKRPSKANFSEHKRNTRRNLTPGTVLILLAGRHQGKRVVLLKVLASGLLLVTGPFALNSCPLRRVSQRYVIGTSSKVDLGAFKVPEHLNDAYFRRLKAKKDKKTGEADIFAAKKERFVPNEQRKKDQKEVDAALLKVIKAHPEGKFFAKYLQNMFALHSSQYPHRMRF
7897,XP_005996446.1,NCBI,eL06,60S ribosomal protein L6,MAEEKKKAKRHCSRNPVLVRGIGRYSRSAMYARKALYKRKYKAPETKIEKKLKEKAPATITKTVGGDKNGGTRVVKVRKMPRYYPTEDVPRKLLSHGKKPFSQHKRHLRPSIAPGTILILLTGRHRGKRVIFLKQLSSGLLLVTGPLALNRVPLRRAHQKFVIATSTRIDISGANIPKHLTDSYFKKKQLRRPKHQEGEIFDTEKEKYQVTEQRKEDQKAVDSQLLPIVKKVSQLQGYLRSTFFLSNGVYPHKLVF
7955,NP_001003844.2,NCBI,eL06,60S ribosomal protein L6,MAEGDKKKVARKHGSRNPELVRGIGRYSRSAMFARRAMYKRKTKAPVTKVEKKIKEKKVKQKSKNPTTAIKTVGGDKNGGTRVVKLRKMPRYYPTEDVRRKLRSHGIKAFSQHRRKLRKTITPGTVLIMLTGRHRGKRVVFLKQLDSGLLLVTGPLAINRVPLRRAHQKFCIATNTKVDISGMKIPRTLTDSYFKKKKLRKPKHQEGEIFDTEKEKYQLTEQRKADQKAVDSQLLPLIKKVPQLRGYLRSMFSLSNGVYPHKLVF
8355,XP_018092737.1,NCBI,eL06,ribosomal protein L6 S homeolog isoform X1 partial,MAGEQPVKKARKHHCSRNPVLARGIGKYSRSAMYARKALYKRKFKAPKTKIEKKKDIPKVTVTKTVGGDKNGGTRVVKLRKMPRYYPTEDVPRKLLSHGKKPFSQHKRKLRSSITPGTVLILLNGRHRGKRVVFLKQLPTGLLLVTGPLAINRIPLRRAHQKFVIATSTKVDISTVKIPKHLTDSYFKKKKLRKPKHQEGEIFDTEKEKYSVTQQRKADQKFVDSQLLPLIKKEPQLRGYLRSAFFLSNGMYPHKLVF
9031,NP_989483.1,NCBI,eL06,60S ribosomal protein L6,MAGEKKAGEKKAGEKKPAQKKVGEKKPADKKPVEKKAGQKKVREKIKKPKKYHASRNPVLARGIGKYSRSAMYARKALYKRKYTAPETKIEKKKKEKPRATIIKPVGGDKNGGSRVVKVRKMPRYYPTEDVPRKLLSHGKKPFSQHKRRLRASITPGTVLILLTGRHRGKRVVFLKQLGTGLLLVTGPLAVNRVPLRRAHQKFVIATSTKVDISGVKIPKHLTDAYFKKKKLRKPKHQEGEIFDTEKEKYEITEQRKTDQKAVDSQILARIKKVPQLRGYLRSTFSLSNGVYPHKLVF
9598,G2HJ36,UNI,eL06,60S ribosomal protein L6,MAGEKVEKPDTKEKKPEAKKVDAGGKVKKGNLKAKKPKKGKPHCSRNPVLVRGIGRYSRSAMYSRKAMYKRKYSAAKSKVEKKKKEKVLATVTKPVGGDKNGGTRVVKLRKMPRYYPTEDVPRKLLSHGKKPFSQHVRKLRASITPGTILIILTGRHRGKRVVFLKQLASGLLLVTGPLVLNRVPLRRTHQKFVIATSTKIDISNVKIPKHLTDAYFKKKKLRKPRHQEGEIFDTEKEKYEITEQRKIDQKAVDSQILPKIKAIPQLQGYLRSVFALTNGIYPHKLVF
9606,AAH20679.1,NCBI,eL06,Ribosomal protein L6,MAGEKVEKPDTKEKKPEAKKVDAGGKVKKGNLKAKKPKKGKPHCSRNPVLVRGIGRYSRSAMYSRKAMYKRKYSAAKSKVEKKKKEKVLATVTKPVGGDKNGGTRVVKLRKMPRYYPTEDVPRKLLSHGKKPFSQHVRKLRASITPGTILIILTGRHRGKRVVFLKQLASGLLLVTGPLVLNRVPLRRTHQKFVIATSTKIDISNVKIPKHLTDAYFKKKKLRKPRRQEGEIFDTEKEKYEITEQRKIDQKAVDSQILPKIKAIPQLQGYLRSVFALTNGIYPHKLVF
10090,P61358,UNI,eL27,60S ribosomal protein L27,MGKFMKPGKVVLVLAGRYSGRKAVIVKNIDDGTSDRPYSHALVAGIDRYPRKVTAAMGKKKIAKRSKIKSFVKVYNYNHLMPTRYSVDIPLDKTVVNKDVFRDPALKRKARREAKVKFEERYKTGKNKWFFQKLRF
10116,P61354,UNI,eL27,60S ribosomal protein L27,MGKFMKPGKVVLVLAGRYSGRKAVIVKNIDDGTSDRPYSHALVAGIDRYPRKVTAAMGKKKIAKRSKIKSFVKVYNYNHLMPTRYSVDIPLDKTVVNKDVFRDPALKRKARREAKVKFEERYKTGKNKWFFQKLRF
13616,XP_007482208.1,NCBI,eL27,60S ribosomal protein L27,MGKFMKPGKVVLVLAGRYSGRKAVIVKNIDDGTSDRPYSHALVAGIDRYPRKVTAAMGKKKIAKRSKIKSFVKVYNYNHLMPTRYSVDIPLDKTVVNKDVFRDPVLKRKARREAKVKFEERYKTGKNKWFFQKLRF
280699,XP_005536913.1,NCBI,eL27,60S ribosomal protein L27,MVKFIKPGKAVIVTSGRQAGHKAIIVRCYDEGGSTRKFNHALVVGVERYPLRVTREMSEKRIAKRCRIRPFVKFVNYVHMLPTRYNVDFYDELRQVLPETLGLGTADDPWTTLESRRSCRIAVKKILEQKYLTGKYRWFFTKLRF
284591,XP_500549.2,NCBI,eL27,60S ribosomal protein L27,MSNKFLKSGKVALVVRGRYAGKKVVIIKAHDEGTKAHPFPHALVAGVERYPLQVSADMDAKKIAKRTKVKPFIKVVNYNHMMPTRYTLDLGSNLKNVIGTETFAEPTLREDAKKTIKQAFEERHKSGKNKWFFTKLRF
296543,B8CDJ9,UNI,eL27,60S ribosomal protein L27,MAIVKSGKVVIILAGRHAGKKAVVIKNIEDGNDDKQFSHCLVAGIARGPRKVTRGMSKKKVEKRSRTMKPFVKYVNVRHVFPTRYQVDMDLKKAVDEADLLAADKKIEVKKALKKIFEDRYLNQKEVTSEKKAAGSSYFFQKLRF
352472,Q55BE6,UNI,eL27,60S ribosomal protein L27,MSSKFIKPGRLVILLNGKYAGRKAVVIKTFDDATASKSRPYGHCLVAGIDKYPRSIVRSMSRKTILKRTAIRSFVKVVNYNHIMPTRYNFEGRDESAFTGLKNTVTVESSQVAKRAHTRLAVKKIFEAKHKAGKSKWFFSKLRF
353151,XP_668011.1,NCBI,eL27,ribosomal protein L27,MAKLMRQGRVVVLLNGRYAGKKAVVVNTFESGTKDRPFPFVLVAGVEKAPLKVHKRLSKEKLKKKSTIKPFLKSINMNHVMPTRYVVSDFDIKPLLQGIDMQEADGKKQALRALHLAFNDKLINIQSEKGKAPKDLIFLRKPLRF
36329,XP_001348753.2,NCBI,eL27,60S ribosomal protein L27,MGKLLKPGKVIIILNGRRAGKKAVIVNTYEGQTRERPYSYCLVAGIEKHPLKVNKSMTKKKIVKRSKVKAFIKCINVNHILPTRYQVANDFDIKSLASDDVLKSKNKKKEVKKLGKIFRDKFLEPVNKKTGEVSKDISFLHKKLYF
3702,NP_188862.1,NCBI,eL27,Ribosomal L27e protein,MVKFLKQNKAVILLQGRYAGKKAVIIKSFDDGTSDRRYGHCLVAGLKKYPSKVIRKDSAKKTAKKSRVKCFIKLVNYQHLMPTRYTLDVDLKEVATLDALKSKDKKVTALKEAKAKLEERFKTGKNRWFFTKLRF
39947,XP_015627615.1,NCBI,eL27,60S ribosomal protein L27-3,MVKFLKPGKAVILLQGRYAGRKAVIVRVFEEGTRDRPYGHCLVAGLAKYPKKVIRKDSAKKTAKKSRVKCFLKLVNFTHIMPTRYTLDVDFKDVASGGPDALATRDKKVAACKAAKARLEERFKTGKNRWFFTKLRF
420245,XP_001567647.1,NCBI,eL27,putative ribosomal protein L27,MTKFLKPGKVVIVTAGRYAGHKAVIVQNSDAATKERPYGRALIAGIKKHPKKVVRGMSKQTIARRSQVGVFLRVVNHKHFLPTRYNVDMSKELRGKINVSDASKRSRSKKLVRRVFQARYNAGSSAWFFQRLRF
55529,XP_005836830.1,NCBI,eL27,large subunit ribosomal protein L27e,MVKFLKQGKVVIVLNGRMAGKKGIIVKTFDDGTDGRKYGHAIVAGIDRAPLKVKKSMSEKKVQKRSRVKPFLKLVNFNHLMPTRYSVDVDFKPMGISPEVVTNPSKREEARKAIKQAFQERYTQGKNRWFFSKLRF
5911,XP_001026252.2,NCBI,eL27,60S ribosomal protein L27,MAKFLKYGRVVILLQGRFAGKKAVIVKSSEDGTKDRKFGHVLVAGVERSPKKVTKRMGSKKIQKRTSVKPFIKYVNLNHIMPTRYSVKELCDFKELVKEDKIKNNAKSEVRDTLKKVFVEKYRTINPEEKSASHTKFFFSKLRF
6238,XP_002638971.1,NCBI,eL27,60S ribosomal protein L27,MGKIMKPGKVVLVLRGKYAGRKAVVVKQQDEGVSDRTYPHAIIAGIDRYPLKVTKDMGKKKIEKRNKLKPFLKVVSYTHLLPTRYSVDVAFDKANINKEALKAPTKKRKALVEVKSKFEERYKTGKNKWFFTKLRF
6239,NP_001367687.1,NCBI,eL27,60S ribosomal protein L27,MGKIMKPGKVVLVLRGKYAGRKAVVVKQQDEGVSDRTYPHAIIAGIDRYPLKVTKDMGKKKIEKRNKLKPFLKVVSYTHLLPTRYSVDVAFDKTNINKEALKAPSKKRKALVEVKSKFEERYKTGKNKWFFTKLRF
7160,XP_029720925.1,NCBI,eL27,60S ribosomal protein L27,MGKIMKTGKVVLVLGGRYAGRKAIILKTFDDGTSDKQFGHALVAGIDRYPRRVTRRMNKTRLHKRSKIKPFIKMLNYNHLMPTRYSVPDVSLDNKYSAKDLKDPVKRKKARFQVRVKFEDRHKSGKNKWFFQKLRF
7227,NP_001262966.1,NCBI,eL27,"ribosomal protein L27, isoform B",MRKIMKQGKIVIVLSGRYAGRKAIIVKTHDDGTPEKPFGHALVAGIDRYPRKVTKKMGKNKLKKKSKVKPFLKSLNYNHLMPTRYTAHDISFEKLSPKDLKDPVKRKTHRFQTRVKFESVYKEGKNKWFFQKLRF
7897,XP_006006020.1,NCBI,eL27,60S ribosomal protein L27,MGKFMKPGKVVLVLAGRYAGRKAVIVKNIDDGTSDRQYSHALVAGIDRYPRKVTAKMGKKKVAKRSKIKSFVKVYNYNHLMPTRYSVDIPLDKTVVNKDIFRDPALKRKARREAKVKFEERYKTGKNKWFFQKLRF
7955,NP_956018.1,NCBI,eL27,60S ribosomal protein L27,MGKFMKPGKVVMVLAGRYAGRKAVIVKNIDDGTADRPYSHALVAGIDRYPRKVTATMGKKKIAKRSKIKAFVKVFNYNHLMPTRYSVDIPLDKTVVNKDVFRDPALKRKARREAKVKFEERYKTGKNKWFFQKLRF
8355,NP_001080423.1,NCBI,eL27,ribosomal protein L27 S homeolog,MGKFMKPGKVVLVLAGRYAGRKAVIVKNVDDGTSDRQYSHALVAGIDRYPRKVTATMGKKRIAKRSKIKSFVKVYNYNHLMPTRYSVDIPLDKAVVNKDVFRDPALKRKARREAKVKFEERYKTGKNKWFFQKLRF
9031,P61355,UNI,eL27,60S ribosomal protein L27,MGKFMKPGKVVLVLAGRYSGRKAVIVKNIDDGTSDRPYSHALVAGIDRYPRKVTAAMGKKKIAKRSKIKSFVKVYNYNHLMPTRYSVDIPLDKTVVNKDVFRDPALKRKARREAKVKFEERYKTGKNKWFFQKLRF
9606,NP_000979.1,NCBI,eL27,60S ribosomal protein L27,MGKFMKPGKVVLVLAGRYSGRKAVIVKNIDDGTSDRPYSHALVAGIDRYPRKVTAAMGKKKIAKRSKIKSFVKVYNYNHLMPTRYSVDIPLDKTVVNKDVFRDPALKRKARREAKVKFEERYKTGKNKWFFQKLRF
10090,NP_033107.1,NCBI,eL28,60S ribosomal protein L28,MSAHLQWMVVRNCSSFLIKRNKQTYSTEPNNLKARNSFRYNGLIHRKTVGVEPAADGKGVVVVMKRRSGQRKPATSYVRTTINKNARATLSSIRHMIRKNKYRPDLRMAAIRRASAILRSQKPVVVKRKRTRPTKSS
10116,P17702.4,UNI,eL28,60S ribosomal protein L28,MSAHLQWMVVRNCSSFLIKRNKQTYSTEPNNLKARNSFRYNGLIHRKTVGVEAWPDGKGVVVVMKRRSGQRKPATSYVRTTINKNARATLSSIRHMIRKNKYRPDLRMAAIRRASAILRSQKPVVVKRKRTRPTKSS
13616,XP_001362998.1,NCBI,eL28,60S ribosomal protein L28,MSAHLQWMVLRNCSSFLIKRNKQTYSTEPNNLKARNSFRYNGLIHRKTVGIEPAADGKGIVVVLKRRAGQRKPATSYVRTTINKNARATLNSVRHIIRKNKYRKDLRMAALRRASAILRSQKPVVVKKKRTRPPKST
284591,XP_503934.2,NCBI,eL28,YALI0E14212p,MTNVSNDFIWECTKSTNAYLVKRKGIDTTLSRDPYALNNLSTHYESGLSHDKAVGVHYCKPSGKICVITKVVKNANKPAKSRHIVEFKPTKSSRAIAKAVSKTVQGYKDEQIYDAIVRASAIKRAATVSKKQFAARNRA
353151,XP_664973.1,NCBI,eL28,60S ribosomal protein L28,MLSTELLWQCVKKNTSFIKKSNGFTFTSEPFNIMNLNTLKYSGLAARRSISMDLVPNSNGKLVKNAKITKKNTGSSTIRCPKKLISKVNLSNDFKQAKKTIKNQISSRPDLKNVAIIRYRKIQKAKC
36329,XP_001348106.1,NCBI,eL28,60S ribosomal protein L28,MSNVSNALVWELTRKSNCFIKKNKAGKKGVFLCDPLNVNYKNTPSSSGLVKSNSTNVTLKDGKVVFSVKTSKESNVVNQHFKAKNMKNVEKLLQQHGSFEKAKNKEKLLKKYKRLSKLYETSHKKTN
3702,NP_001031374.1,NCBI,eL28,Ribosomal L28e protein family,MATVPGQLIWEIVKNNNCFLVKQFGRGNSKVQFSKETNNLTNVHSYKHSGLANKKTVTIQAADKDQAVVLATTKTKKQNKPKLSVNKSILKKEFPRMSKAVANQVVDNYYRPDLKKAALARLSAISKGLRVAKSGAKQRNRQA
39947,XP_015639693.1,NCBI,eL28,60S ribosomal protein L28-1,MATVPEPLIWEIVKKNNCFLVKQFGNSNAKVQFTKEPNNLYNVHSYKHSGLANKKTVTIQPSGVKDAAVVLSTTKTKKQNAPAKLYHKSVMRKEFRKMAKAVKNQVSDNYYRPDLTKPALARLSSVYRSLQVSKSGAKKKNRQPTKL
420245,XP_001563022.1,NCBI,eL28,putative 60S ribosomal protein L28,MSHSADLQWILVRQSSRFLQKRGGIRMSNDPFNNNGSWTKRQSGFLNGKAAVVKPAKAGMICVTVKDGSNNNKPRLAYKKVVQAAGVKASDVSRAVAAVRPDLASVAFRRARRMARIASRTTKVAAARKARSEKIRFSRKCVRAKRN
5911,P0DJ20.1,UNI,eL28,60S ribosomal protein L28,MSQLVWEIVKNNNAFLVKNNGVAFTTDPFSVTGRNTQVGLGFTHRHGVALKGGAKQAIATSLRKNQSHKVKKTGTIEAETLTVKGGVQRVAKVIRGRFQSKGLKQFALKKLVNFHRANVRAQANLKAESKAKKN
6239,NP_001369954.1,NCBI,eL28,60S ribosomal protein L28,MSDALVWQVIRNNSAFLRTQRGIGKRFSTEKFNLKKVNSPKYSGLANKHAIDVSAAAKGVVVSTKNEKGRPAKAVTTSTLSKTPVASVRRLAKNAGFNKFNKLAQRRAAAIVRSQVKKAKVQKTDA
7160,XP_029711979.1,NCBI,eL28,60S ribosomal protein L28-like,MADTSSHLSWLIIRDHNAFLLKRRNIKKPFSTEANNLTNLSSFRYSGLVHKKSLGVVPADKGIQVVYKRPKYQTKPAKATVKVTLKHRPRRTLKKLKNIVNENRYRRDLRQAALRRASAILRSQRPASAKKGKAAAGAGAPAAAAAAAPKKAE
7227,NP_001163336.1,NCBI,eL28,"ribosomal protein L28, isoform E",MATSSHLNWLIIRNNNAFLLKKRDVKKPFSTEPNNLASVSSYRYSGIVHKKTLGVVPAADKKGFTAVLKKGKYAQRPAKNTVRVDFKAGPRRSLKKLKNLLIGSKYRKDLTQAALRRASAVLRSQKPAPVKGKKAEFAKGKKPE
7897,XP_014352094.1,NCBI,eL28,60S ribosomal protein L28,MSAHLQWMIIRNCSSFLIKRNKQTYSTEPNNLKARNSFRYNGLIHRKTVGVEPAADGKGVVVILKKRAGQHKPATSYEKITINKNARATLSSLRHIIRKNNYRKDLRMAAVRRASAILKSQKPVVVKKKRTRAAKTA
7955,XP_021322326.1,NCBI,eL28,60S ribosomal protein L28 isoform X1,MASPHLQWMVIRNSSSFLIKRNKQTYSTEPNNLKARNAFRFNGLIHRKTIGIEPAADGKGVVVVLKKRSGQRKPASSYGKITINKNSRATLASVRNIIRKNKYRRDLRMAALRRVSAILSSQKPVVVRKKRSRAPKSS
8355,XP_018079761.1,NCBI,eL28,ribosomal protein L28 S homeolog isoform X1,MVGLVCLKMSAHLQWMIVRNCSSFIVKRNHQVFSTEPNNLKARNSFRYNGLIHKKTVGVEPAADGKGVIVVMKKRAGQRKPATSYEKITINKNSRSTLSSVRHIIRKNNYRKDLRMAALRRASAILKSQKPVVVKKKRSRAAKTT
9598,XP_009434697.1,NCBI,eL28,60S ribosomal protein L28 isoform X1,MSAHLQWMVVRNCSSFLIKRNKQTYSTEPNNLKARNSFRYNGLIHRKTVGVEPAADGKGVVVVIKRRSGQRKPATSYVRTTINKNARATLSSIRHMIRKNKYRPDLRMVSWGLGIRLGETGQCCGEGPPTTGCNMGWRGMDSCFQPTPHTQHGPRGRLVECMG
9606,NP_001129606.1,NCBI,eL28,60S ribosomal protein L28 isoform 1,MSAHLQWMVVRNCSSFLIKRNKQTYSTEPNNLKARNSFRYNGLIHRKTVGVEPAADGKGVVVVIKRRSGQRKPATSYVRTTINKNARATLSSIRHMIRKNKYRPDLRMVSWGLGIRLGETGQCCGEGPPTTGCNMGWRGMDSCFQPTPHTQHWPRGRLVECMG
10090,EDK97112.1,NCBI,eL29,mCG123916,MAKSKNHTTHNQSRKWHRNGIKKPRSQRYESLKGVDPKFLRNMRFAKKHNKKGLEKMQASNAKAVSVHAEAIKALVKPQAIKPKMPKGPKLKRLAFIAHPKLGKRIRSYMAKGQRLCQPKPKVQTKAGAKAPAKAQASTPAQAPKGAQAPKGAQAPVKAP
10116,NP_058846.1,NCBI,eL29,60S ribosomal protein L29,MAKSKNHTTHNQSRKWHRNGIKKPRSQRYESLKGVDPKFLRNMRFAKKHNKKGLKKMQANNAKAVSARAEAIKALVKPQAVKPKMPKGSSRKLSRLAFIAHPKLGKKIRSYMAKGRRLCQPKPKVQTKAEAKAPAKAQAKAPAQAPKGAQAPVKAP
13616,XP_001380457.1,NCBI,eL29,60S ribosomal protein L29,MAKSKNHTTHNQSRKWHRNGIKKPRSQRYESLKGVDPKFLRNMRFAKKHNKKGLKKMQANNAKAIKARAEAIKALSTKASKAKLLRPKISKANARRAGHKMATKRPGPRVGIKRPGSKITKPDSKVARTTDPKNAKPTDPKAAKPTDPKAAKSAAPKVTKSDSKVAKSDPKAAKSGSKATKSDTKVTKATKSDTKVTKSDPKAAKAAKSDSKVTKPTDAKAAKPAESTDSKGAKPKDAGAKASSPKPSK
185431,Q383S6,UNI,eL29,60S ribosomal protein L29,MAKSKNHTNHNQSRKNHRNGIKPPLPLYMYNSKRGGWLPALVNTRRVRKNNQKAALKARRERLAAHQAAQK
280699,XP_005535562.1,NCBI,eL29,60S ribosomal protein L29,MAKSKNHTNHNQSRKAHRNGIKRPRSHRYASTKGMYQKFLRNQRFARKGSVLALKLARRQARRAAEQKMETV
284591,XP_505161.2,NCBI,eL29,60S ribosomal protein L29,MAKSKNHTNHNQIKKAHRNGIKRVKTHKYRSLKGVDAKFRRNHRYALAGNAKALAERRAEKA
284812,Q92366.3,UNI,eL29,60S ribosomal protein L29Full=L43,MAKSKNHTNHNQNKKAHRNGIKRPQKHRYDSLKYRDAKFRRNQKFANRGTVEAIRQAKASA
33169,Q75AP5,UNI,eL29,60S ribosomal protein L29,MAKSKNHTAHNQTKKAHRNGIKKPRTNKYPSLKGVDAKFKRNHKYALHGTAKALAAKRAAKN
352472,XP_640698.1,NCBI,eL29,S60 ribosomal protein L29,MAKSKNHSTHHKNRKDHRNGIKKAVVHKKTSSKGVELGFARNQRYARIGTEIKRYVRGDMQEVKAHKNPRQPLKTIVAAAKAKLAAKKAAAKK
36329,XP_002585472.1,NCBI,eL29,"60S ribosomal protein L29, putative",MAKSKNHTNHNQNRKAHKNGIKKPKKHKFMSRKGLDPNFFRNQKYCLKGIQKKKKELKLKAKQEKNN
3702,NP_001030650.1,NCBI,eL29,Ribosomal L29e protein family,MAKSKNHTAHNQSAKAHKNGIKKPRRHRHTPTRGMDPKFLRNQRYARKHNVKAGENASAEE
39947,XP_015621998.1,NCBI,eL29,60S ribosomal protein L29-1,MAKSKNHTAHNQSYKAHKNGIKKPKRHRQTSTKGMDPKFLRNQRYSRKHNKKSGEAESEE
420245,XP_001568981.1,NCBI,eL29,putative ribosomal protein L29,MAKSKNHTNHNQSSKNHRNGIKGPMPLHLCNSKRGGWLPALVNTRRVRKHNQKAALKRRRERIAAFAAKN
55529,XP_005823610.1,NCBI,eL29,"large subunit ribosomal protein L29e_1, cytoplasmic",MAKSKNHTNHNQNYKAHRNGIKRPKTGTKISTKGMDPKFIRNQKFAKKNNKATQKHTSQRVKGTVDHFGVKL
559292,NP_116690.3,NCBI,eL29,ribosomal 60S subunit protein L29,MAKSKNHTAHNQTRKAHRNGIKKPKTYKYPSLKGVDPKFRRNHKHALHGTAKALAAAKK
5911,XP_001027330.2,NCBI,eL29,60S ribosomal protein L29,MAKSKNSTNKNQISKSHRNGIKKPKDHRHISTKGVNPRFLRNRRRAIKNDPSIKKSKNLEKKVNKE
6239,NP_001255763.1,NCBI,eL29,60S ribosomal protein L29,MAKSKNHTNHNQNKKAHRNGITKPKKHIFLSMKGVDAKFIKNLRFSRKNNKRQINKSVESKA
7160,XP_019933513.2,NCBI,eL29,60S ribosomal protein L29,MAKSKNHTNHNQNQKAHKNGITKPKRQRHESTRGMCQKFLHNLRFSKKGNLSREESLKRAEERKAQFAGQPARSSCKLLPSRFRFG
7227,ACK77618.1,NCBI,eL29,"GM15778p, partial",MAKSKNHTNHNQNKKAHRNGIKRPLRKRHESTLGMDVKFLINQRYARKGNLSREESVKRYNERIASQKGKPKPVTL
7897,XP_014341091.1,NCBI,eL29,60S ribosomal protein L29-like,MAKSKNHTTHNQSRKWHRNGIKKPKRLRYESLLGVDPKFLRNMRFAKKHNKKGMKAQRKACKGQ
7955,NP_001003434.1,NCBI,eL29,60S ribosomal protein L29,MAKSKNHTTHNQSRKWHRNGIKKPRSQRYESLKGVDPKFLRNMRFAKKHNKKGAKTIARKEASK
8355,NP_001087310.1,NCBI,eL29,ribosomal protein L29 S homeolog,MAKSKNHTTHNQSRKWHRNGIKKPKSQRYESLKGVDPKFMRNMRFAKKHNKKGFKKMLANNAKNAASAPAPAPAK
9031,NP_001165148.1,NCBI,eL29,60S ribosomal protein L29,MAKSKNHTTHNQSRKWHRNGIKKPRSHRYESLKGVDPKFLRNMRFAKKHNKKGLKKMQANNAKQAALQKKD
9598,NP_001238868.2,NCBI,eL29,60S ribosomal protein L29,MAKSKNHTTHNQSRKWHRNGIKKPRSQRYESLKGVDPKFLRNMRFAKKHNKKGLKKMQANNAKAMSARAEAIKALVKPKEVKPKIPKGVSRKLDRLAYIAHPKLGKRARARIAKGLRLCRPKAKAKDQTKAQAAAPASVPAQAPKRTQAPTKASE
9606,CAA89008.1,NCBI,eL29,ribosomal protein L29,MAKSKNHTTHNQSRKWHRNGIKKPRSQRYESLKGVDPKFLRNMRFAKKHNKKGLKKMQANNAKAMSARAEAIKALVKPKEVKPKIPKGVSRKLDRLAYIAHPKLGKRARARIAKGLRLCAPKAKAKAKAKDQTKAQAAAPASVPAQAPKRTQAPTKASE
10090,Q6ZWZ4,UNI,eL36,60S ribosomal protein L36,MALRYPMAVGLNKGHKVTKNVSKPRHSRRRGRLTKHTKFVRDMIREVCAFAPYERRAMELLKVSKDKRALKFIKKRVGTHIRAKRKREELSNVLAAMRKAAAKKD
10116,NP_071949.1,NCBI,eL36,60S ribosomal protein L36,MALRYPMAVGLNKGHKVTKNVSKPRHSRRRGRLTKHTKFVRDMIREVCGFAPYERRAMELLKVSKDKRALKFIKKRVGTHIRAKRKREELSNVLAAMRKAAAKKD
13616,XP_001365845.1,NCBI,eL36,60S ribosomal protein L36,MAIRYPMAVGLNKGHKVTKNVSKPRHCRRRGRLTKHTKFVRDMIREVCGFAPYERRAMELLKVSKDKRALKFIKKRVGTHIRAKRKREELSNVLAAMRKAAAKKD
185431,Q38C82,UNI,eL36,"Ribosomal proteins L36, putative",MAATKKEAPAPRTGIIAGFNKGHKTTRRARRPSSNDRYALPHKKLRAVKAIISDLVGFSPMERRVQELLRVGKDKRALKFCKKRLGSIKAAKKRRAKVEEALRQQTKKK
280699,XP_005536754.1,NCBI,eL36,60S ribosomal protein L36,MSLVSEGVAVGKQKGHQVTKRVLPVRPAQRKGQLSKRTQFVRALIREVVGFAPYERRIMELLRIGKDKRALKFAKRRLGTQTRAKRKISELADALRRR
284591,XP_002143088.1,NCBI,eL36,60S ribosomal protein L36,MATKSGIAIGPNKGHKVTARTPATRVSRRKGALSKRSAFVRDLVKEVTGQAPYERRIIELLRNSSDKRARKLAKKKLGTFGRAKAKVEDMNNVITASRHA
36329,XP_001347779.2,NCBI,eL36,60S ribosomal protein L36,MGRKSTIKPATGIAVGFNSGHVVTKRNLKLHKKKKPFSKRKELIKDVVREITGFSPYEKRIIELIKIGTSASTKRSLKYAKKKLGTHKRGKAKREEIQKVVILQRRKAAEKH
3702,NP_001078017.1,NCBI,eL36,Ribosomal protein L36e family protein,MTTPAVKTGLFVGLNKGHVVTRRELAPRPNSRKGKTSKRTIFIRKLIREVAGMAPYEKRITELLKVGKDKRALKVAKRKLGTHKRAKRKREEMSSVLRKMRSLGGAAAAEKKM
33169,Q755I6,UNI,eL36,60S ribosomal protein L36,MAVKSGIAVGLNKGKKVTPMTPAPKVSYRKGASSKRTTFVRSIVREVAGMAPYERRLIDLIRNAGEKRARKVAKKRLGTFGRAKAKVEEMNEIIAASRRH
39947,XP_015640666.1,NCBI,eL36,60S ribosomal protein L36-3,MAPSQPKSGLFVGINKGHVVTKRELPPRPSDRKGKSTKRVTFVRNLIREVAGFAPYEKRITELLKVGKDKRALKVAKRKLGTHKRAKKKREEMAGVLRKMRSGGGHAHTEKKK
420245,XP_001564787.1,NCBI,eL36,putative 60S Ribosomal protein L36,MSAPTPRTGIVAGFNKGHVTTRRPRQPSPNDRFSVPHKRLRAVKAIIADLVGLSPLEKRVQEFLRVGKEKRALKYCKKRLGDFTAAKKKRSKMEEALRHATKKHH
55529,XP_005821560.1,NCBI,eL36,"large subunit ribosomal protein L36e, cytoplasmic",MPGEGSGLAVGLRKGFLVEKRTLAVRPSRKKGRSTKKVKLVRDVIREIAGVSPLERRGMELLKNGRDKRVLKLCKKRLGTHKRAKAKREQCHSMLRAAQRKAAK
5911,Q24F59.1,UNI,eL36,60S ribosomal protein L36,MAKGQAVGINKGFITTQLEKKLQKHSAVQRKGKLGKRVALVRQVIREVTGFAPYEKRIIELIKAGSAKDSKKATKIARKRLGTHRRAKVKKALLEEAVRAQRKK
6238,XP_002634549.1,NCBI,eL36,C. briggsae CBR-RPL-36 protein,MSGPGIEGLAVGLNKGHAATQLPVKQRQNRHKGVASKKTKIVRELVREITGFAPYERRVLEMLRISKDKRALKFLKRRIGTHRRAKAKREELQNVIIAQRKAHK
6239,NP_498573.2,NCBI,eL36,60S ribosomal protein L36,MSGPGIEGLAVGLNKGHAATQLPVKQRQNRHKGVASKKTKIVRELVREITGFAPYERRVLEMLRISKDKRALKFLKRRIGTHRRAKGKREELQNVIIAQRKAHK
7160,XP_019528896.1,NCBI,eL36,60S ribosomal protein L36-like,MAPRYEICVGLNKGHKTTKLRQLQYRGDRKVKGIRPSRTKGIQTKHTKFVRDLVREVVGHAPYEKRGMELLKVSKDKRALKFLKRRLGTHIRAKRKREELSNILAHMRKAAHK
7227,NP_001284750.1,NCBI,eL36,"ribosomal protein L36, isoform E",MAVRYELAIGLNKGHKTSKIRNVKYTGDKKVKGLRGSRLKNIQTRHTKFMRDLVREVVGHAPYEKRTMELLKVSKDKRALKFLKRRLGTHIRAKRKREELSNILTQLRKAQTHAK
7897,XP_005989906.1,NCBI,eL36,60S ribosomal protein L36,MAVRYPMAIGLNKGHVVTKNVSKPRQCRRRGRLTKHTKFVRDMIREVCGFAPYERRAMELLKVSKDKRALKFIKKRVGTHIRAKRKREELSNILAAMRKAAAKKD
7955,NP_998117.1,NCBI,eL36,60S ribosomal protein L36,MVVRYPMAVGLNKGHKVTKNVSKPKHSRRRGRLTKHAKFARDLIREVCGFAPYERRAMELLKVSKDKRALKFIKKRVGTHIRAKRKREELSNTLAAMRKAAAKKE
8355,NP_001087323.1,NCBI,eL36,60S ribosomal protein L36,MAIRYPMAVGLNKGHRVTKNVTKPRHCRRRGRLTKHTKFVRDMIREVCGFAPYERRAMELLKVSKDKRALKFIKKRIGTHIRAKRKREELSNVLAAMRKAAAKKD
9031,NP_989471.1,NCBI,eL36,60S ribosomal protein L36,MAIRYPMAVGLNKGYKVTKNVSKPRHCRRRGRLTKHTKFVRDMIREVCGFAPYERRAMELLKVSKDKRALKFIKKRVGTHIRAKRKREELSNVLAAMRKAAAKKD
9598,NP_001239443.1,NCBI,eL36,60S ribosomal protein L36,MALRYPMAVGLNKGHKVTKNVSKPRHSRRRGRLTKHTKFVRDMIREVCGFAPYERRAMELLKVSKDKRALKFIKKRVGTHIRAKRKREELSNVLAAMRKAAAKKD
9606,AAD27776.1,NCBI,eL36,60S ribosomal protein L36,MALRYPMAVGLNKGHKVTKNVSKPRHSRHRGRLTKHTKFVRDMIREVCGFAPYERRAMELLKVSKDKRALKFIKKRVGTHIRAKRKREELSNVLAAMRKAAAKKD
10090,EDL31366.1,NCBI,eS07,mCG116065,MFSSSAKIGKPNGEKPDEFESGISQALLELEMNSDLKAQLRELNITAAKEIEVGGGRKAIIIFVPVPQLKSFQKIQVRLVRELEKKFSGKHVVFIAQRRILPKPTRKSRTKNKQKRPRSRTLTAVHDAILEDLVFPSEIVGKRIRVKLDGSRLIKVHLDKAQQNNVEHKVETFSGVYKKLTGKDVNFEFPEFQL
10116,P62083,UNI,eS07,40S ribosomal protein S7,MFSSSAKIVKPNGEKPDEFESGISQALLELEMNSDLKAQLRELNITAAKEIEVGGGRKAIIIFVPVPQLKSFQKIQVRLVRELEKKFSGKHVVFIAQRRILPKPTRKSRTKNKQKRPRSRTLTAVHDAILEDLVFPSEIVGKRIRVKLDGSRLIKVHLDKAQQNNVEHKVETFSGVYKKLTGKDVNFEFPEFQL
13616,F7FKL8,UNI,eS07,40S ribosomal protein S7,MFSSSAKIVKPNGEKPDEFESGISQALLELEMNSDLKAQLRELNITAAKEIEVGGGRKAIIIFVPVPQLKSFQKIQVRLVRELEKKFSGKHVVFIAQRRILPKPTRKSRTKNKQKRPRSRTLTAVHDAILEDLVFPSEIVGKRIRVKLDGSRLIKVHLDKAQQNNVEHKVETFSGVYKKLTGKDVNFEFPEFQL
185431,XP_803693.1,NCBI,eS07,"ribosomal protein S7, putative",MSAQPHLRKLRKLKRANPSQEEEGVARVLFELEGSHKTLRAQLPRFHINTVRTSSSPRHKKTAMIILYPLRFIMLVRKIQRTLTAELEKRFPGNIVVLVAQRKITKRPNDVYKLQQVQRSRTSVAVFENILNDLIYPCDVVGRRWRYRTDGSKLMKVFLDARDRKRVESRLPLLAHVYKLLTHRTVTFGFMWNPKLQQVSSR
280699,XP_005535100.1,NCBI,eS07,40S ribosomal protein S7,METVPSDSGVIMRRIVKQTKERISPIEEQVAQAMYDLESGSAEWRADLRELVFHSAVEIDVGGGGRRAILLVVPYRLLSKYHRVHTRLVRELEKKFSGKQVVIIGKRRILPRERNGRRLLKQKRPHSRTLTAVHEAYLEDVVYPTDIVGKRILYRTDQTRLLRVHLDPNERNQVEHRIDTYAIVYKKLTGKDVVFEFPDV
284591,XP_499956.1,NCBI,eS07,40S ribosomal protein S7,MSAALKIIKQDPSELELQVAQAFVDLENSSPDFKSELRLFQFKSARELEVSAGKKALVIFVPVPALPAVHKIQQRLTRELEKKFSDRHVVFLAERRILPKAGRKALPSQPRPMSRTLTKVHEALLEDLVFPTEIIGKRVKYQVGGTRIQKVFLDSKDSTFIDNKLESFQSVYNKLTGKKVVFEIPANQGEVY
284812,Q10101.2,UNI,eS07,40S ribosomal protein S7,MSALNKIVKRSSSQPTETDLLVAQCLYDLESSSKDMAKELRPLQITSAREVEVGGGKKAIVVFVPQPLLKAFHKCQARLTRELEKKFADRHVIFIAQRRILPKPGRKSRVTQKRPRSRTLTAVHNAILEDIVFPTEIIGKRTRQATDGRKTIKVFLDNRDANTVDYKLGSFSSVYHKLTGKNVTFEFPVATGEGL
33169,NP_983328.1,NCBI,eS07,40S ribosomal protein S7,MSAPQAKILSQAPTELELQVAQAFIDLENSSPELKADLRPLQFKSIREIDVAGGKKALAIFVPVPSLAGYHKVQTKLTRELEKKFQDRHVIFLAERRILPKPSRRSRQTQKRPRSRTLTAVHDKILEDLVFPTEIVGKRVRYLVGGNKIQKVLLDSKDVQQVDYKLESFQAVYNKLTGKQIVFEIPSETH
36329,XP_001349755.1,NCBI,eS07,"40S ribosomal protein S7, putative",MDAVQKRVLKSNPSDLEKEIAQCLLDIELSSSSDIKTDAKEIKLLSCDLIEVEKLKKKTILIYIPYKIYTTYVRKIQRKLINELEKKTKKYVVLVAKRTILKGKQKNKSFKIIPRSRTLTSVYDSILEDIVSPSEIIGKRISMKADGKRVFKIMLDSKERQRDNIEEKLISFAAVYKKITRRDAVFSLPPTNEK
3702,NP_175314.1,NCBI,eS07,Ribosomal protein S7e family protein,MFSAQHKIHKEKGVELSELDEQVAQAFFDLENTNQELKSELKDLYVNSAVQVDISGGRKAIVVNVPYRLRKAYRKIHVRLVRELEKKFSGKDVILIATRRIVRPPKKGSAAKRPRNRTLTSVHEAILDDVVLPAEIVGKRTRYRLDGTKIMKVFLDPKERNNTEYKVEAFSAVYKKLTGKDVVFEFPITEA
39947,AAN04468.1,NCBI,eS07,ribosomal protein S7,MYTARRKIQKDKGLEPTEFEDTVAQAFFDLENGNQELKSDLKDLYINGAVQMDLPGNRKAVIIHVPYRLRKAYKKIHVRLVRELEKKFSGKDVVLVATRRIVRPPKKGSAVVRPRTRTLTAVHDGILEDVVYPAEIVGKRVRYHLDGRKIMKIFLDPKERNNTEYKLDTFSSVYRRLCGKDVVFDYPMTETA
420245,XP_001561488.1,NCBI,eS07,putative ribosomal protein S7,MQPYLRKLRKLKRSKPSSLEESVAKTLFELETSHKTLRQELPRFHINSAREVKVPRSKKTAMVVFYPLRFLMLVRKVQRALTSELEKRHPGYLVMLVAQRKITKRPNDVYKLQKVQRSKTSSAVFENILNDLIYPSDVVGRRWRYRTDGSKLMKVFLDARDRKRIESRLRAVAYVYKQLTHRRASFGFMWNPKLQQVSTQ
55529,XP_005825351.1,NCBI,eS07,"small subunit ribosomal protein S7e_1, cytoplasmic",MFTARKKIVKEGDAQPDSFEEQVAQAIFDLQVQTDMKSDLQDLFITSAKEVEVSNGRKAIIIHVPFRLLKSFHRIQQRLIRELEKKFSGKHVTVIAQRRILPREGRKNRTQKQKRPFSRTLTSVHECTLEDLVYPTEIVGKRTRVRMDGSKLLKVYLDPKDKNNVEHKLETFEKVYKKLTGRDAVFEFPVNSSE
559292,NP_014739.1,NCBI,eS07,ribosomal 40S subunit protein S7A,MSAPQAKILSQAPTELELQVAQAFVELENSSPELKAELRPLQFKSIREIDVAGGKKALAIFVPVPSLAGFHKVQTKLTRELEKKFQDRHVIFLAERRILPKPSRTSRQVQKRPRSRTLTAVHDKILEDLVFPTEIVGKRVRYLVGGNKIQKVLLDSKDVQQIDYKLESFQAVYNKLTGKQIVFEIPSETH
5911,XP_001032999.2,NCBI,eS07,40S ribosomal protein S7,MALAKFHKKQSLTKIEEQVGSALVELQNTHPDLKTSLESIILTQVKEFQINKTNKKAKSAVLIYVHFQSYRVLLSAARKLIIELEKKLKQIVFFTAQRKIESKWVKEHKSQQRPRSRCLTYVYDALLDDLLLPSTLIGKRIRARLDGTSFYRIQLDQNDRDFLEEKLDAITHIYKTVTTREVTFEFKEDKTFHTFKK
6238,A8XZW1,UNI,eS07,40S ribosomal protein S7,MPEIIGKLLKSDGKVVSEIEKQVSQALIDLETNDDVQSQLKELYIVGVKEVELGNKSAIIIYVPVPQLKAFHKIHPALVRELEKKFGGRDILILAKRRILPKPQRGSKARPQKQKRPRSRTLTAVHDAWLDELVYPAEVVGRRIRVKLDGKKVYKVHLDKSHQTNVGHKIGVFASVYRKLTGKDVTFEFPDPIF
6239,NP_492708.1,NCBI,eS07,40S ribosomal protein S7,MPEIIGKLLKSDGKVVSEIEKQVSQALIDLETNDDVQSQLKELYIVGVKEVELGNKSAIIIYVPVPQLKAFHKIHPALVRELEKKFGGRDILILAKRRILPKPQRGSKARPQKQKRPRSRTLTAVHDAWLDELVYPAEVVGRRIRVKLDGKKVYKVHLDKSHQTNVGHKIGVFASVYRKLTGKDVTFEFPDPIF
7160,XP_029731130.1,NCBI,eS07,40S ribosomal protein S7,MVFGSKVIKAGGAEPDAFEGQIGQAILELEMNSDLKPQLRDLYITRAREIEFNSKKAIVIYVPVPKQKAFQKVQTRLVRELEKKFSGKHVVFIGERRILPKPQRGRRDPNKQKRPRSRTLTAVYDAILEDLVFPAEVVGKRMRVKLDGSQLIKVHLDKNQQTTIEHKVDTFTSVYKKLTGRDVTFEFPEPYL
7227,NP_651782.1,NCBI,eS07,"ribosomal protein S7, isoform A",MAIGSKIIKPGGSDPDDFEKSIAQALVELEANSDLKPYLRDLHITRAREIEFGSKKAVIIYVPIPQQKVFQKIQIILVRELEKKFSGKHVVVIAERKILPKPTRKARNPLKQKRPRSRTLTAVYDAILEDLVFPAEIVGKRIRVKLDGSQLVKVHLDKNQQTTIEHKVDTFTSVYKKLTGRDVTFEFPDNYLNV
7897,XP_014350411.1,NCBI,eS07,40S ribosomal protein S7,MFSSSAKIMKPNGEKPDEFESGISQALLELEMNSDLKAQLRELNITAAKEIEVGGARKAIIIFVPVPQLKSFQKIQVRLVRELEKKFSGKHVVFIAQRRILPKPTRKCRTKNKQKRPRSRTLTAVHDAILEDLVFPSEIVGKRIRVKLDGSRLIKVHLDKAQQNNVEHKVETFSGVYKKLTGKDVVFEFPEFQL
7955,NP_957046.1,NCBI,eS07,40S ribosomal protein S7,MFSTSAKIVKPNGEKPDEFESGISQALLELEMNSDLKAQLRELHITAAKEIEVGGSRKAIIIFVPVPQLKSFQKIQVRLVRELEKKFSGKHVVFIAQRRILPKPTRKSRTKNKQKRPRSRTLTNVHDAILEDLVFPSEIVGKRIRVKLDSSRLIKVHLDKAQQNNVEHKVETFAGVYKKLTGKDVIFEFPEFQL
8355,NP_001081322.1,NCBI,eS07,40S ribosomal protein S7,MFSTSAKIVKPNGEKPDEFESGISQALLELEMNSDLKAQLRELNITAAKEIEVGAGRKAIIIFVPVPQLKSFQKIQVRLVRELEKKFSGKHVVFIAQRRILPKPTRKSRTKNKQKRPRSRTLTAVHDAILEDLVYPSEIVGRRIRVKLDGSRLIKVHLDKAQQNNVEHKVETFSGVYKKLTGKDVVFEFPEFQL
9031,F1NN16,UNI,eS07,40S ribosomal protein S7,MFSSSAKIVKPNGEKPDEFESGISQALLELEMNSDLKAQLRELNITAAKEIEVGGGRKAIIIFVPVPQLKSFQKIQVRLVRELEKKFSGKHVVFIAQRRILPKPTRKSRTKNKQKRPRSRTLTAVHDAILEDLVFPSEIVGKRIRVKLDGSRLIKVHLDKAQQNNVEHKVETFSGVYKKLTGKDVVFEFPEFQL
9598,A0A2J8NM90,UNI,eS07,40S ribosomal protein S7,MFSSSAKIVKPNGEKPDEFESGISQALLELEMNSDLKAQLRELNITAAKEIEVGGGRKAIIIFVPVPQLKSFQKIQVRLVRELEKKFSGKHVVFIAQRRILPKPTRKSRTKNKQKRPRSRTLTAVHDAILEDLVFPSEIVGKRIRVKLDGSRLIKVHLDKAQQNNVEHKVETFSGVYKKLTGKDVNFEFPEFQL
9606,NP_001002.1,NCBI,eS07,40S ribosomal protein S7,MFSSSAKIVKPNGEKPDEFESGISQALLELEMNSDLKAQLRELNITAAKEIEVGGGRKAIIIFVPVPQLKSFQKIQVRLVRELEKKFSGKHVVFIAQRRILPKPTRKSRTKNKQKRPRSRTLTAVHDAILEDLVFPSEIVGKRIRVKLDGSRLIKVHLDKAQQNNVEHKVETFSGVYKKLTGKDVNFEFPEFQL
10090,NP_080239.1,NCBI,eS10,40S ribosomal protein S10 isoform 1,MLMPKKNRIAIYELLFKEGVMVAKKDVHMPKHPELADKNVPNLHVMKAMQSLKSRGYVKEQFAWRHFYWYLTNEGIQYLRDYLHLPPEIVPATLRRSRPETGRPRPKGPEGERPARFTRGEADRDTYRRSAVPPGADKKAEAGAGSATEFQFRGGFGRGRGQPPQ
10116,P63326,UNI,eS10,40S ribosomal protein S10,MLMPKKNRIAIYELLFKEGVMVAKKDVHMPKHPELADKNVPNLHVMKAMQSLKSRGYVKEQFAWRHFYWYLTNEGIQYLRDYLHLPPEIVPATLRRSRPETGRPRPKGPEGERPARFTRGEADRDTYRRSAVPPGADKKAEAGAGSATEFQFRGGFGRGRGQPPQ
13616,XP_007483763.1,NCBI,eS10,40S ribosomal protein S10,MLMPKKNRIAIYELLFKEGVMVAKKDVHMPKHPELADKNVPNLHVMKAMQSLKSRGYVKEQFAWRHFYWYLTNEGIQYLRDYLHLPPEIVPATLRRSRPETGRPRPKGLEGERPARLTRGEADRDTYRRSAAPPGADKKAEAGAGSATEFQFRGGFGRGRGQPPQ
280699,XP_005534989.1,NCBI,eS10,40S ribosomal protein S10,MLVSTPNRRDIYARLFSDGVLVARKDFASPEHMELKHIKNIEVIKTCQSLRSRGFVREQFSWQHYYFFLTDEGIEYLRKWLNVPSDVVPKTLQAKAEPPRVIGGFRGDRAGGYRRPGAPGERGFGERRGPGTFQSEYRSRGGPGGFRSFGRGGGNAPGAGGRDVYRPPRAEPPVRGMEAP
353151,XP_666446.1,NCBI,eS10,ribosomal protein S10,MSSHAVCGSRASLVSKKNQRAIYSYLFKEGAIVVHKNPNDPRHSELDIPNLQVMLTMRSLLSKEVVTEKFTWQHNYYLLTDEGVEYLRRYLDLPASVFPATHTKKTMDRPGRSEGNQGRGYGRNRQQH
36329,XP_001349098.1,NCBI,eS10,"40S ribosomal protein S10, putative",MDKQTLPHHKYSYIPKQNKKLIYEYLFKEGVIVVEKDAKIPRHPHLNVPNLHIMMTLKSLKSRNYVEEKYNWKHQYFILNNEGIEYLREFLHLPPSIFPATLSKKTVNRAPKMDEDISRDVRQPMGRGRAFDRRPFE
3702,NP_200077.1,NCBI,eS10,RNA binding Plectin/S10 domain-containing protein,MIISEANRKEICKYLFKEGVCFAKKDFNLAKHPLIDVPNLQVIKLMQSFKSKEYVRETFAWMHYYWFLTNEGIEFLRTYLNLPSDVVPATLKKSAKPGGRPFGGPPGDRSRGPRHEGGDRPRFGDRDGYRAGPRAGGEFGGEKGGAPADYQPSFQGSGRGFGRGAGGYSAAAPSGSGLP
39947,BAB21002.1,NCBI,eS10,ribosomal protein S10,MIIPKKNRNEICKYLFQEGVLYAKKDYNLAKHPQIDVPNLQVIKFMQSFKSKEYVRETFSWQYYYWYLTNDGIEHLLNYLNLPSEIVPATLKKSARPPGRPFGSGPPGDRPRGPPRFEGDRPRFGDRDGYRGGPRGAPGDFGGEKGGAPAEFQPSFRSSGGRPGFGRGGGGGFGAGPTSSSME
420245,XP_001568732.1,NCBI,eS10,putative 40S ribosomal protein S10,MSTYVPKSSRDNVYRFFFTEGVIACKKDRMGTWTGTLGGSTFTVPCIQVMQLMRSLKSRSLIKEQYAWRHYYWTLNDEGIAYMRNYLHLAPSVMPNTQKPSSVNFEKVTEGRGRGRGRGGRGRGEGRGRGRGEGRGRGSRGRGFGGERTNYRAAAAAAMEGEAAPAAAAE
55529,XP_005838340.1,NCBI,eS10,"small subunit ribosomal protein S10e, cytoplasmic",MLIPKANRVKIYSYLFQEGVLVAADDKNARAHMEVSDVPNLQVMKLMESLTSRGYVRHSYTWKHHYWFLTNEGIQHLREYLNLPEMIVPNTHKKQQTRTASRPLGGEERGPGGGRFGSGPGDRPGGFGRGRGGDREGYRSGPGKEPSSFGDRPSFGRGRDGPRFGGRGGAPTPQ
6239,NP_491398.1,NCBI,eS10,S10_plectin domain-containing protein,MFIPKSHTKLIYEYLFNEGVTVAKKDFNAKTHPNIEGVSNLEVIKTLKSLASRELVKEQFAWRHYYWYLTDAGILYLREYLALPAEIVPATIKTKPREIRVPHEDRAPRAAQGEKGDREAYRTEKVTEAGPGGAPVYRAGFGRGAPPPQ
7160,XP_029710973.1,NCBI,eS10,40S ribosomal protein S10b-like,MFMPKAHRVAIYEYLFKEGVLVAQKDFYAPKHPELENIPNLHVIKTMQSLKSKNFVKEQFAWRHYYWYLTNEGIEYLRSYLHLPPEIVPSTLKRAARSEPQRARATAGPRSADGPKGGEDRQGYRRTQQAGGPDKKGDVGAGAGDVEFRGPFGRGQRPQ
7897,XP_005988500.1,NCBI,eS10,40S ribosomal protein S10,MLMPKKNRIAIYELLFKEGVMVAKKDVHMPKHPELADRNVPNLHVMKAMQSLKSRGYVKEQFAWRHFYWYLTNEGIQYLRDFLHLPPEIVPATLRRQTRPETARPRPKGLEGERPARLARGETDRDTYRRSAAPPGADKKAEAGAGAATEFQFRGGFGRGRGQPPQ
7955,NP_957440.1,NCBI,eS10,40S ribosomal protein S10,MLMPKKNRIAIYELLFKEGVMVAKKDVHLAKHPELADKNVPNLHVMKAMQSLKSCGYVKEQFAWRHFYWYLTNEGIQYLRDFLHLPPEIVPATLRRQTRPETARPRPKGLEGERPARLARGEGDRDAYRRSAAQPGADKKAEAGAGAATEFQFRGGFGRGRGQQPQ
8355,NP_001086422.1,NCBI,eS10,40S ribosomal protein S10,MLMPKKDRIAIYELLFKEGVMVAKKDVHMPKHPELADKNVPNLHVMKAMQSLKSRGYVKEQFAWRHFYWYLTNEGIQYLRDFLHLPPEIVPATLRRSRPETGRPRPKGLEGERPPRLPRGETDRDTYRRSAVPSGADKKAEAGAGAATEFQFRGGFGRGRGQAPQ
9031,NP_001244226.1,NCBI,eS10,40S ribosomal protein S10,MLMPKKNRIAIYELLFKEGVMVAKKDVHMPKHPELVDKNVPNLHVMKAMQSLKSRGYVKEQFAWRHFYWYLTNEGIQYLRDYLHLPPEIVPATLRRSRPETGRPRPKGLEGERPARLTRGEADRDTYRRSAVPPGADKKAEAGAGAATEFQFRGGFGRGRGQPPQ
9598,K7C1F4,UNI,eS10,Ribosomal protein S10,MLMPKKNRIAIYELLFKEGVMVAKKDVHMPKHPELADKNVPNLHVMKAMQSLKSRGYVKEQFAWRHFYWYLTNEGIQYLRDYLHLPPEIVPATLRRSRPETGRPRPKGLEGERPARLTRGEADRDTYRRSAVPPGADKKAEAGAGSATEFQFRGGFGRGRGQQPN
9606,NP_001005.1,NCBI,eS10,40S ribosomal protein S10,MLMPKKNRIAIYELLFKEGVMVAKKDVHMPKHPELADKNVPNLHVMKAMQSLKSRGYVKEQFAWRHFYWYLTNEGIQYLRDYLHLPPEIVPATLRRSRPETGRPRPKGLEGERPARLTRGEADRDTYRRSAVPPGADKKAEAGAGSATEFQFRGGFGRGRGQPPQ
10090,P63323.2,UNI,eS12,40S ribosomal protein S12,MAEEGIAAGGVMDVNTALQEVLKTALIHDGLARGIREAAKALDKRQAHLCVLASNCDEPMYVKLVEALLAEHQINLIKVDDNKKLGEWVGLCKIDREGKPRKVVGCSCVVVKDYGKESQAKDVIEEYFKCKK
10116,XP_002728643.1,NCBI,eS12,40S ribosomal protein S12,MAEEGIAAGGVMDVNTALQEVLKTALIHNGLARGIREAAKALDKRQAHLCVLASNCDEPMYVKLVEALCAEHQINLIKVDDNKKLGEWVGLCKIDREGKPRKVVGCSCVVVKDYGKESQAKDVIEEYFKCKK
13616,F7EIJ4,UNI,eS12,40S ribosomal protein S12,MAEEGIAAGGVMDVNTALQEVLKTALIHDGLARGIREAAKALDKRQAHLCVLASNCDEPMYVKLVEALCAEHQINLIKVDDNKKLGEWVGLCKIDREGKPRKVVGCSCVVVKDYGKESQAKDVIEEYFKCKK
185431,XP_828505.1,NCBI,eS12,40S ribosomal protein S12,MAEETSLVADKVPEPAVIDAVADAMPDSLEDALRIVLMKARETNGLICGLSEVTRALDRRTAHLCVLADDCEDEEYKKLVTALAKQNNIDLVSMDEREKLAQWAGLTRMAADGSVRKTLKCSCLAVRDFGERTKALDYLLSQLQ
280699,XP_005536536.1,NCBI,eS12,40S ribosomal protein S12,MTEVAESVPEAPSVPALPVVVPEEEVTDVNTALRIVLRKALAHGGLSRGLRESVRALDSRKARLCVLAMSCDEPAMVKLVQALCAEHGINLICVPDGKELGEWAGLCKLDADGTPRKVVSCSCVVVKDFGEPSKGLTFLENYLKEQS
284591,XP_505066.1,NCBI,eS12,40S ribosomal protein S12,MSDSEVIAEVEVAAAAPSGGLTLEDALKTVLKKAVINDGLVRGLRECSKALSRREAELCVLCDSVTDESYLKLVEALCNEPEEKIPLVKVPDAKQLGEWAGLCQLDREGNARKVVGASCVVITNWGEDSEARQFLLDSIASQ
33169,NP_984507.1,NCBI,eS12,40S ribosomal protein S12,MSDVEEVQQVPVEQQEVTIEDALKVVLRTALVHDGLARGLRESAKALTRGEAQLVVLVDSVTEDNIIKLVEGLANDPENQVPLIKVADAKQLGEWAGLGKIDREGNARKVVGASVVVVKNWGADTAEREIILDHFSQQ
352472,XP_638666.1,NCBI,eS12,40S ribosomal protein S12,MEGDAPVIAANPLEKNTDPMVALQKVIKESLAVQGVARGLHETVKALDKRTARLCVLASNCDEPNFVRLVKALATEHNIPLIEVPDNKALGEWAGLCKLDKDLAARKVVACSTLVIKTFGKESDDYKFLMEYISKQ
353151,XP_665723.1,NCBI,eS12,ribosomal protein S12,MSDVEIDQEGTQVQVEQEVVNDLTTAIRYVLKNSFVRGGLLRGLNEVVLALDSKKAQVCFLAESCEEDCYKQLVEALCRERGIPLIMVPDSKELGEMAGLCKVDREGNPRKVVGAASVAIVDYGVESEAYHYLQKHIAENCRS
36329,XP_001351146.1,NCBI,eS12,"40S ribosomal protein S12, putative",MSDVESADNNVVVEEKAVFDNVTAIQKVIKNAHVHDGLKIGIREVIKSIESQEAKVCFLSDVCSEPAYKKLITTLCAEKNIPLFMVQNDSKDLGHWAGLFKLDNEGNARKIIGASSVAVVDFGEDSAEKDFLLSQNQTVTA
3702,NP_173045.1,NCBI,eS12,40S ribosomal protein S12 family protein,MSGDEAAPVVVPPPVAEPAAIPEDMDLMTALELTLRKARAYGGVVRGLHECAKLIEKRVAQLVVLAEDCNQPDYVKLVKALCADHEVRLLTVPSAKTLGEWAGLCKIDSEGNARKVVGCSCLVVKDFGEETTALSIVNKHIASQ
39947,XP_015644758.1,NCBI,eS12,40S ribosomal protein S12,MAEETPVEAPPAPVLGEPMDLMTALQLVMKKSSAHDGLVKGLREAAKAIEKHAAQLCVLAEDCDQPDYVKLVKALCAEHNVHLVTVPSAKTLGEWAGLCKIDSEGKARKVVGCSCVVVKDFGEESEGLNIVQDYVKSH
55529,XP_005820931.1,NCBI,eS12,"small subunit ribosomal protein S12e_1, cytoplasmic",MADDEPVETEEQPQVPAEGGVMDLNSALKQALKKALIHDGVARGVREAVKALDRRQAHLCILAQDCDSAEYVRLVEALAQESGIKIVKVPDGKTLGEWVGLCKLDREGKPRKVVKCSCAVIKDWGEQSEAKNFLSEQLASS
559292,NP_015014.3,NCBI,eS12,ribosomal 40S subunit protein S12,MSDVEEVVEVQEETVVEQTAEVTIEDALKVVLRTALVHDGLARGLRESTKALTRGEALLVVLVSSVTEANIIKLVEGLANDPENKVPLIKVADAKQLGEWAGLGKIDREGNARKVVGASVVVVKNWGAETDELSMIMEHFSQQ
5911,XP_001009836.1,NCBI,eS12,40S ribosomal protein S12,MADQNQQLNEVLAKVIKSSNCQDAISKGLHEVLRTIEAKQALFVCVAEDCDQGNYVKLVKALCAKNEIKYVSVPKRASLGEYLGHFTANAKGEIKKVKGCSSLAIRKYAPEITEDEKKIIEGALKA
6238,CAP28786.2,NCBI,eS12,CBR-RPS-12 protein,MSDAGGKWKLNDSKSFIYRDVQVAPAAIAQGPMDKEQALRAVLRAAHHADGLAKGLHETCKALDKREAHFCVLAENCDEEQYVKLVETLCAEHQIPLIKVADKKIIGEYCGLCKYDKEGKARKVVGCSSAVVTSWGNEEQGRAILTDYFNSKN
6239,NP_498221.1,NCBI,eS12,40S ribosomal protein S12,MSDAGGDVQVAPAAVAQGPMDKEGALRAVLRAAHHADGLAKGLHETCKALDKREAHFCVLAENCDEPQYVKLVETLCAEHQIPLIKVADKKIIGEYCGLCKYDKEGKARKVVGCSSAVVTNWGNEEQGRAILTDYFASKN
7160,XP_019556645.2,NCBI,eS12,40S ribosomal protein S12,MSDVEVEAPVAPVDGTMDVNTALQEVLKKSLIADGLVHGIHEACKALDKRQAVLCILAESCDEPQYKKLITALCNEHQIPLIRVDSNKKLGEWSGLCKIDKEGKPRKISGASCVVLKAYGEETPAHDVIREHLKQLRQSS
7227,NP_729866.1,NCBI,eS12,ribosomal protein S12,MADVDVDVPSAAPVLDGAMDINTALQEVLKKSLIADGLVHGIHQACKALDKRQAVLCILAESFDEPNYKKLVTALCNEHQIPLIRVDSHKKLGEWSGLCKIDKEGKPRKVCGCSVVVIKDFGEETPALDVVKDHLRQNS
7897,XP_006013356.1,NCBI,eS12,40S ribosomal protein S12 isoform X1,MAEEGIAAGGVMDVNTALQDVLKTALIHDGLARGIREAAQALDKRHAHLCVLASNCDEPMYVKLVEALCAEHQINLIKVDDNKKLGEWVGLCKIDREGKPRKVVGCSCCVVKDYGKESVAKDVIEEYFKIKK
7955,Q6PC90,UNI,eS12,40S ribosomal protein S12,MAEEGIAAGGVMDVNTALPEVLKTALIHDGLARGIREAAKALDKRQAHLCVLAANCDEPMYVKLVEALCAEHQINLIKVDDNKKLGEWVGLCKIDREGKPRKVVGCSCVVIKDYGKESQAKDVIEEYFKSKK
8355,P47840.2,UNI,eS12,40S ribosomal protein S12,MAEEGISAGGVMDVNTALQEVLKTALIHDGLARGIREAAKALDKRQAHLCVLASNCDEPMYVKLVEALCAEPQINLIKVDDNKKLGEWVGLCKIDREGKPRKVVGCSCVVVKDYGKESQAKDVIEEYFKIKK
9031,XP_015139591.1,NCBI,eS12,40S ribosomal protein S12 isoform X1,MAEEGITAGGVMDVNTALQEVLKTALIHDGLARGIREAAKALDKRQAHLCVLASNCDEPMYVKLVEALCAEHQINLIKVDDNKKLGEWVGLCKIDREGKPRKVVGCSCVVVKDYGKESQAKDVIEEYFKCKK
9598,H2QTR8,UNI,eS12,40S ribosomal protein S12,MAEEGIAAGGVMDVNTALQEVLKTALIHDGLARGIREAAKALDKRQAHLCVLASNCDEPMYVKLVEALCAEHQINLIKVDDNKKLGEWVGLCKIDREGKPRKVVGCSCVVVKDYGKESQAKDVIEEYFKCKK
9606,NP_001007.2,NCBI,eS12,40S ribosomal protein S12,MAEEGIAAGGVMDVNTALQEVLKTALIHDGLARGIREAAKALDKRQAHLCVLASNCDEPMYVKLVEALCAEHQINLIKVDDNKKLGEWVGLCKIDREGKPRKVVGCSCVVVKDYGKESQAKDVIEEYFKCKK
10090,NP_001342445.1,NCBI,es21,40S ribosomal protein S21,MQNDAGEFVDLYVPRKCSASNRIIAAKDHASIQMNVAEVDRTTGRFNGQFKTYGICGAIRRMGESDDSILRLAKADGIVSKNF
10116,NP_112373.1,NCBI,es21,40S ribosomal protein S21,MQNDAGEFVDLYVPRKCSASNRIIAAKDHASIQMNVAEVDRSTGRFNGQFKTYGICGAIRRMGESDDSILRLAKADGIVSKNF
13616,XP_001368223.2,NCBI,es21,40S ribosomal protein S21 isoform X1,MQNDAGEFVDLYVPRKCSASNRIIGAKDHASIQMNVAEVDKVTGRFNGQFKTYAICGAIRRMGESDDSILRLAKNDGIVSKNF
280699,XP_005538014.1,NCBI,es21,40S ribosomal protein S21,MQNASGRIVDLYVPRKCSVTNRLISAKDHASVQLNIAKVDPDTGRMVPGEHLTVALTGSIRRLGLSDQAVFRLAKEKGALDDLRGGGAVGVGSGASGGAEERTD
284591,XP_502803.1,NCBI,es21,40S ribosomal protein S21,MENDQGVLVELYVPRKCSATNRIIKADDHSSVQINVAKVDENGRAIAGDNITYALSGYVRSRAEADDSLNRLTQQDGILKNVWSYSR
33169,NP_983657.1,NCBI,es21,40S ribosomal protein S21,MENDKGQLVELYVPRKCSATNRIIKAKDHGSVQINIAQVDENGHAVPGEYITYALSGYVRARGEADDSMNRLAQKDGLLKNVWSYSR
559292,NP_012983.3,NCBI,es21,ribosomal 40S subunit protein S21A,MENDKGQLVELYVPRKCSATNRIIKADDHASVQINVAKVDEEGRAIPGEYVTYALSGYVRSRGESDDSLNRLAQNDGLLKNVWSYSR
284812,P05764.2,UNI,es21,40S ribosomal protein S21Full=S28,MENEAGQLVDLYVPRKCSATNRIIQAKDHASVQINVCAVDAEGRQIPGEKTTYAISGFVRSKGESDDCINRLTTQDGLLEGVWSYQR
352472,XP_628995.1,NCBI,es21,40S ribosomal protein S21,MDSKNVELYTPRKCSATNRLITAKDHASVQINIGHVNAEGIYNGEQTIFAFCGFLRNNGQSDAALNRLAQQKGFLKSF
36329,XP_001348121.1,NCBI,es21,40S ribosomal protein S21,MFNDQKVLVDIYIPRKCSATSRLIPAKEHGAVQINVGMVDANGVYNGKTETFAISGHVRQNGESDACLNRLMYEKKLLSFQN
3702,AAM63744.1,NCBI,es21,40S ribosomal protein S21 homolog,MENDAGQVTELYIPSKCSATNRMITSKDHASVQLNIGHLDANGLYTGQFTTFALCGFVRAQGDADSGVDRLWQKKKVEAKQQ
39947,NP_001365237.1,NCBI,es21,40S ribosomal protein S21,MQNEEGQMVDLYVPRKCSATNRIITAKDHASVQINIGHVDENGLYDGRFTTFALSGFIRAQGDADSALDRLWQKRKAEVKQQ
55529,XP_005828717.1,NCBI,es21,"small subunit ribosomal protein S21e, cytoplasmic",MQNAEGTTVDLYVPRKCSATNRLIQAKDHGSVQINIAHVDANGTNSGAYTTVALCGFVRQNGAADAALTRIWDEKQRGELRGQ
420245,XP_001562988.1,NCBI,es21,putative 40S ribosomal protein S21,MATIGMFNEEGENVDLYIPRKCHATNTLIEAHDHAAVQISIANVGSNGVIDGTTTTLCIAGYLRSQGESDHAINHIAIDRRIVRIKTGKPKRASKSKSKKPAARGAAAGGAAAQKGARPPAQKGARPSAQKGARPPAQKGARPSAQKGARPPAQKGAAPTRKSRA
6239,NP_498579.2,NCBI,es21,40S ribosomal protein S21,MQNDAGQTVELYVPRKCSSSNRIIGPKDHASVQIDFVDVDPETGRMIPGKSTRYAICGAIRRMGESDDAILRLAQKDGLVPRDDVKSN
6238,XP_002641918.1,NCBI,es21,C. briggsae CBR-RPS-21 protein,MQNDAGQTVELYVPRKCSSSNRIIGPKDHAAVQIDFVDVDPETGRMIPGKSTRYAICGALRRMGESDDAILRLAQKDGLVPRDELKSN
7160,XP_019561132.1,NCBI,es21,40S ribosomal protein S21 isoform X2,MENDAGEFVDLYCPRKCSSSNRIIHAKDHASIQINIVDVNPETGRMLETSKVYAICGEIRRMGESDDCIVRLAKKDGLLTK
7227,3J38,UNI,es21,"Chain V, 40S ribosomal protein S21",MQNDAGEFVDLYVPRKCSASNRIIGAKDHASIQMNVVDVDPETGRQTDGSKTYAICGAIRRMGESDDSILRLAKADGIVSKNF
7897,XP_005996699.1,NCBI,es21,40S ribosomal protein S21,MQNDAGEFVDLYVPRKCSASNRIIGAKDHASIQLNLAEVDRLTGRFNGQFKTYAICGAIRRMGESDDSILRLAKTDGIVAKNF
7955,NP_957485.1,NCBI,es21,40S ribosomal protein S21,MQNDAGEFVDLYVPRKCSASNRIIGAKDHASIQINIAEVDRVTGRFNGQFKTYAICGAIRRMGEADDSLLRLAKTDSIVAK
8355,NP_001086924.1,NCBI,es21,40S ribosomal protein S21,MQNDAGEFVDLYVPRKCSASNRIIGAKDHASIQINIAEVDKVTGRFNSQYKTYAICGAIRRMGESDDSIMRLAKNDGIVSKNF
9031,XP_417405.4,NCBI,es21,40S ribosomal protein S21,MQNDAGEFVDLYVPRKCSASNRIIGAKDHASIQINISEVDKVTGRVNGQFKTYAICGAIRRMGESDDSILRLAKNDGIVSKNF
9598,XP_016793740.1,NCBI,es21,40S ribosomal protein S21 isoform X1,MQNDAGEFVDLYVPRKCSASNRIIGAKDHASIQMNVAEVDKVTGRFNGQFKTYAICGAIRRMVSVSLGFAHHFGTSWTLPCALECVMVPE
9606,NP_001015.1,NCBI,es21,40S ribosomal protein S21,MQNDAGEFVDLYVPRKCSASNRIIGAKDHASIQMNVAEVDKVTGRFNGQFKTYAICGAIRRMGESDDSILRLAKADGIVSKNF
10090,NP_038793.2,NCBI,es26,40S ribosomal protein S26,MTKKRRNNGRAKKGRGHVQPIRCTNCARCVPKDKAIKKFVIRNIVEAAAVRDISEASVFDAYVLPKLYVKLHYCVSCAIHSKVVRNRSREARKDRTPPPRFRPAGAAPRPPPKPM
10116,P62856,UNI,es26,40S ribosomal protein S26,MTKKRRNNGRAKKGRGHVQPIRCTNCARCVPKDKAIKKFVIRNIVEAAAVRDISEASVFDAYVLPKLYVKLHYCVSCAIHSKVVRNRSREARKDRTPPPRFRPAGAAPRPPPKPM
13616,XP_007505842.1,NCBI,es26,40S ribosomal protein S26,MTKKRRNNGRAKKGRGHVQPIRCTNCARCVPKDKAIKKFVIRNIVEAAAVRDISEASVFDSYVLPKLYVKLHYCVSCAIHSKVVRNRSREARKDRTPPPRFRPAGAAPRPPPKPM
185431,Q384J9,UNI,es26,40S ribosomal protein S26,MTTKRRNHGRAKPPCSRGRVRPVHCFNCSRLVPKDKSVGRFVVRRMLDQASARDVAEASLIYGSGFPMPKLYMKQRYCIACAIHSRTVRARPVEDRKRRYTSKVPFRPTGK
280699,XP_005537274.1,NCBI,es26,40S ribosomal protein S26,MVKKRRNHGRKGGCHGRGKARPVICDGCGGRPRKDKAIQRFVVKNLVEASALRDLAEASCIENYVLPKQYMKIRYCVSCAVHRRTVRVRPKEERRVRTIPRAPRRGDRDVEGILLGTRTEAGAGRPPGERRA
284591,XP_504158.1,NCBI,es26,40S ribosomal protein S26,MVKKRASNGRNKKGRGHVTSIRCSNCARMVPKDKAIKRFTIRNMVEAASIRDLSEASVYQEYVLPKLYLKIQYCVSCAIHSKVVRVRSREGRKVRTPPQRVRFNKDGKKINPAAAAKVVV
33169,Q753X8,UNI,es26,40S ribosomal protein S26,MPKKRASNGRNKKGRGHVKPVRCVNCSKCVPKDKAIKRMTIRNIVEAAAIRDLSEASVYAEYALPKTYNKLHYCVSCAIHARIVRVRSREDRRIRTPPQRQRFNRENRVNPADAAKKAL
36329,XP_001349683.1,NCBI,es26,40S ribosomal protein S26,MPKKRRNGGRSKHNRGHVNPLRCSNCGRCVPKDKAIKRFNIRNIVDTSAQRDIKEASVYSTFQLPKLYIKQCYCVSCAIHSRFVRVRSREQRRVRKETAKHVNPSQL
3702,NP_181583.1,NCBI,es26,Ribosomal protein S26e family protein,MTFKRRNGGRNKHNRGHVNPIRCSNCGKCCPKDKAIKRFIVRNIVEQAAIRDVQEASVYEGYTLPKLYAKTQYCVSCAIHSHVVRVRSRTNRRVRTPPPRFARRKEDTPKPGQPGQAPRPAGPGAAAAAAPRV
39947,XP_015622447.1,NCBI,es26,40S ribosomal protein S26,MTFKRRNGGRNKHGRGHVKYIRCSNCAKCCPKDKAIKRFQVRNIVEQAAIRDVQEACVHDGYVLPKLYAKVHHCVSCAIHAHIVRVRSRENRRDRRPPERFRRREDRPQGPRPGGGAPAPGGAAAPAPNVART
420245,XP_001566088.1,NCBI,es26,putative ribosomal protein S26,MTTKRRNHGRSKPPHSRGRVKPVHCFNCGRLTPKDKAVGRFVVRRMLDAASARDVAEASPVYGANFPMPKLYMKQRFCIACAIHSRTVRARPVESRKTRYTKKVPFRPVGKK
55529,XP_001713250.1,NCBI,es26,40S ribosomal protein S26,MTKKRRNNGRSKKNRGLVRRIHCNLTGKLVPKDKAIVRYVIKNIVDLSSLRDLQDSCIYEYYTMPKLYYKNTFSIESAIHNRIVRVRSKADRKKRLLK
5911,2XZM,UNI,es26,Ribosomal Protein S26e Containing Protein,MPVKRRNAGRSQKNRGHTRTVPCTNCGRQVAKDKAVKRYTVRDMVDPSSKRDIQQKLAFENEKQGIPKLYVKLQYCISCAIHSRVVRVRCAEDRRIRRPPIRNRKPQVVKTDATAPKKQ
6238,XP_002640699.1,NCBI,es26,C. briggsae CBR-RPS-26 protein,MTFKRRNHGRNKKNRGHVGFIRCTNCGRCCPKDKSIKKFVVRNIVEAAAVRDIGDASAYTSYALPKLYHKLHYCIACAIHSKVVRNRSREARRDRNPPPRFGQRAAAARPGAAGPRQ
6239,NP_001370049.1,NCBI,es26,40S ribosomal protein S26,MTFKRRNHGRNKKNRGHVAFIRCTNCGRCCPKDKAIKKFVVRNIVEAAAVRDIGDASAYTQYALPKLYHKLHYCIACAIHSKVVRNRSREARRDRNPPPRFGQRAAAARPGAPGPRP
7160,XP_029717204.1,NCBI,es26,40S ribosomal protein S26,MTKKRRNGGRCKHNRGHVKAVRCTNCARCVPKDKAIKKFVIRNIVEAAAVRDISDASCYNSYVLPKLYAKLHYCVSCAIHSKVVRNRSKEARRIRTPPQRAFPKDMNRQQNAQRK
7227,NP_001260537.1,NCBI,es26,"ribosomal protein S26, isoform D",MTKKRRNGGRNKHNRGHVKPVRCTNCARCVPKDKAIKKFVIRNIVEAAAVRDITEASIWDSYVLPKLYAKLHYCVSCAIHSKVVRNRSREARRIRTPPLRSFPKDMARNNQNRK
7897,XP_006004741.1,NCBI,es26,40S ribosomal protein S26,MTKKRRNNGRAKKGRGHVQPIRCTNCARCVPKDKAIKKFVIRNIVEAAAVRDISEASVFDSYVLPKLYVKLHYCVSCAIHSKVVRNRSREARKDRTPPPRFRPSGAAPRAPPKPM
7955,NP_956319.1,NCBI,es26,40S ribosomal protein S26,MTKKRRNNGRAKKGRGHVQPIRCTNCARCVPKDKAIKKFVIRNIVEAAAVRDISEASVFDSYVLPKLYVKLHYCVSCAIHSKVVRNRSREARKDRTPPPRFRPTGGAPRAPPKPM
8355,XP_018105510.1,NCBI,es26,40S ribosomal protein S26 isoform X2,MTKKRRNNGRAKKGRGHVQPIRCTNCARCVPKDKAIKKFVIRNIVEAAAVRDISEASVFDSYALPKLYVKLHYCVSCAIHSKVVRNRSREARKDRTPPPRFRPAGVPQRAPPKPM
9031,Q5ZM66,UNI,es26,40S ribosomal protein S26,MTKKRRNNGRAKKGRGHVQPIRCTNCARCVPKDKAIKKFVIRNIVEAAAVRDISEASVFDSYVLPKLYVKLHYCVSCAIHSKVVRNRSREARKDRTPPPRFRPAGAAPRPPPKPM
9598,XP_009439953.1,NCBI,es26,40S ribosomal protein S26-like,MTKKRRNNGRAKKGRGHVQPIRCANCARCVPKDKAIKKFVIRNIVEAAAVRDISEASVFDAYVLPKLYVKLHYCVSCAIHSKVVRNRSREARKDRTPPPRFRPAGAAPRPPPKPM
9606,CAA54808.1,NCBI,es26,ribosomal protein S26,MTKKRRNNGRAKKGRGHVQPIRCTNCARCVPKDKAIKKFVIRNIVEAAAVRDISEASVFDAYVLPKLYVKLHYCVSCVIHSKVVRNRSREARKDRTPPPRFRPAGAAPRPPPKPM
