136089,AAY21186.1,NCBI,aL08,Ribosomal protein aL08,MPKATKSKSKQPAPAPFIPGSKPTQAAAPKKDTSAVLFDSRKLNFGIGQSLKKGLDLSRYVKWPRYVRLQRQRKILYQRLKVPPSIAQFTNALDKNNATSLFKLLHKYRPEDKAEKAARLKAAGEAKAAGTETKTKKPVVLKYGLNHITSLVENNKAKLVVIAHDVDPIELVLWLPALCRKRNVPYVIVKSKSRLGQLVHKKTATAVALTGVRAEDEHDFAQLVQVARTSY
13706,ORZ02200.1,NCBI,aL08,Ribosomal protein aL08,MPPATKKSTGKKVAPAPFAVKKTQKTGSKNPLLESRPRNFGIGQHVQPKRDVTRFVKWPAYVRLQRQKRIIYQRLKVPPAINQFTHTLDRNTAAQVFKLANKYRPETKVEKRQRLREAAEAKANGKEVKTEKPKVIKFGLNHVTALIEAKKAQLVLIASDVDPIEIVVWLPALCRKMGVPYAIVKGKDRLGTVVHQKKATALAFVDVKDEDKSELANVVSAIKANDKWEEERRHWGGGINGPKSNARQAKLAAAAAKEIAARQ
1514140,A0A6U1YAZ1,UNI,aL08,Ribosomal protein aL08,MAPKKGTKKGSKAAKASTPSSSNKADPLFPSRPRPNRIGGAIRPKGRDLSRFVKWPRYVRIQRQRAVLYQRLKVPPSVNQFTKTIGKNEAATVFALFDKYRPETSAAKKQRVKEVAAAKASGGKAPAGAANQVKYGLKHITTLVEEKKADLVLIACDVDPIELVLWLPALCRKMEVPFMIVKDKARLGALVRKKTAAAICLAGVDKEDASQLELLKNLAREKYNDNPELVKKWGGGIMGLKTQAKLEKRAKAMAAEEAKKLASLGRA
227086,AAZ94861.1,NCBI,aL08,Ribosomal protein aL08,MAKGRRVAANKKSKAETKHAHLFKKTPKDFRIGRSVQPKQNLSRFVKWPRYIRIQRQKAILKQRLRVPPAVNQFTNTIDKNQAMTLFKLLAKYRPENRKEKQERLKAIAEEKVKNAKSGNKDKPKVLKYGLNHITSLVESRKAKLVVIAHDVDPIEMVIWLPTLCRKMKVPFCIVKGKARLGALCHMKTCTAVAITDVEKQDDRALNQFVASVAPMYEEAPRAWGAVGFGIKSRHKIRARQ
2801,A0A6V0MK10,UNI,aL08,Ribosomal protein aL08,MAPKKSTKGKKVAKAPLAASKTVTKPKHPLSESRPKNFGIGQDIQPKRNLARYVKWPKYVRLQRQRRVLMQRLKVPPAISQFAKTADKNLATNVIKMLNKYRPEDKAAKKERLVKMAEDKAADKKKSDASKPYMVKSGVNHVVQLIEEKKAKLVIIAHDVDPIEIVLVLPALCRKMDIPYCILKGKSRLGQVVHKKTATALAITDVRPEDKAELAKLVDSCKAAFNDKYEERRKSWGGGIMGIKSNHQEELKKKIVAAEEAKRAAQI
3039,Q4VH13,UNI,aL08,Ribosomal protein aL08,MGPKKAAAQPAASAKKAAPKVAPKKGSKSKDATGKKPAGKKGKDGKGKKAEAEVKKAGKPVQLFESRPKNFSVGQDLQPKRDLSRFVRWPAYIKRQRQKRILLKRLRVPPAINQFNHTVDRHLKKELFKFALKYKPESSFERRSRLKKEAEAKLKDPKAPASVPGPRVYSGAQRVFRLVEQKRAKLVLIAHDVDPIEIVLCLPALCRKQGIPWCIVKGKANLGKLVGLKTATSLAFVDIKNGDKTDFEKLTQSVKLAYNDKYEELSRKWGGLRLSKKSKQKMAKKKRIAAANAAK
3075,RMZ54225.1,NCBI,aL08,Ribosomal protein aL08,MAPKRRVAAAPAAAKKAAAPAKAVNPLFEKRSRTYGIGGALPPKRDLHRFVKWPKYVRIQRQRRVLTQRLKVPPTLNRFTKTLDKSTASSLFKLLLKYRPEDRAAKRERLLKEAEARTGGVEVEKKRPVVVKFGINHVTQLVEAGKASLVVIAHDVDPIEIVVWLPALCKKMGIPYVIVKGKARLGTVVHKKNATALCLTSVKNEDQRELAKIAESAASLYEGRISWGGGILGTKSQARLRKREKVLAKEAR
3088,A0A383VPA2,UNI,aL08,Ribosomal protein aL08,MAPKKKVAPAPGAVKKAAAPKKETNPLFEKRPKNFGLGGNPAPKRDLRRFVKWPKYVRLQRQRRVLSMRLKVPPVLNQFVTRALDKNQAETLFKLLLKYRPEDKKQKAERLKAEAEAREAGKELEKKKPLVVKFGLNHVTTLVEAGKAQLVVIAHDVDPIELVVWLPALCKKMGVPYCIVKGKARLGAIVHQKNAAALAVTGVKNEDQREFGKLVESFKSQFNEGARVQWGGGIMGIKSQHKQKQKERILAKELAQRMTV
37360,A8E075,UNI,aL08,Ribosomal protein aL08,MSKATGAKKAGGAKAPVKKTSAKSKFHEEHAHLFQARPRNYGIGRENVPGRDLGRYVKWPRYIRIQRQRAILKQRLKAPPSVNHFTNTLEKAQSTTLFKLLSKYRPETRPEKKLRLRAVAEKLAAGETTTTEAKKPKFVKFGLNHVTSLIEKGKAKMVVIAHDVDPLELVLWLPALCRAKNVPYCIVKGKARLGMIVHQKTAAVLAITDVRKEDQATFDQLNKAFLEKFNNNTDSFRKWGRHKLGTKATAKVNKLEREKSKEMAALQSQ
461836,KNC54736.1,NCBI,aL08,Ribosomal protein aL08,MPRPAKKNTGAKSAAKSSPYSDAMFMARPKSFGVGQDIQPARDLTRFVRWPKYARLQRQKRVLSKRLRVPPSINVFTKALDSTTTKEVFKFLKDYKPETKTEKRQRLKAEAETIAAGGTVQTEKPYVLKFGLNHVTTLIEQKKAQLVLIAHDVDPIELVLWLPTLCNKMDVPFAIVKNKAMLGRLTNTKNATCVAVTRVKAEHKQKFGKLLDGINASYKPVYRSASRKWGGSVLGLKSQAKIDAQRRAVERELAKKAAA
52970,A0A6U4ZJ03,UNI,aL08,Ribosomal protein aL08,MPKGPKAAAPPAAKKKAEKQPEENSLFERRPKNFGIGNNVQPTRDMSRFVKWPKNVRLQRQRRILYQRLKLPPAINQFTRTVDKNTATEVFKLLNKYKPETKEQKAERLKEAAEAKSAGGAPPQGKKPVYAKCGINHIATLVEQKKASLVVIAHDVDPIEIVVWLPALCRKMDVPYCIVKGKARLGAVVHKKTATALALTGVKKEDEGSLSKLVDNVRSNFNDRGEELNRKWGGGVMGAKSQEKTRQKEKAIAREAAKRMQA
5755,L8GNH8,UNI,aL08,Ribosomal protein aL08,MPKETKQRRGKQVAAAPYDKNAKAPVKGGKKAVPAQPAKKANKGPSPALFEKRPKNFGIGQDIQPKRDLTRFVRWPKYIRMQRQKRVLLHRLKVPPTINQFTRTLDKNLAKNLFAFVDKYRPETKAEKADRLKKRAAEIAALKKGEQPPAVATPYFVKYGLNHVTSLVESKKAKLVVIAHDVDPIELVVWLPSLCKKVGVPYCIVKSKSRLGQVVHKKTSAVLAITNVRKEDQPALATLTKAIQENYNDRYDDLRRQWGGLQLGRKSVHKQKAKAKAAAANQ
5762,AAZ94862.1,NCBI,aL08,Ribosomal protein aL08,MPPKNPQEKKAKKVVKTSGKKIQKGDFKNLLAPRPKDIGIGRDLGAKMNLTRFVKWPVYVRLQRQKRILLKRVKIPPAINQFRIVADKPLAHSVVQFLAKYKPEDEQQKKERLRQAAKDKVEGKAATPKKSESSLIHGINEVVKAVERKQASLVVIAHDVEPIELVLFLPALCKKLDIPYVIVKSKSRLGQLVHMKNCAAVALTEVKNEDRDPFAKIVEAVRGAFVDRFRTVNTKWGGGQLSKRSIIEQKNRIKKLKQ
5778,Q2KJX2,UNI,aL08,Ribosomal protein aL08,VQKKTNTKITVKNATLFEKTPKNFGIGQDVAPKRNMTHFVRWPKYVRLQRQHRILLNRLKVPPVINQFTNTLDKNAATSLFKILHAHRPEDKASKKKRLLEAAQKTEPQADAKKPKFVKMGINHVTSLVESKKAKLVVIAHDVDPIEIVMWLPTLCVKMGIPYVIVKGKARLGQVVHKKTAAVLAVTEVDPKFSTDFTNLVALAKDQYNNKYTEQMKKYGGRTFGYKHTSQKAKQDRRRRKEEAKKEQ
5888,XP_001460626.1,NCBI,aL08,Ribosomal protein aL08,MFKKRLTIQIQILELNSVIQQLQERIQSQKSKLNYELKILKNENDKYIVLYKYYLIQKDIQWYLIYSNLQPKAPKTSKAKKLQKKVADRKKNPLFVKDAKNFRIGNDVQPKRDLSRYVRWPRYILLHRQKKILLQRIKVPAAIHQFSKTLDKNQSSKVLGLLKKYSPETKTEKKQRLTKLAEQKAQAQKSESKKVQVLKFGLNHVTTLVETKKAKLVVIAYDVDPIELVVWLPQLCRRQEVPFCFVKNKARLGSLVHQKTATCVALTEVRKEDQAEFDNLARDLRQHYNENHELLRTIGGGQVGIKSRHQQEAIKKAFELEELKKTSQ
13221,A0A6T0DK81,UNI,aL14,Ribosomal protein aL14,MTYKRFVEVGRIALICYGPDAGKLCTIINILDHNRVLVDGPEKITGVHRHEINIKRIMLTDLTIPAKLNMKHKELAAVWEAEGVLAKWETSSWAKKLRARKLRAEMTDFDRFQVMLARKERSAARKAAVGA
13706,ORY94614.1,NCBI,aL14,Ribosomal protein aL14,MVQGSFQRQVEVGRVVLLNEENKLAVIVDIVDHRRALIEGPTTGVPRQAFPYAHMTLTNLVIKGLPRNAGHAVVKKLFEKEDILAKWGKSAWAKKLETREKRANLTDFEKFKVQKLKAQRRYIARSALHAAKKQVAA
1514140,A0A6U1VQW5,UNI,aL14,Ribosomal protein aL14,MVFTRYVEVGRVVLINYGPEEGKLATIIDIVDQNKCLIDGPADLTGVVRQVIPYKRIALTDITVKIARNARAKTLKKAWTEGDVQAKWDGSSWAKKLSSKKKRASLSDFGRFKVMVAKKKRSAIVAKKIKELKA
227086,A0A6U0CXF2,UNI,aL14,Ribosomal protein aL14,MRTMPSRRSFAEIGRIVCINYGKDNGKIGVIVDMCDSMTCLIDGPSVERKLINFRRLAFTDIKLPIMKRLRSSLLYKAWTEAGIDEQFAKTTWGQKIANQNKRKELTDFDRFVVKTLKAKKNKIIAKKVKELKAKK
2769,CDF35098.1,NCBI,aL14,Ribosomal protein aL14,MTFTRFVETGRVAIINYGPHVNKLVIIVDILDQSRVLVDGPTCGLRRQVFNVKRLALTSIKVDGLERAAATDVVKAAYEAADVDATFAKSGWGKKIDSKAKRAALDDFGRFKVMCARIQKGKKVREQLEKLKTAA
2801,A0A6V0NEU4,UNI,aL14,Ribosomal protein aL14,MVFKRHVEIGRVALINLGPHTDKLAVIVDVLDQTRCLVDSPDGSIPRHVSPFRRLALTDITVPLRGHGARTGTVRKACEKEGVVGKWEKTAWAGKIEKRKKRAAMGDFDRFKCMIAKKKKSAMINKEFKKLKKAM
2903,R1DEL6,UNI,aL14,Ribosomal protein aL14,MTFKRFVEVGRVCLITYGPNEGKLCTIINMIDQGHVLVDGTGAGEAGCTRMGISVKRLMLTDLTVSISLNSTRKKLKAAWEAEGTLAAWEATSWAKKRARSAARKQLTDFGRFEAMLARKERSAARKAKM
3039,QLA09620.1,NCBI,aL14,Ribosomal protein aL14,MVKAKRNFVEIGRVIYVRFGKNRDTLAVITDIIDHNWIFADGRAFPNGMKRGAVNIKDIALTHMKLKMGHGLRHRHLKELVAKEDVLNKWKKTTVARRLEKQKNKLNSTDLERWRIQYNRRQRSSLIKVKFNKLKKKALQTARRLHGKKNPIPFADRKKPQKQAPKEGKVKKDDKGRKLKDSERRKIKKCRINYKSLAGWQLDVNPGPIAGSSLVSKVH
3055,XP_001691600.1,NCBI,aL14,Ribosomal protein aL14,MPFKRYVEIGRVALINYGPEFGKLVVITDVIDQNRALVDFPEQERRVVNFKRLAITDFKVDIKRHAVKKDLKKALADADVVAKFAASSWGQKLAKQAAKAATTDFDRYKATVAKAKKARAVRKVLNGLKKTAAPKKK
3075,XP_011396041.1,NCBI,aL14,Ribosomal protein aL14,MPFTRYVEIGRVALINYGPEYGKLVVISDVVDQNRALVDRPDEIRRVVNFKRLVLTDFKIDIPRLAKKSVLTKALEEADVFAKFSNSSWGRKIAKREAKANLTDFERHTALVAKVTRSKKVRTAFNALKKAAKN
3088,A0A383VUY0,UNI,aL14,Ribosomal protein aL14,MPFKRYVEIGRVALVNFGEDYGKLVVITDVVDQNRALVDAPTETRRIMPFKRMTLTDLTVEIPRLASKKVLTAAFTSADVAGKFAASAWGKKLAARQSKANQNDFERYQAAVAKAKRNRAVRKAYNQLAKSA
37360,CEO98954.1,NCBI,aL14,Ribosomal protein aL14,MVFDKFVEVGRVIFINYGPDYGKLAVILDVVDQNRALIAGPNVQRQQLVFKRVALTPLKLNIPRSIRQGTLLKAWASADVDAKWAETSFAKKIAKQEKRHSLTDLGRFEAMIHRKQKSFLVNKEVAKLKKVAAQ
461836,KNC54986.1,NCBI,aL14,Ribosomal protein aL14,MVFTRFVELGRVVLITYGPLEGKLAVIVNIIDQNKALIDGPSTVNGVERQAISFKRIALTDIVLPGVTPGMNVKSLTKKWEKADAQAKWDASSWAKRRAVRAARAKLNDFDRFKLRKARRKVAHARHIALKAAKA
52970,A0A6U5AUA2,UNI,aL14,Ribosomal protein aL14,RLVEAGRVCLVNFGPLVGKLVVIVNVVDGKRVLVDGPSTVNGVPRQIMPLARLSLTIIKIDIEPGSRLPTLMKAYKAADVQKQWAESSWAKGIAKKAAKTKLSDFDRFKVMVARKTRARVVNTHMKKMLKK
5722,A2DZ49,UNI,aL14,Ribosomal protein aL14,MPFKQFVEIGRVALINFGELVDKLAIIVDIVDDKRVLIDVLEFDAPRQTIPIQRLKLTDYVAKIQRNAAPEAAKAAAKDFIKQFYESAWGKQVIARKNKAQMNDFQRFKYAQLEAKRDALVAKELNNH
5741,KAE8303677.1,NCBI,aL14,Ribosomal protein aL14,MSYHRFVEAGRLVYLGDGPDKGKLAVIVDILSTAAVLIDGPTTGVKRQVVSLRWAMLTDQVINISEKPTTEQLKKEIEASPAIDTFMNSVWGKKIQQQRLRAKATFEDMGKIAKLRRERKMAMKRIAMSIK
5755,XP_004341554.1,NCBI,aL14,Ribosomal protein aL14,MGRSCITQGLVFKRFVEIGRVAVINYGPDAGKLCVIIDVLDQNRAIPFKRLALTDLKIKIQKSPRLKSLVKAYTEAGIQEKWEATSWAKKIALRKKRAALNDFDRFKIMLAKKEKSRVVRQELRKLTKEFHKKENDARVAAKKQ
5888,CAK85710.1,NCBI,aL14,Ribosomal protein aL14,MNINKYKYIIQFIFIRSLFKKIKRIFKQQKKFVLLKMVLGKFVEVGRVVKINYGPQEGKLATIVEILNDKRVLIDGPTTGVQRQVIPIRRLTLTKFNLKGATRGARTGVITKAIKKSDPFAQYAQTIAAKKVAKKALRAKLNDFDRFRVMILRKRRSALLSTQLKSLKKNAGGKAQAPAKGGNKKK
70448,CEF98442.1,NCBI,aL14,Ribosomal protein aL14,MPFKRNIEVGRVALVNLKADKRYGKLVVIVDIVDQNRVLVAAPGVKRDVISLKRVAITDMKVECERACDEAALNAAWKAGEVESKWAASAWGKKIARQNARASLTDFERFKVALARTKRSALIKKALAA
13221,A0A6T0EP97,UNI,aL15,Ribosomal protein aL15,MGAFKYLQELWRKKQSDTIRFLLRVRCWEYRQLPVIHRASRPSRPDKARNLGYKAKQGFVIYRVRVRRGSRKKQLSKGINYGKPRNCGINQHKWRRNLRSKAEERVGRACGGLRVLNSYWIAQDSLYKYYECIMVDPHHKVIREDPRINWLCNPVHKHRELRGLTSAGRSGRGLRTRNYGASKLRPSWRAAWKRHNTLSLRRYR
13706,ORY96479.1,NCBI,aL15,Ribosomal protein aL15,MGAYKYLEELYKKKQSDIFRFLLRVRCWEYRQLNVIHRASRPSRPDKARRLGYKAKQGYVVYRIRVRRGGRKKPAPKGATYGKPVHEGVNQLKYQRSLRSTAEERVGRKCANLRVLNSYWINQDATYKYFEVILVDPSHKAIRRDARINWIVNPVHKRREARGLTAIGKKSRGKGKGHLYTKTKGAGRHSNWKRRNTLSLRRYR
1514140,A0A6U1TFV1,UNI,aL15,Ribosomal protein aL15,MGAYKYMEELWRHKQSDALRFLLRVRAWEYRQRPKMTRVARPSRTDKAHRLGYKAKQGYAVVRCGVRRGGRKRQNHRGMVWGKPKHQGINQLKFERNLQSVAEEKVGRKYANLRVLNSYWINQDATMKYYEIILVDPSHPKIRNDPRIQWIVNPVHKHRECRGLTSSGRKARGLRKSGHRANGIKGGSYRAAWLNRNMMRLKRYR
2769,CDF37953.1,NCBI,aL15,Ribosomal protein aL15,MGAYKYMEELWRHKQSDVMRFMLRVRAWEYRQLPSIHRASRPTRPEKARRLGYKSKQGFVVYRVRVRRGGRKRPVKKGIQYGKPKHQGITELKFKRNKRAVAEERAGRRCGNLRVLNSYWVNEDAAYKYFEIILVDPSHNAIRNDPRLNWLARPVMKHRELRGLTAAGRKGRGLHVRGHRANSTRPSVRAVWKKHNTLRLLRYR
2801,A0A6V0MU61,UNI,aL15,Ribosomal protein aL15,MGAYKYLEELWRKKQSDVMRFLQRVRTWEYRHLPAIHRASRPSRPDKARRLGYKAKQGYVVYRVRVRRGGRKRPVSKGIVYGKPKHQGINELKFKRNKRSVAEERVGMVCGNLRVLNSYWVNQDSVYKYYEVILVDPSHKAIRRDPRINWIVAPVMKHRERRGLTAAGRKARGLTRKGHGVMKMRPSAKGVWKKQNTLSLRRYR
2903,A0A6V2X847,UNI,aL15,Ribosomal protein aL15,VPTRSVSAAAMGAYKYLQELWRKKQTDTIRFLLRVRCWEYRQLPVIHRASKPSRPDKARNLGYKAKQGYVIYRVRVRRGSRKKQVSKGINFGKPRNCGINQHKWRRNLRSKAEERVGRACGGLRVLNSYWIAQDAMYKYYECIMVDPHHKVIREDARINWLCNPVHKHRELRGLTSAGRQGRGLRIRHHGASKRRPSWRAAWKRQNTLSLKRYR
3039,QLA09621.1,NCBI,aL15,Ribosomal protein aL15,MGVYTYMQFVWNKKQSDVMRFTQRIRAWEYRHSHRMVRLPRPTRTDKARRLGYKRKPGYVIWRVRVRRGGRKRPVPKGICYGKPKTAGVNHLMNAKNMRVIAEGRVGKHCGGLRVLNSYWVNADAIYKYFEVILVDPMHKAIRSDPEINWICKPRQKHREARGVTSAGRKHRGLRHKGHRATKARPSVRANWKRRNLVKFWRYR
3055,XP_001701780.1,NCBI,aL15,Ribosomal protein aL15,MGAYKYIEELWRKKQSDVLRFLLRVRCWEYRQMPSCVRLTRPSRPDKARRLGYKAKQGYVVYRVRVRRGNRKRPVHKGIVYGKPVNQGITQLKPARNLRNVAEERAGRKCGGLRVLNSYWVNQDSCYKYFEVIMVDPAHNAIRNDARINWLCNPVHKHRELRGLTAAGKNYRGLRAKGHKASKTRPSKRASWKRRNSLSLRRFR
3075,XP_011401241.1,NCBI,aL15,Ribosomal protein aL15,MGAYKYIEELWKKKQSDVLRFLLRVRCWEYRQLPSIVRLTGPTRPDKARRMGYKAKQGYVVYRVRVRRGGRKKPVPKGIVYGKPVNQGITQLKPTRNLANLAEERVGRKCGGLRVLNSYWVNQDAVYKYFEVILVDPFHKAIRNDARINWIANPVHKHRELRGLTSAGKKYRGLTGKGHLHTKNRPSRRAVWKKNNRVSLRR
3088,A0A383W8U2,UNI,aL15,Ribosomal protein aL15,MGAYKYVEELWRKKQSDVLRFLLRVRCWEFRQLPGIVRLSRPSRPDKARRMGFKAKQGFCVYRVRVRRGGRKRPVHKGIVYGKPVNQGITQLKPNRNHRSMAEERVGRKCGSLRVLNSYWVNQDSTYKYFEVIMVDPNHNAVRNDARANWICNPVHKHRELRGLTSAGQKYRGLRGKGHRYCKARPSVRGAYRRNQNPSLRRYR
37360,CEP01088.1,NCBI,aL15,Ribosomal protein aL15,MGAYKYVEELWRRKQCDAMRYLQRLRCWEYRQQPAMVRCRRPSRVEKARRVGYKCKQGYVVFRMRVRRGGRKRPNPKGIVYGKPKHQGINQLKAQRNLRTIAEQRVGRRATNLRVLNSYWVAQDATFKFYEVVCVDPSHAAIRKDPRIQWIVPSKHKHREARGLTSAGRKARGIQDKSGKTDKLRGSVYANWKRRNTTVFRRYR
461836,KNC47864.1,NCBI,aL15,Ribosomal protein aL15,MGAYKYLEELWKKKQSDALRFLQRVRCWEYRQLPSVHRLTRPTRPDKARRLGYRAKQGYVVYRVRVKRGDRKRRVRKGAVTGKPTNQGVRKIKQRRSKRSVAEERAGRRCGNLRVLNSYWVNEDAANRYFEVILVDPHHTVIRNDPRINWICNPVHKHRELRGLTAAGKKARGMHKGHRFNHNGPSKHAVWKRHNTLSLRRYR
52970,A0A6U4WA15,UNI,aL15,Ribosomal protein aL15,MGAYKYMEELWKKKQSDVLRFLQRVRVWEYRQLPAIHRCSRPTRPDKARRLGYKAKQGYVIYRVRVRRGTRKRPVRKGIVNGKPGKSGAINRVKFPRSLRSVAEERVGKRCGNLRVLNSYWVAVDGCYKFFEVILVDPAHRVIRDDPRINWICKAVMKHRELRGLTAAGRKGRGVAKGHGNHRFMPSRRSVWKKHNSVSMKRYR
5722,XP_001301719.1,NCBI,aL15,Ribosomal protein aL15,MGAFTYLRELYTKKQSEVMRFILRLRCWEYRQLPELVRLTHPSRPDKARRMGYKAKQGMVVYRIRVRKGSRRRVASKNRQYGKPRTHHIYKLTPSLNLQAIAEQKAGKQLPSLRLLNSYWVNQDGAFKYFECIFVDPVHPAIQHDAKLNWICDSVHTRREARGLTAAGRKHRGLSGVGHGFRHLRPSRYADWKVRNVFKLRRWR
5741,EET01748.1,NCBI,aL15,Ribosomal protein aL15,MGAYKYVQELWRKKQSEALHYLFRLRTWEYRQMNAIKRCSHPTRPEKAHRLGYKAKRGYVVYRVRVRRGGRKRQCVHGISYGKPRNIGIVGLKPSRSLRALAEQKVGRRLPSLRVLNSYWVAQDGSYKWYEVILVDPFHPWIRNDPKINWICNPVMKRRECRGLTSAGRKARGLHNKGIGAMKLRPSKRAAWKRNHTRSLRRYR
5755,XP_004339224.1,NCBI,aL15,Ribosomal protein aL15,MGAYKYVQELWRKKQCWEYRQYPMVLRVSRPSRPDKARRLGYKAKQGFVIYRVRVRRGGRKRKIRKGRVHGKPATQGVNALKFQRSLRSVAEERAGRRCGNLRVLNSYWVAQDATFKFFEIILVDPFHKAVRRDPKMNWIAAPTHKHREMRGLTSAGKKYRGLRGKGHNYTKSRPSRRAVWKRNNKVSLRRYR
5762,XP_002675384.1,NCBI,aL15,Ribosomal protein aL15,MGAYKYLNALYKKKQSDALRYLLRVRAWELRQLPGIHRVNHPTRPDKAHALGFKSKQGYVIYRVRIRRGGRKKQVPGGRVNGKPATQGIHLKPKRNLQVVAEGRVGKRIGGLRILNSYWVNQDGRYKWFEVICVDPSAESIRVDPQVNWIASPKHKHREMRGLTSSGKRHRGLRTKGCTSSKVRPSRRGGWKRRNTTKLQRKR
5888,CAK82404.1,NCBI,aL15,Ribosomal protein aL15,MGAYKYLQELWKKKQSDVLSFIMRIRTWEYRQLPVIHRATRPSRPDKARRLGYKAKQGYVIYRVRVRRGGRKLLIRKGLVKGKPKSQGVNQLKPTRNLRSVAEERVGRKIGALRVLNSYWVAQDGTYKYYEVITVDPFHPAIRGDSRINWITKPVHKHRELRGLTSAGRKSRGLRVKGHRNNQTRPSRRANYARRNRISLRRFR
70448,CEG01197.1,NCBI,aL15,Ribosomal protein aL15,MGAYKYVEELWKKKQSDVMRFLQRIRVWEYRQLPSICRVTRPTRPDKARRLGYKAKQGFVIYRARVRRGGRKRPVPKGQVYGKPVHCGITKLKFARNLRSVAEERAARRCGALRVLNSYWLNQDSVYKYYEVIMVDPMHKCIRNDPRINWICNPTHKHREMRGLTSAGRKYRGLRGKGHNYTKSRPSKRATWRNNNRLSLRRYR
13221,A0A6S9SU18,UNI,aL18,Ribosomal protein aL18,MGIDIKAGGRKATKSTGRTAPVSENLYLRLLVKLYRFLARRTGNKFNQTVLKRLFTSRTNRHPISIKNLSKFLAREGNQEKIAVVVGTVTDDVRFLEVPKMTVCALRFTASARGRIAKAGGECLTFDQLALRSPLGENTLLLRGCKSQRESARHFGAPGTAHSHVKPFVRSKGRKFEKARGRRASRGYKN
13706,ORY98744.1,NCBI,aL18,Ribosomal protein aL18,MGIDLRHHHVKKSNRTAPKSENVYQALLVKLYRFLSRRTDSSFNKVVLKRLFMSRINRPAVSLSRVVKNAEEGKTVVVVGSVTDDSRLSVVPKLSLCALRVTKTAKARVLAAGGEILTFDQLALRAPTGSNTTLIRGAKNSREAVKHFGFGPHSHKKPYVRSKGRKFERARGRRQSRGFKV
227086,A0A6T7EEW5,UNI,aL18,Ribosomal protein aL18,MGIDLKAGGRVKNTQRTAPKSENPYLLLLVKLYRFLARRTDAKFNKVVLKRLFMSRVNRPPMSISRVSKFMKSKEGKIAVVVGTITDDVRVLDCPKLRICALKFTDSARARILRAGGECLTFDQLALMCPTGEGTVLLRGPKNARESVRHFGAPGASGSHVKPYIRSKGRKFEKARGRRNSRGFKVKA
2801,A0A6V0Q5F0,UNI,aL18,Ribosomal protein aL18,MGIDLKAGGRIRKTARTAPKSENPYIRLLTKLYTFLARRTDSPFNKTVLRRLYMSRTNAPSISISRLARYISAKPAGTTAVLVGKVLDDERLLDMPKGLSICALRVSESARARIVAAGGEVLTLDELAMRKPTGAGTVLLRGPRHVREVYRHFFGVAKEGHVKPYVRSKGRKFEKARGRRASRGYKK
2903,R1FIZ5,UNI,aL18,Ribosomal protein aL18,MGIDIKAGGRKATKKSGRTAPVSENLYLRLIVKLYRFLARRTDAKFNKVVLKRLFTSKTNRPPMSIKSIAKFMAREGNEGKIAVVVGSVTDDVRFLDVPKLTVCALRFTATARARIVKAGGECLTLDQLALKSPLGEGTVLLRGCKSRRESAKHFGAPGVPHSSVKPYVRSKGRKFEKARGRRASRGYRN
3055,XP_001690885.1,NCBI,aL18,Ribosomal protein aL18,MGIDLKAGGRSKKVHRTAPKSQNVYLALLVKLYRFLVRRTESKFNKVILKRLFMSKTNRPPLSLSKLAAFMKGKESKVAVIVATVTDDVRLFEVPKLRVCALRFTETARARITKAGGECLTFDQLALQRPTGKDCVLLRGPKSQREACKHFGPAPGVPGSTTKPYVRAKGRKFEKARGRRKSRGFKV
3075,XP_011396696.1,NCBI,aL18,Ribosomal protein aL18,MGIDLRAGGRNTKVHRTAPKSQNPYVKLLVKLYRFLVRRTESDFNKVILKRLFMSKVNRPPLSLSKLAKFTAGQPGKIAVLVGTVTDDIRLHEVPKIRVAALRVTETARARIVAAGGEVLTLDQLALLAPTGSNTVLLRGPKNSREAVKHFGPAPGVPGSSTKPYVRSKGRKFERARGRRSSRGYKA
3088,A0A383W4U3,UNI,aL18,Ribosomal protein aL18,MGIDLIAGGRNKKTARTAPKSDNVYLKLLVKLYRFLVRRTDSNFNQVVLKRLFMSKTNRPPLSLSKLAQFMAGKEDKIAVLVATVTDDARMFEVPKLRVCALRFTETARARIVKAGGECLTFDQLALERPTGKDCVLLRGPKNSREAVKHFGPAPGVPHSSTKPYVRAKGRKFEKARGRRKSRGYKA
37360,CEO99265.1,NCBI,aL18,Ribosomal protein aL18,MGIDLKAGGRRPANGRTQAVTKNVYVQMLIKLYKFLARRTNSKFNAVIVKRLMTSQVNRPPMSLSRLVAFSRGAEDKILVVVGTITDDTRLVEVPENLKVCALRVTESARARLVKANAEILTFDQLALRAPTGSNTVLLRGRKSHREAVKHFGAPGTKHSHAKPYVRSKGRKFERARGRRPSRGFQV
52970,A0A6U4RDP8,UNI,aL18,Ribosomal protein aL18,RDESKFTMGFDKGITSAGKSRVKFRKAPKTENVYIKLLVKLYRFLARRTDSKFNKVILKRLFMSRSNQPPVSIAKLVKEMKGKTGKIATVVGTVTNDIRLTDDTGLKFTLCCLRITDGARARILAAGGEVITFDQLALRAPTGTNCVLLRGPLKAREVYKHFGRAPGVPNSSTKPYTRNSTKSRKFESARGRRRTCGFKV
5722,XP_001277020.1,NCBI,aL18,Ribosomal protein aL18,MGVDLDHRVPRKQRQEPKTADAQMKMLHNLYAFLARRTGNDFNAKIAHRLCISRTNRRPYSLSRLATALNGKEAETIAVLVAKITNDERLLEVPKMKVCALKFTETARARILAAGGECITFDQLAQLRPTGDKCLLLEGDRTRRLVNKHFGAAPGDDNSKTRPKVASHGRKFEMARGRRKSRWYHA
5741,ESU37012.1,NCBI,aL18,Ribosomal protein aL18,MGIDLKTGIKKRKVERKEPKSPNPYIRLLHNAFKVVYENTGEDFTKVLTKRLCLSKTNRPVLSVSRLAHLMHKREDKIAVVASTVTNDERLVTIPRMTICALKFSATARSRIEKAGGRCMSFDELLAEKPTGDNCVLLQGRRSCRAVCKKFGSPGRPNSHVKPKGEHKGRRGARGRHSW
5755,L8HM38,UNI,aL18,Ribosomal protein aL18,MKGIDLEHKHRKNKNRSSPKTEDPYLLLLVKLYRFLARRTGADFNRVVLKRLCMSRTNQPPLSLIKLARFTKGKEDKIAVVVGTVTDDARLLKFPKLTVCALRFTEGARTRILKAGGEILTFDQLALRAPTGANTVLLRGRKTARKATKHFGAPGVPNSTTRPKVANRSRKTERARGRRKSVGFKV
5762,XP_002679583.1,NCBI,aL18,Ribosomal protein aL18,MGIDKKYLAKTHEKKSVRKNLVSPNVYLSILVKLYKLLARRTGAEFNKKVLARMLHTRREQRPVTLARLTKLVGEKKEVAVVVGTITNDARLLDAPKGLKVCALHVTETARKRIVENGGQVLTFDQLAQISPDGKGCVLLRGNKNTEAKKHFGLAPGQAGSHAKPYKHGSTKREGRYGELGRGRRASRQYKKRA
70448,CEF99132.1,NCBI,aL18,Ribosomal protein aL18,MGIDLKAGGRNKKTSRTAPKSDNVYLKLLVKLYRFLARRTGSKFNETVLKRLFMSKTNRPPLSLSKLAKFMKGKEGKVAAVVGTITDDVRMFDVPKLKVCALRFTETARARIIKAGGECMTFDQLALAAPTGEGVVLLRGPKNSREAVKHFGAPGIPGSHAKPYVRSKGRKFEKARGRRNSRGFKV
13221,A0A6S9TI99,UNI,aL19,Ribosomal protein aL19,MGVSLLLQKRLAASVLKCGKRKIWLDPNEVNEISMANSRQNIRKLVKDGLVIKKPEKVHSRFRANAWAEAKRKGRHVGHGKRKGAKEARMPVKVQWIRRMRVLRRLLTKYRESKKIDKHLYHTLYLKAKGNEFKNKRVLMEYIHKAKKEKALEKTLADQAEARRAKNRAVRERKAIAGKKQEEAKPEPAAE
13706,ORY91929.1,NCBI,aL19,Ribosomal protein aL19,RVNLRIQKRLAASVLNCGKRKIWLDPNEVNEISNANSRANIRKLVKDGLVIRKPEVGASRFRVRERNAAKRLGRHMGLGKRKGTADARMSRQVLWMRRMRVLRRLLRKYRDQGKIDKHLYHTLYLKAKGNGFKNKRNLMEYIHRAKAEKLRTKALNDQAELLRAKNKAMRQRKKARAEEK
227086,A0A6U0AB09,UNI,aL19,Ribosomal protein aL19,MVSLKLQKRLAASVLKCGKRKVWLDPNEITEIHNANSRQNFRKLIKDGYVIRKPNKIHSRARVNKRAEAKRKGRHMGYGKRRGTREARFPSKIIWMRRMRVLRRLLRKYRESEKIDRHLYHQLYNKVKGNEFKNKRVLMEHIHKEKAEILRAKQLIKEGEYRRARAAAKRARAAEKQKKALAGLA
2769,CDF39576.1,NCBI,aL19,Ribosomal protein aL19,MVSLKLQKRLAASVLGCGKNKVWLDPNEVNEISMANSRQNIRKLVSDGFVIKKPVTVHSRARVRMNQAAKRKGRHSGYGKRLGTRDARLPQKVLWMRRQRVLRNLLRKYREAKKIDRYLYHELYLRCKGNVFKNRRVLMESIHKAKAEKARSQALADQFEARRIKNKAARERKAARLEERRKVEGSELKPTAS
2801,A0A6V0SUL4,UNI,aL19,Ribosomal protein aL19,MVSLKLQKRLAASVLDCGKRKIWLDPNEISEISMANSRQNIRKLVKDGFVIRKPVSIHSRARVRKNNEAKSKGRHTGHGKRKGTAEARLPVKVMWMRRQRVLRHLLRRYRDAKKIDKHLYRELYLRCKGNVFKNKRVLMEYIHKAKAEKSRDKHIADQFEARRMKNKATRERKAVRAEERRAVDVKVEEAKKEEKPAEEVKPKAEKAEKTKAEKPKAEKTEKKTEKKKAAKK
2903,A0A6V2YZC9,UNI,aL19,Ribosomal protein aL19,GEGDGYSSQPAAGVTAAAPAQVWLDPNEVNEISMANSRQNVRKLVKDGFVIKKPQKVHSRFRANAYADAKRKGRHTGHGKRKGAKEARMPVKVLWIRRMRVLRRLLKKYREAKKIDKHLYHQLYLKSKGNEFKNKRVLMEYIHKAKKEKLLEKTLADQAEARRQKNKAARERKAESAAVREGKKKEEPEPAPEEAPAPAPPAAKPKKSKK
3039,QLA09623.1,NCBI,aL19,Ribosomal protein aL19,MVAGLKLQGRLAAALLKCGRNRVWLDPNETSDIAMANSRANVRKLIKDGFIIRKPVAVQSRARWRKLRAAKLKGRHTGPGKRRGTANARMPTKVLWIQRQRVLRRMLMRYRDAKKIDKHLYRELYMKCKGNVFKNKRLLMEHIHKAKAAKQKEKLIKDQLDAKKQKSLAKREKVKAAEVKRREREKEKVHDEKEKVKKDKEEKKAPAKEEKKAPAKEEKKAPAKEEKKAAKEEKKAPAKEEKKASKPGKK
3055,XP_001701635.1,NCBI,aL19,Ribosomal protein aL19,MVSLKLQKRLAASVLNCGLRKVWLDPNEVNEISMANSRQNVRKLIKDGLIFRKQPVIHSRDRARRSAEAKAKGRHTGYGKRRGTREARLPEKVMWIRRLRVLRRLLKKYRDSKKIDKHLYHDLYMKVKGNVFKNKRVLMEAVHKQKAEKVREKTIADQFEARRAKNKAARERKATRREERLAAGLHLEAPATKPAPAQKK
3075,RMZ55494.1,NCBI,aL19,Ribosomal protein aL19,MVALKLQKRLAASVLGCGLRKVWLDPNEVNDISMANSRESVEGQNVRKLVKDGFIIRKPEKIHSRSRARASAEAKAKGRHTGYGKRRGTREARLPTKVLWLRRLRVLRRMLKKYRDSKKIDRHLYRELYLKVKGNVYKNKRVLMEAIHKQKADRIREKALADQFEARRAKNKAMRERKLARREERLAAGIVGVTDAPKGAAPAKA
3088,A0A383VDY6,UNI,aL19,Ribosomal protein aL19,MVSLKLQKRLAASVLGCGLRKVWLDPNEVNEISMANSRQNIRKLVKDGFVIRKPTTIHSRARARRQAEAKAKGRHTGYGKRRGTREARLPTKLLWIRRLRVLRRLLRKYRDSKKIDKHLYHELYMKVKGNVFKNKRVLIEAVHKQKAEKVREKAIADQFEARRAKNKATRERKAARREERLSSGLHMEQQPAAAAQPVATKGSKK
37360,CEO98386.1,NCBI,aL19,Ribosomal protein aL19,MVSLKLQKRLAASVLGCGLRKVWLDPNEISEISMANSRQNIRKLYRDGFIIRKPTAIHSRFRVNRRQEAKRKGRHMGPGKRRGTKDARFPQKVLWMRRMRVLRRLLRKYREQQKIDSHLYHGLYLKVKGNVFKNKRVLMEHIHHAKAEQAREKALTAQAEARRAKAVGKRERREQKIAEAEKQNKQDVAAAQAAVATAKESKDVPPAKMDVSGEKPKASVKAGKVKEGAAKKK
461836,KNC51433.1,NCBI,aL19,Ribosomal protein aL19,MVKLTTVKRLGADILKCGTNKVWLDPNEVVELASAGSRNAVRRYIKLGYVVKKPSNAVSRARIREHNRKKRLGRYTGFGHRKGTANARMPRKTLWIRRQRVLRRLLRKYRAAGKIDNHLYHKLYLQSKGNVYKNKRVLIEHIHYEKAEAARSKALAQAAEAHKNKVRAAKARRAERKAAKAQAAREAYDRQVKGIKA
5722,XP_001323765.1,NCBI,aL19,Ribosomal protein aL19,MSSLKLQKRLAASVLDCGVRRVWMDDSEVSTIAMANSRQQIRKLINDGIIVKRPVKVHSGARHTKRILAKRLGRHTGYGKRRGGRNARLTGKFQWIRRIRVLRKVLVDYRKRNEIDCHLYRKLYLKAKGNEFRNRRNLVEHIQTLKAENLREKTLQSQIDARRARSRRVRERKNGVSQ
5741,EET00172.1,NCBI,aL19,Ribosomal protein aL19,MANLRLQKRLAADILKCGKRCVRFNPAHEKYIEQASSREAIRSLIESKIIAKLDVKGSSRGRIRARHAAKRLGRHCGHGKRRGTREARMPSKTLWIQRQRVLRRLLSRYRDDEKIDRHLYETLYAKAKGNMFKNKRVLLEHIVGMQKEQELEKKKKEELDQRRKKAEQRCKERAEKVAANRLAFAKTGVFTEKTK
5762,EFC45680.1,NCBI,aL19,Ribosomal protein aL19,MTGGPTFRLQKRLAADILSCGKGRVWIDPNELSEVSQASSRNTIRKLVKDGIIIRKPVEIRTRYRWRKRKDAKLEGRHMGIGKRFGSKDARNPSKLQWLKRMRVERKLLKKYRDNGKIDKTLYRELYAKVKGNVFKSKRILMEHVFKAKAEIIREQRIKEQLKVKKEKQDKIKQKRAEKTESKKKKILEHAEQAAQQAQQK
5888,CAK77464.1,NCBI,aL19,Ribosomal protein aL19,MVNLRLQKRLAATQLKVGVNRVWLDPNEASEISLANSRMSIRKLIKDGLIMRRLRTIHSRARARRFLEAKRRGRHTGTGKRRGTREARMPTKILWIRRQRVLRRLLRKYRAAKKIDRQQYHEFYLASKGNQYKNKKVLIEAIHETKQEKVRVDKIEKEQNDRREKNKAQRVKKTQSKFAAE
70448,CEG01054.1,NCBI,aL19,Ribosomal protein aL19,MVSLKLQKRLAASILNCGVRKIWMDPNEVSEISAANSRQNVRKLVKDGLVIRKPTKIHSRARTAREQAAKRLGRHTGYGKRRGTREARLPTKVLWLRRHRVLRRLLSKYRDAKKIDKHMYHSMYLKCKGNVFKNKRVLMEAIHKSKAEKAREKSLADQFEARRAKNKAVRERKIARREERIAAGVSGLRAGKQ
13221,A0A6T0CHQ5,UNI,aL21,Ribosomal protein aL21,MGKGMGARSRGYRSCTRDLFSKKPRDKNYNPPLSTFLRTYKVGDTVDIVCNSAQQKGMPYKFYHGRTGTVWNVTRRGIGVEVNKVHRQRQLVKRIHVRVEHLRPSNSKAGHLARVKSNEEKKKAAKESGVPCATSELKRSPKGPRDGFTLDLGKTFETKVHTLTPVPYVFKPLSKSIA
13706,ORY93809.1,NCBI,aL21,Ribosomal protein aL21,MPHSFGLRARTRHMFSRKFREHGPTHLSTYLTTYKVGDIVDIKANASIQAGMPHKFYHGRTGVVYNVTKTAVGVLINKRVGNRYIEKRVNVRIEHVKHSKCRQEFLDRVKANAEKKKQAKASGEKVNLKRIPVQPRDARFVSTENNVPQTIQPIPYETLL
1514140,A0A6U1W2K4,UNI,aL21,Ribosomal protein aL21,MPHSYGTRARTRHMFAKKFRQHGPIKLSQYLMNVKVGDYVDIFADPSVHKGMPHKHYHGRTGIVFNVTKSAVGVRVNKPVNGKILEKRIHVRIEHVRPSKCQQEIIARKKSNEAAKKKAKETGEKVELKRHPKAPKEAYFLAAPGGEGAEITTIQPLPFSDLV
2769,CDF40171.1,NCBI,aL21,Ribosomal protein aL21,MVRSNGKRANTRDLFRKAFRKKGNEHLSTYLQIFKIGDFVDIHINPAVMKGMPHKFYQGRSGRVFNVSRTSVGVEVSKTVGNRIMMKRFHIRTEHVQKSRCNEDYLKRCKGREMEAREAHSKGDKYNVIKRTPALPSEAHIVDASKMELVDPIPYEFIV
2801,A0A6V0S2E3,UNI,aL21,Ribosomal protein aL21,MVRSGGKRSNTRDLFSRSFRKKGPEHTSTYLTTFKIGEYVDIIANPAIQQGMPYKYYHGRTGRIFNISRTAVGVEVFKRVGGKVLAKRIHVRVEHVKKSRSTEDAKVRFQQKDAKRREALKAGKKLIDEKRQPTMPRGDRVVEVPKIELLEPVPYEFIC
2903,XP_005767961.1,NCBI,aL21,Ribosomal protein aL21,MGYGKGARPMGYRAHTRDLFSKKPKDKGGNPPLTTFLRQYKIGDTVDVVCNSGQQKGMPHKFYHGRTGTVWNVTRRAIGVEVNKVHRQKQLVKRIHVRVEHLRPSKSRLGHLDRVKLNEEKKRAAKASGTPCPASELKRQPKGPREGFLLDLSKTFGEKVHTLTPVPYVFKPLEKIAVGHAS
3039,QLA09625.1,NCBI,aL21,Ribosomal protein aL21,MPHSWGKKARTRDLFSKGFRCHGRPSLSTYLAVFKIGDYVDVVTDPSVQKGQPSKVFQGKTGTVWNVTPRAVGVLVNKRVRGRIVRKKISVRTEHVRKSRCQQDFKERVRHNELVKRTGVGKKIKRQPVGPREGQLLKLRKKPIPLGAKKFVFSEVYNF
3055,CAY09586.1,NCBI,aL21,Ribosomal protein aL21,MPGGQGLRARTRHMFARGFRQKGFIPLTTYLRTYKLGDMVDIKVNGAIHKGMPHKWYQGKTGTVWNVTKRAIGVEVNKRVGHRIMKKRIHVRVEHIVPSRCREEFLTRRASNDAAKAAAKAKGEPVPKTKRVPAGPRDGFELIPAKVETIAAIPYDIIKEGLV
3075,XP_011397455.1,NCBI,aL21,Ribosomal protein aL21,MPGGQGYRACTRHTFQRGYRTKGFIPLTTYLRNYHVGDYVDIKVNGAVHKGMPHKYYHGKTGVVWNVTKRAVGVEINKQVNGRYIKKRIHVRIEHVAPSRCKEDFLRRVKSNDEARRQAKAAGAPKPITKRQPAGPRLEGFTLENVSMETITPIPYDILKEGVL
3088,A0A383VVX5,UNI,aL21,Ribosomal protein aL21,MPGGQGLRHRTRDLFQRGFRQKGFIPLTTYLRTYKLGDYVDIKMNPAQQKGMAFKWYHGKTGIVWNVTKRALGVEVNKTVNGRIIRKRLHVRIEHVQPSRCREDFLRRRETNDRIKHEAKVKGEKPPSTKRLPKGPRDGFTLENVTMETITAIPYDIVKEGLQ
37360,CEO99768.1,NCBI,aL21,Ribosomal protein aL21,MPHSFGYRARTRHMFARDFRKHGRLNQTTYLRSIKIGDYVDVVGNGSIQKGMPHKFYHGKTGKVWNITPRAIGVIINKPIGNRIMAKKIHVRIEHCRPSRCQEDFKKRVRENQAVRVANKSRPKDQQLPLPAVRQPESGIPAHTVKTSQTTVELLQPQAHISFYV
461836,KNC54400.1,NCBI,aL21,Ribosomal protein aL21,MPHHRGYRMGTRHMFSRGFRKHGNIGLKTYLQQYKIGDFVDIKVNAAQHKGMAHKFYHGRTGRVFNVDKRGVGVIVNKLVRNRILRKKISVRIEHIKPSKCRDEFVNRVKENARITSAAKARGEKAHPKRQPAGPREGFTVKTDIAEVEDIAPLAYENLF
52970,A0A6U4VVV8,UNI,aL21,Ribosomal protein aL21,EHAQARDHQPKETMGCGRARGVRRNTRDMFSKAFGQKGLPSMSTYLAPYKVGDYVDIVVNGAIHKGMPYRYYHGRTGKVWNITKSALGVMVNKAVRGRIISKRLHVRVEHVKASRCTEEFKNRVKDNEKTKALAKKAGKHIKILKRLPKDPKPGFIVRVKKDVEGKKLQPAVMCAVPYELLA
5722,XP_001276845.1,NCBI,aL21,Ribosomal protein aL21,MGHTEGLRHATRYLFARKFRKHGAPAPSITLRTFRIGDIVDIKVNGALHSGMPNRVYHGATGIVWNVSPHAVGILVKRRVNNHIAPKRIYVRTEHVFPSKSKNDFVARWQANLKAHEEAKKAGTKIALPKRLPAQPRASHVVKPELIQTITNAPFRENW
5741,EES98660.1,NCBI,aL21,Ribosomal protein aL21,MTHSQGYRCKTRYCFARKFRRHGMANLTTYNRVYRLGQYVNIKVNGAYHKGMPHRYYNGRTGTVFNIGPRALGVQIQKRVRGRIMLKRINVRLEHVHPSDCRKNHLERVAANDAARRLAKETGQPVPCLKRQNALPRTAHLVSIASAIDITPVKYDGVF
5762,EFC47505.1,NCBI,aL21,Ribosomal protein aL21,MPHSFGYRARTRHTFARGFRAHGILSSKFFLTNFKLGDFVTVKVNSNEHKGMPHRIYHGKTGRVWNVTPRAVGVEITKQVRGRIINKRFHVRIEHVVKSKCRQDFLERCKLNNKIALENKDKPVEQRKKFVKRLPAQPRPSFTLKVENVVDVIPPEFVETA
5888,CAK58741.1,NCBI,aL21,Ribosomal protein aL21,MTHSYGLKKGTRSKFAKPFRGHGNISIRKTLQTFRRGDFVDILVDGAQHKGVPFQYYHGRTARVFNVNPRGIGVSLQRRVRGRYVEKRFHVRADHLRPSKCREEFVKRVQENDKKKTEPNKQKKHISTKRQPVLPRNAEVVKPTATVFQHPKAFVEII
70448,XP_003083625.1,NCBI,aL21,Ribosomal protein aL21,MGNQRARSRGLRHGTRNLFSRGHREHGTLNTTTYLRTFRVGDYVDIKVNSAQQKGMPYLQYQGRTGQVWNVTPRAVGVEINKQIGGRIARKRIHVRIEHVQHSRCREDFIARREANDKAHHEAHLAGKKITTKREVTGQPRTGFTLENVKSELLTPIPYDILREGMKY
13706,ORY98049.1,NCBI,aL24,Ribosomal protein aL24,MKLEICAFSGHKIYPGKGKVFVRSDSKTFRFINGKTESLFLQRINPRKIGWTQVYRRLNKKGVTEEARKKRTRRTVKHERAVAGATWDDIRAKRSEKPEVRAAARQAAKAAGKKTTKA
1514140,A0A6U1YUK5,UNI,aL24,Ribosomal protein aL24,MVIPTELCALSEYRIYPGNGKCFIRRDGKPIFFGSSKAQSLTMQRKKPAKLVWTQAWRRLNKKGLTETSMKRRARRTNKVARAVVGISLEDIRKRASQKPEFRTAQRDAALKEVKGRKGAKGGKGGSKGQAGGKAFAAKVPKNVKRAKGGKK
2769,CDF32398.1,NCBI,aL24,Ribosomal protein aL24,MVVKTDLCFYSGFRIYPGHGRRYIRTDGRQYVFINSKSEASFHMKRKAAKHSWTQLYRRLNKKGIQEETQRRRNRRKVSAAPKAVEGAPLEVIKAKRNQRPEVRKAARDAALKDIKERKKAAKPKTRSQIPSGRGAKKMPVAQRR
2801,A0A6V0R0G1,UNI,aL24,Ribosomal protein aL24,MVVKTELCHFSGFRIYPGRGRRYIRVDGKSFTFLNSKSESLFQQRRRPAVFSWTAIYRRLHKKGIQEDTTRRRARRSKAVVTKAVEGASLEVIKAKRAQKPEVRKAARDAALKEIKERNKAAKGKKAPAAGGKAEKGGAAQKAAKAAPKAAPAKQKR
2903,R1FPS7,UNI,aL24,Ribosomal protein aL24,QVVKTDVCAYSGLRIYPGHGIFYVRADQKSFKFINRKSKSQFLQRLNPRKIAWTQLYRRMHKKGTMEERVGRRGGANARTTNKAVVGMTLDVIKAKRSQKPEVRAAAREAALREIKERNKAKQAAKKAEQ
3039,QLA09627.1,NCBI,aL24,Ribosomal protein aL24,MRKENCLFSGLPVHPGHGKRFVPTLVQSTRPVLTFVTAKTRKLYLRKKNPRVIRWTVTYRKLNKKTATVEEIRKRNKKSKKILRPIAGADLETIRQKKAQRDTIREASREAALKELEARKAKRVEAKTGGKDVKKAAPKSKPVAPKMPKTSVKKGGR
3055,XP_001694951.1,NCBI,aL24,Ribosomal protein aL24,MVLKTNTCRFSGLRIYPGKGMIFIRTDGQHYMFLNKKCKSYYHNRLRPAKLAWTVTYRKQHKKDQISEVQKKKRRTAAKSNNRSIVGTSLEVIQKKRAEKPEVRQASREAAIREVKERAKKQKAERAAAAKAAAGPQKAAPKVVGRGKR
3075,XP_011398916.1,NCBI,aL24,Ribosomal protein aL24,MVLKTTTCRFSGLRIYPGRGILFIRVDGQQFLFLRRKCKSLYNQRKRPAKLAWTTLYRKQHRKDQELLVQRKKRRAVTKNATRSVAGTSLEVIAKKKAEKPEQRKASREAALREIKERAKKDKASKAGQKAANKAAGKSVAKNVPRAAGKAGAKSTGR
3088,A0A383W1Z5,UNI,aL24,Ribosomal protein aL24,MGESCQRAVERFNSTPAAGSPANSVAMVLKTTLCRFSGLRIWPGRGMLFIRTDNQQYLFLSKKCKSLYHNRLRPAKLAWTTTYRKAHKKDQVTEVARKKRRTASKATARAIVGVSLEVINKKRTEKPEVRQASREAAIREIKERAKKAKADKAKQSKAAAAKSAPAPKAVGRGKR
37360,CEP02236.1,NCBI,aL24,Ribosomal protein aL24,MVIKTETCFYSETKIYPGHGTQFVRKDGKLLHFQNSKNASLYHQGIKAMRLTWTMAWRRLNKKVRVDIVSKRRAKRKVRIQKPVAGQSLEDLRKKRAARPILRNLAKEAQAREVKERKKTAASKPAGKAAASRPQQPKMKFSKKGTR
461836,KNC56292.1,NCBI,aL24,Ribosomal protein aL24,MKVETCAFSGHKIYPGKGMTFIRSDARLFKFGSRKARAHYNMRHNPRKMAWTQVFRRMHKKGNLSSFKAKKSRRVVKFQRGFVGASLAEIREKVQAQRDLRAVKKQAVAKAKGASAKPTKAERRAAKKAKRAEKAAKTVKAGRPNLGGR
52970,A0A6U4UM89,UNI,aL24,Ribosomal protein aL24,ANLTGGSDVKMVVKTDTCVFSNFRIYPGHGTLFIRIDGKAFRFINGKNEASFHMKRNPRKLNWTMFYRRLRKKGTQEDQLKKAKKRVVTSSAVTRGFAGLSIEQLKLKKDETPERRKAAREADVRKIKEQKKEEAKKKKEANAGKANANKASAAKMGKAGGAVLQPGRSSAPGKKAAR
5755,L8HJG6,UNI,aL24,Ribosomal protein aL24,MRIEKCWFCGSPVYPGHGIAFVRNDAKVFRFCRSKCHKNFKMKRNPRKLRWTKAFRRAHGKEMVVDSTLEFEKRRNRPVKYDRDLVRHTLQAMKRVDEIKGAREKSFYRQRMKEAKTQEAKANLRDLQKYKQNVIKVPASIVKTPTKVKVLAAPAKMEVTDN
5888,XP_001437444.1,NCBI,aL24,Ribosomal protein aL24,MVIKTDLCSFSEWRIYPGHGRRFVAKDGRLFYYLNQKSRAFSARKIKSQEIQWTVAWRRLNKKIKTDEGAKKRRIRNLKVQRAIVGISLEEIRRRRKEDEKTRKAQAEQAAREIKDRKQKQIETQKQQKKGVTTTQKAAQKAETKAAQKAAAKGAGKPKGKK
70448,XP_022841224.1,NCBI,aL24,Ribosomal protein aL24,MVLKTEKCSFSGLRVYPGHGMRLTKQDSSTFLYLNGKCKKLAEQKKKPAKLAWTYAYRKAHKKDIETTTRKKTRRVNKNAFTRSLVGASLEVLAKKRQEKPEVRAAAREAALREIKARAAKKKGGKK
13221,A0A6S9U317,UNI,aL30,Ribosomal protein aL30,MEASKIAKKKKGTSESINARLALVMKSGKANLGYKSTLKSLRQGKSKMILISSNCPPLRRSEIEYYAMLAKTAVHAYAGNNIVLGTACGKMFRTSVVSIVDVGDSDILRSTADA
13706,ORY90016.1,NCBI,aL30,Ribosomal protein aL30,MAPAVKKTKKAAESLNAKLALATKSGKYTMGYKSTLKTLRQGKAKLIIIAANCPPLRKSELEYYAMLSKTGVHHYNGNNIDLGTACGKLHRAGVLSIIDGGDSDILSTQA
1514140,A0A6U1YLS5,UNI,aL30,Ribosomal protein aL30,MVAPKKQKKAIESINSRLALVMKSGKVSLGLSTTLKSLRQGKAKLVIIANNCPPLCKSEIEYYAMLAKAGVHHYTGNNIDLGTACGKYFHVSVLSITDPGDSDIIRTMPTES
227086,A0A6T7C5L3,UNI,aL30,Ribosomal protein aL30,MSAKKGKKTMESINSRLALVMKSGKYVLGYKQTLKTLRAGKAWLIIIAKNCPPLKRSEIEYYAMLAQTGVHHYTGNNIELGTACGKFYRVSCLSITDPGDSDIIMPKDEGKRD
2769,CDF36029.1,NCBI,aL30,Ribosomal protein aL30,MVKAKKKTTENVNARLALVVKSGKYTLGFKSTIKTLRSGKAKLILIASNTAPLRKSELEYYAMLAKCQVHHFQGNNIDLGTACGRYFRTSAMAITDPGDSEIDSVFLNQES
2801,A0A6V0NMG3,UNI,aL30,Ribosomal protein aL30,MGKKKNTTENITAKLTLVIKSGKYTTGYKSTLKSLRTGRTKLILIAGNCPPLRKSELEYYAMLSKCTVHHFAGSNIDLGIASGKQYRVSTMCITDPGDSDILKTVSPEE
2903,XP_005790576.1,NCBI,aL30,Ribosomal protein aL30,MAPAEKVTKKKKNTSENINARLALVMKSGKAVLGYKSTMKSLRQGKAKLVLIGSNCPPLRKSEIEYYAMLAKTGVHHYSGNNIALGTACGKMFRCSVLSITDPGDSDIVRSINPESA
3039,QLA09631.1,NCBI,aL30,Ribosomal protein aL30,MVSKKAKKQDQNINSRLQLVVKSGKYCLGYQSTLKSLRQGKSKLVIIANNCSPMRKSEVEYYAMLSKTSVHHYAGNNIDLGTACGKFFTASMLSIIDAGDSDIIRAMPQ
3055,XP_001702608.1,NCBI,aL30,Ribosomal protein aL30,MAPATKKTKKTQENINARLALVMKSGKYTLGYKTCLKTLRSGKAKLVIICNNCPAVRKSEVEYYAMLAKTGVHHYGGNNVDLGTACGKYYRVSVLAITDPGDSDIIKTVE
3075,JAT72206.1,NCBI,aL30,Ribosomal protein aL30,MAVVKKSKKSVESINSRLSLVMKSGKYTLGYKTTLKTLRNGKAKLVIISNNCPSVRKSEIEYYAMLSKSSVHHFSGNNVDLGTACGKLHRVSVLTITDAGDSDILKTTE
3088,A0A383V3I6,UNI,aL30,Ribosomal protein aL30,MVAASKKTKKSQENINSRLALVMKSGKYTLGYKTCLKTLRSGKAKLVIVSSNCPPVRKSEIEYYAMLSKTGVHHYSGNNVDLGTACGKYFRVSVLAITDPGDSDIIKTTGSE
37360,CEP03336.1,NCBI,aL30,Ribosomal protein aL30,MVAPTQQKKAKKAIESINSRLQLVVKSGKYSLGYKSTLKSLRMGKAKLVIIANNCPALRKSEIEYYAMLAKTGVHHYSGNNIELGTSCGKYFRVSCLTITDPGDSDIIRSMPQ
461836,KNC53575.1,NCBI,aL30,Ribosomal protein aL30,MVATKKKGGSESINSHLALVMKSGKFCLGYKQTLKALRAGKAKLVLLSSNTPPLVKSELEYYSMLAKTGVHHYDGTNNDLGAACGQYFRVSMMAVIDEGDSDIIQSIPSEA
52970,A0A6U4Z4B2,UNI,aL30,Ribosomal protein aL30,MPKKNKSTAENINSRLALVMKSGKYTLGHKSTLKTLRSGKSKLVIICNNCPPLRKSEIEYYAMLSKASVIHYTGNNVELGTACGKYFRVSTLSITDPGDSDIIRTTPEGEQ
5722,XP_001323740.1,NCBI,aL30,Ribosomal protein aL30,MGRKKLSRARESIINSLSLVTKSGKYQLGIDKTLQSLRNGEAKLVIFASNVAPAHRSLIEYYAMLSGCDILPFDGDNVDLGTACGKYFRSSVISIIDAGESEILKMIKQKDE
5741,EES99317.1,NCBI,aL30,Ribosomal protein aL30,MSTKVATKKAQDSISLTLTLVVKSGKYTLGTDQAIRNIRDGKAQLVFMANNCPPLVKSQVDYLCHLSKTPVRLFAGSSRELGIAVGKQFNVSIMTVLEAGDADLTSIIG
5755,XP_004339588.1,NCBI,aL30,Ribosomal protein aL30,MVSTKKQKKAQESINSRLALVMKSGKYTLGYKSTLKSLRQGKAKLIIISTNCPPLRKSEIEYYAMLAKTGVHHYTGNNIDLGTACGKYFRVSSLSITDPGDSDIIRQLPGNQ
5762,XP_002672877.1,NCBI,aL30,Ribosomal protein aL30,MSTQTKQTTQQQGKKKTSENINARLQLVMKSGKYTLGYAETMKNLRQAKAKLIIVSNNIPPIRKSEIEYYSMLSHADIYFYPGNNIELGTACGRYHSVGVMSVLEAGDSDIVRAVKMMQNQ
5888,CAK85658.1,NCBI,aL30,Ribosomal protein aL30,MVKNVAQESVNQKLQLVVRSGKITMGYKQTLKAIRNGTAKLVFISNNCPTIRKTQIEYYAMLAQITIVLYQGNNVDLGTGVQKESLFFFD
70448,CEG00618.1,NCBI,aL30,Ribosomal protein aL30,MAPKQGSKKAAEGINSRLTIVMRSGRYTLGYKSTLKTLRKGASKLVLIANNCPALRKSEIEYYAMLAKTGVHHYAGNNVDLGTACGRYYRVSCLSITDPGDSDIVKDQAEA
13221,A0A6S9RHI6,UNI,aL31,Ribosomal protein aL31,MSTKKGGKINRTADVVTREYTVHLRKLLHGVGFKKRAPRAVKEVKAFAEKMMGTKDVRVDTKLNKFLWSQGVKGVPGRVRVRLARKRNDDEEAADKLYTLCTHVPVERHAYKGLVTVNVDE
13706,ORZ03035.1,NCBI,aL31,Ribosomal protein aL31,MSSKTTQKRSTLADVVTREYTIHLHKMVHGRSFKKRTPHALKSVKAFAQKAMGTEDVRVDPALNKALWSTGVRNVPHRIRVRIARKRNDDEDAKHKLYSYVTYVPVASFKGLETAVVDDE
1514140,A0A6U1THS3,UNI,aL31,Ribosomal protein aL31,MAKDRADRKPKPDLVSRDYTIHLSKRVHKTTFKSKAPKAIKEIRKFAQKAMGTKDVRIDTKLNKHVWATGVRSVPTRVRVRLSRKRNEDEEADEKLYTLAQLVEVSSFKGLQTENVDAA
2769,CDF41155.1,NCBI,aL31,Ribosomal protein aL31,MAKDRKPKGSEVVTRDYTIHLHPKLRKYGFKRKAPRAVKVIRDFATKTMGTSDVRVDTRLNKEIWKTGVRNVPYRIRVRLSRKRNDDEDAKEPLYTLASYVPVTTFKGLQTVTIEE
2801,A0A6V0MER4,UNI,aL31,Ribosomal protein aL31,MPKGIKASELVTREYTINLHKRTHRVQYKKRAPRAINQIRIFAQKAMGTADVRVDTKLNKEIWRTGIRNIPFRVRVRLARMRNEDEGAKEPMYTLVTHVPVASFKGLENKTIDE
2903,XP_005766965.1,NCBI,aL31,Ribosomal protein aL31,MAKGAGKIKRSEDVVTREYTIHLKKLLHGIGFKKRAPRAVKEVKAFAKKMMGTDDVRVDTKLNKFLWSQGIKAVPGRVRVRLARKRNDDEEATDKLYTLCTHVVVERHQYKGLQTVNVDE
3039,QLA09632.1,NCBI,aL31,Ribosomal protein aL31,MVKAEEKVQKKPVLKKDGKKVVAKKTKKSKPKPKVVKKTVKKAKNQPLSLETTINLHRVVFGCTFKRRARKAIKAIRGFVRRVMKTHDVRIDPKLNKFVWSGGVKGVPFRARLRLDRKRSEDEDSKKKLYTVVSWVPVHDFKNLTHKKIEE
3055,CAA47044.1,NCBI,aL31,Ribosomal protein aL31,MAKDKSRSKEQVTREYTIHLSKRLHKTSFKKCAPKAVKEIRKFASKVMGTSDVRLDVKLNKAVWSKGIKNVPTRLRIVISRRRNDDEDAKEEMYSFVTVAEDQSTKGKGTVVVQDA
3075,XP_011400013.1,NCBI,aL31,Ribosomal protein aL31,MAKDKSRSTELVSREYTINLGKKLHDISFKKRAPRALKEIKKFASKQMNTSDVRIDIKLNKAVWSQGIKNVPRRLRIVVQRKRNEDDDDKEQLYSFVTLADDQNTKGKGTVLLDA
3088,A0A383WKP6,UNI,aL31,Ribosomal protein aL31,MLQMVKERRSKEVVTREYTINLHKKLHSIKFKSKAPRAVKEIRAFAEKVMGTKDVRLDVALNKAVWSKGIKNVPNKLRIVISRRRNDDEDAKEEMYSFVTAAQDQSLKGKGTTVVQDS
37360,CEP00946.1,NCBI,aL31,Ribosomal protein aL31,MVKAGAERKTTRASEIVTREYTINLHKRLYGVSFKKRAPRAVDEIRKFAKQMMKTDDVRIDADLNKHVWSKGIRNVHYRVRVRLHRKRNEDEDAKQKLYTLVTYVKCDDFKKMQTVNVEDEE
461836,XP_013762881.1,NCBI,aL31,Ribosomal protein aL31,MVRAKQEKKDRAPDECQWEATVNLRKATYKIANKRKAPKAIKAIREFARKMTGTPDIRIEDSLNKFVWSKGIRAPPGRVRILLTRQRNNDDEAEHKLYTLVSHLEVASFKGRKPHRIEQM
52970,A0A6U4ZIN2,UNI,aL31,Ribosomal protein aL31,MGKKGEKKARVSDVITREYTINMHKRLLGQTFKKRAPRSVTEVKKFAKKVMGTSDVRIDQKLNKYLWSKGVKNVPYRVRVRIFRKRNDDEDAKEKLYSLCTLVEVDTFKGIGTQIVQE
5722,A2D9N8,UNI,aL31,Ribosomal protein aL31,MPKELAPAKIETTIHLQKAVHGTTRRFRAERAIKVIAAAAKKMMHTDVVKIDPELNSRIWIHGKNCPPTRVRVTFERKADEEDAEKMITIASFKNVASFNGLQTTKVVDQ
5741,ESU44986.1,NCBI,aL31,Ribosomal protein aL31,MNCSCKKRALRSVMGLIYEHTIRLNKAVRGKPSKKAAPIAIRAIRAQVEKLAKVDDVRLDPSVNVFVWSRGIRHVPRRIRLEVRLEGDDEHKFAYVINKDVENFKHLTTEKKGDADGSE
5755,XP_004358072.1,NCBI,aL31,Ribosomal protein aL31,MPKKENKGVNKNTVLAREYTINLHKRTHGLQFKKRAPRAMKEIKAFARKAMGTSDVRLDVKLNQFVWSQGIRNVPYRVRVRLSRKRNEDEEASEKMYTLVSYVPCKDFKGTVTQVVEDV
5762,EFC37820.1,NCBI,aL31,Ribosomal protein aL31,MSNIVEKPKRKAFVPKKKLPSEVALESTFNLHRELVGKPIQRRAARAVRAIKSHARKVMNCSRVKLDPELNKYVWNQGIHNPPKKVRLILRRMANPNHEDWDKVNKFQVIVGFKIVPTFKGLHTAVVQESESD
5888,XP_001424701.1,NCBI,aL31,Ribosomal protein aL31,MGKKEKGKQNPLGEVSRDYTINLHKAVHKETFKRKAPRAVSHIIRFAQKNMLTEDVRVDPQLNEEIWKTGIRNLPRRIRVRLQRKKKEEDDGKGKYYTLAQHVPVDSFANLKTEITKVQ
70448,OUS43306.1,NCBI,aL31,Ribosomal protein aL31,MGRESKPADVITREYTINLGKAITGVTFKKRAPRAVAAIKKFAQKTMKTSDVRIDVKLNKAVWSKGIRNVPKRIRVQISRKHNDNKDADEDLYSYVTVVDTPNGFSGLGTDVIDHE
13221,A0A6S9RWP2,UNI,aL32,Ribosomal protein aL32,MAAGGAPTPLPHKKIVKKKTNKFKRHQSDEYVKVKESWRRPRGIDSRQRKKAKGLTLLVNVGYGSDKKTRHMLPSGFYKMVVANVKELEMLLMQNRTYAAEIAHNVSARKRKAIIERAAQLNIKVLNAGAKLKAEENE
13706,ORY96445.1,NCBI,aL32,Ribosomal protein aL32,MVTPAVKHTIVKKRTATFKRHQSDRFNRVGESWRKPKGIDSCVRRRFRGQAPMPKIGYGSNKKTRHMLPNGFQKFTVKNVADLDMLLMHNRTFAAEVAHNVSAKKRVELLERAAQLNVKVINAGARLRSQE
1514140,A0A6U1XCM3,UNI,aL32,Ribosomal protein aL32,MFDSADLTRMVRPLVKKTIIKKRRAKFFRQDSDRRITVKPSWRKPKGIDSPVRRRFKGYPLMPSIGYGSNKKTRHLLPNGLKKFIVYNVKDVELLLMHNRSFVAEIAHNVSVRKRTQIIERAGQLSVTVTNASAKFRTEDNE
227086,A0A6T7AC07,UNI,aL32,Ribosomal protein aL32,MVCASESASSVDKMVKPLVKHNIVKKRKKKFIRHQSDQFMRIARSSWRRPKGIDSRVRRRFKGQIKMANIGYGTNKKYRHVLPNGFLKFRVSNVKELEVLLMHNRKYAAEIAHNVSLKKRKEIVLRAAQLNIKVTNAKAKLTTQENE
2769,CDF39862.1,NCBI,aL32,Ribosomal protein aL32,MVKSQNTLKIVKKRTRKFKRHQSDTQMRVPESWRRPKGIDSRVRRKWRGKVSMPNIGYGSNKKTRHMLPNGFFKFLVHNVNELEVLMMQNRVYCAEIAHSVSCRKRIAIIDRAAQLDIKISNAGARVKVEETE
2801,A0A6V0NIH8,UNI,aL32,Ribosomal protein aL32,MPKPLTKPTIIKKRTKKFRRHHSDRYDRVPESWRRQRGIDSCVRRKFRGNIRLPNIGYGSNKTTRHRMPSGFYKFVVSNVAELSMLLMHNRKYAAEIAHNVSASKRKAILEKAAQLDVKVVNAPARLRTEEAE
2903,XP_005787789.1,NCBI,aL32,Ribosomal protein aL32,MAPVPLPHKKIVKKKTNKFKRHQSDEFVKVKESWRKPRGIDSRQRRRFKGLTLLVNVGYGSDKKTRHMLPGGFYKFTVSTVKELDVLLMQNRRYAAEIAHNVSARKRKEIVERAAQLNIKVLNGGAKLKSEENE
3039,QLA09633.1,NCBI,aL32,Ribosomal protein aL32,MARVGVNRTVTRKELKKKKHVPHFKRYQSWRHVRVSESWRKPHGIDSAFRRRFKGYPAMVGIGYKQPKNVRHVHPDGKRQFLVHNLKDLEVLLMYNKKYAAVIGHSVGARKRKSIVTRAKELQIKVTNANARLRAEEHE
3055,XP_001695517.1,NCBI,aL32,Ribosomal protein aL32,MVQPLKKVKIVKKRTKHFDRHQSDRKDSIKTSWRKPKGIDNRVRRRFKGALPMPNIGYGSNAKTRHTLPNGFLKYTVNNVKDLELLMMHNRRFCAEIAHNVAVLKRKAIVERAAQLNIRVINGAARLRSQEDE
3075,XP_011396614.1,NCBI,aL32,Ribosomal protein aL32,MVAPLVKVKSVHKHTARFKRHQSDRKISVKESWRRPKGIDSRVRRKFKGCGVTMPNIGYGTNKKTRHVLPNGFLKFIVSNVKDLELLLLHNRKYAAEIAHNVSTLKRKAIVERAAELNVNVLNAGSRLRSQEDE
37360,CEO94324.1,NCBI,aL32,Ribosomal protein aL32,MVAPLVRHKIIKKRQAKFIRHQAHNFLRVPLKWRRPKGIDSVVRRRFRGNIKMANCGYGTNKKHKHILPNGFMKFSVSNAKDLELLLMHNRKYAAEIKSQVSVRKRKEIVERAAQLNIKVINGNAKLRTEEHE
52970,A0A6U4UA13,UNI,aL32,Ribosomal protein aL32,MVGSASKLRPATRPKIVKKKTNKFVRFEADLFKRMNPAWRKPHGMDGRFRRNFKGTPKHVKIGYGSNTKTRYLLPDGFHKFKVSNVKELELLLMHNKKYAAEIAHNVSTRKRKAIVERAEQLSIKVCNRAAKLRSEEAE
5722,XP_001313819.1,NCBI,aL32,Ribosomal protein aL32,MVNPAEHKPIIHKKTNRFHRPQSDLWNRVPSAWRHPRGIDSRFRRKYRGTPLHPSAGFGSDKETRFMLPNGFIPVIVRSLKDLDMLLTKNTTHGAMISAQVGAKLQQEIIKKAQELNIEILNQARKHVAQEQ
5741,KAE8303996.1,NCBI,aL32,Ribosomal protein aL32,MAGEMIHPLPHKIIIKKRKNKFIRFQSERFVRVKPSWRKPRGIDSPMRHQYRGQRPMVSIGYGSDKETRFMLPCGFFKHRISTVHELKTLFMNNKTHAAQIAHGVSARSRKQILEEAKKMGVRVLNADAKLRKEEL
5755,XP_004333102.1,NCBI,aL32,Ribosomal protein aL32,MTQPLIKKRIVKKRTKKIARFQSDLFLRVKTSWRKPRGIDNRVRRKFKGSLIMPKIGYGSNKKTRHMLPNGFHRFRVYNVNDLELLLMHNRKYAAEIAHNVSSKKRREIIERAAQLNVKVTNASARLRTEESS
5762,EFC43536.1,NCBI,aL32,Ribosomal protein aL32,MSVTPALRVKPVHKRDKKFRRFDAHKFTRLAQKTTWRCPHGIDNPLRRHYRGHGALPSSGFGTAKVSRFHDRKTRLIPYVVANAKDLEVLLMHNNKYAAVISAKTGAQKRKQIVERAKELDIKVLNATARLKTEETQ
5888,CAK56323.1,NCBI,aL32,Ribosomal protein aL32,MVVKALAHKRIVHKRTKRFVRFESEDYPHKLRPSWRRPRGIDNRVRRRFRGNRPMPKAGYRGDKKTRYLDQSGFRKLLITNEKDLELLLTNNRTFAGELAHNLSARKRATLVRRAAELNVRLTNGKGKVRAEEKKE
70448,CEF97489.1,NCBI,aL32,Ribosomal protein aL32,MVTPLIKHKIVKKRKATFKKYQSDRYKRIANTSWRRPKGIDSRERRKFKGLPPMPNIGYGTAKKTRHLLPNGFLKFTVHNVKDLDLLLMHNRKYCAEIAHNVSTLHRKAIVERAKQLNVKVSNAAARLRSEEDE
13221,A0A6S9RG02,UNI,aL34,Ribosomal protein aL34,MQEVTVVMVQRVTYRRRKSFNTASNKFRKLKTPGGKLVLHYTGKKGKRPSCGDCKKPLSGIAMMRPSELKNVSKRQKTVTRAYGGSRCARCVRTRIVRAFLIEERQLVKKVLKAQAVTKPSS
13706,ORZ00199.1,NCBI,aL34,Ribosomal protein aL34,MVQRLTYRRRLSYNTRSNRVKAVKTPGGKLVYQYQKKPVKGPRCGDCGEALAGIKALRPRVFANISKRQKTVNRAYGGSRCGSCVRNRIVRAFLIEEQKIVKRVIKQQKK
1514140,A0A6U1U7N6,UNI,aL34,Ribosomal protein aL34,MALDNRTVRLGRQPYNTKSNKTKPIKTPGGRLVPHKIVKKTKGPVCGDCKVSLPGVKHLKGSKYRNLKKRERTVGRKYGGTVCGGCVRTRIVRAFLLEEQKAVKKLMQERAAAK
227086,A0A6T7ILK4,UNI,aL34,Ribosomal protein aL34,MVQRLTYKRRHCYNTKSNKVKIIKTPGGKLTFQYTEKKRKAPRCGDCKAPLFGIPAVAPKVMRTLVKRQRKVARAYGGSRCHSCVRTRIVRAFLIEEKKIVKDVQRAQKAKSKKK
2769,R7Q857,UNI,aL34,Ribosomal protein aL34,MPDARVTLRRKSPFCTRSNKFKKVRTPGGKLTIQYLKKLPSTPKCGDTGRPLFGVAVARPKELKRMSKRQKSVSRCYGGVLSGYAVRNRIVRAFLLEEQKIVKKVVKQHKKQKLASQ
2801,A0A6V0MLA6,UNI,aL34,Ribosomal protein aL34,MPDARVTHRRRHSYATISNRFRKVKTPGGKIAVQYVKKTPTRPKCGDTGAKLNGIAVVRPKTLMQLSKPKKNVTRAYGGNLSGGAVRNRIVRAFLIEEQKIVKKVLKSKAKK
2903,A0A6S9SW02,UNI,aL34,Ribosomal protein aL34,FRTRAWSRVLSMVQRVTYRRRMSFATKSNVVRKVRTPGGKLTLQYVGKQAKRTGCGESGCDRPLSGIKAHRPQELKRISKRQKTVSRPYGGAKCGKCVRTRIIRAFLIEEQKIVKKVLKAQTAEQPKK
3039,QLA09635.1,NCBI,aL34,Ribosomal protein aL34,MAIGGTRVRYRRHNTKNTRSNKIRTVRTPGSRITVLYRKKLPKGPHTPVSLGHKPIPGVKRLRSIQRKSAPKRHLTVSRAYGGCLTHDLVRERIIRAFLIEEQKIVKRVLKAQSKKKRKFRKRAKADE
3055,XP_001697940.1,NCBI,aL34,Ribosomal protein aL34,MAPRMTYRRRHSYHTKSNAVRIVKTPGGKLVYQYKKKQEKHPKCPVSGARLHGFAATPHTQLHTLPKRAKKVNRIYGGCLSHKVVKERIIRAFLIEEQKIVKKVLKLQKAQQEKPTK
3075,XP_011398868.1,NCBI,aL34,Ribosomal protein aL34,MVQRLTYRRRHSYHTKSNRQRIVKTPGGKLVYQRQVKPASFPVCPISGQRLNGLPAVRPRELSRLNKSKKTVQRAYGGHLAAGVVRERIIRAFLVEEQKIVKKVLKLQKAKEAAAVKKESAGKGGRKKK
3088,A0A383WDJ7,UNI,aL34,Ribosomal protein aL34,MVQRLTYRRRHAYATKSNRIRVLRTPGGKLVVQTQKKPTKAPRCGATGVTLQGLPARRPADCSAKRLAKRHKSVNRAYGGHLAHGVVRERIIRAFLIEEQKIVKKVLKLQKAKERSSK
37360,CEO96017.1,NCBI,aL34,Ribosomal protein aL34,MQRLTYRRRHSYNTKSNKVKVVKTPGGKNVLQYRKKRANGPKCGDCGLKINGIPALRPIEMKSVSKRQRTVSRAYGGSRCGTCVRQRIIRAFLIEEQKIVKAVLRQRSGKKQAAPAAEPAK
461836,KNC48717.1,NCBI,aL34,Ribosomal protein aL34,MVQRVTYRRRLSYNTKSNRTRVVKTPGGRLVVHYMKKKPKGVSCGDCGVQLHGVKCMRGMQQSRAAKSDLSVNRAYGGSRCPGCVRSRITRAFLVEEQKIVKRVLKAAAAKEAAKAKKKAKKAKKKTKSKK
52970,A0A6U4SAM2,UNI,aL34,Ribosomal protein aL34,MCCKSDPCGCDIMKDTRLAFRRRHSYNTKSNKTRVVKTPGGRLALLYVKKQASVPKCGDCGDKLRGMAALRPNQLKKTQTCKRLKHVTRAYGGARCGKCVRQRIIRAFLIEEQTIVKRRLNEQMKAGKKD
5722,XP_001303733.1,NCBI,aL34,Ribosomal protein aL34,MVDNRYTLRRSLGFHTIRNRVAPVRTPGNKLVAHYIAKRQNGPHCAETGKRINGIKCVKTCELRRMKKNQRTVSRPYGGVYCGSVVKDRIINAFMEEEARAAQERKMANEQKKKGK
5741,ESU36395.1,NCBI,aL34,Ribosomal protein aL34,MADCRVTCRFHSTYRTRSKIVRYKRTPGNRLTSLRVKKLPNAPHCAETGKQIHGIPRVIPQHLTRQQRKVSRPYGGKLCGSALRAHILESFLNEENQALREIAAQTAKTAKQTAGKGHAK
5762,XP_002674631.1,NCBI,aL34,Ribosomal protein aL34,MSLDKRVTIRRTKTYNTRSNLQKLVKTPSGKLVVQFTKKKVKAPTVPKYLGGEAVRGLKRLRPSENKRASRSTRTISRAYGGVLNHNHLKERIVRAFLMEEKKIVKQVKKIKAQKDKATETK
5888,CAK62715.1,NCBI,aL34,Ribosomal protein aL34,MGVRVTYRRRTSYNTRSNKIRKVKTPGGNVVVQYPNKKTTASTCADSNLSVVLNGLKRIRPTKLKQLARRQRTVSRPYGGVLSAGALKNRIIRAFLVEEVKIVKQIKK
70448,OUS49602.1,NCBI,aL34,Ribosomal protein aL34,MAPRVTYKRRHAYNTRSNKIMKKRLPGGRLGIAYVKKTTKGAQTPSGDNGRIHGVPRVATQKYSRKHMSKNKKSVSRAYGGVLSGGAVRERIVRAFLVEEQKIVKKVLKLQAAKEGK
13221,A0A6S9QYH6,UNI,aL37,Ribosomal protein aL37,DVGHEAAQRAGVMGTKNALKKQIQKTHTRCRRCGRTSFHIQKKVCAGCGYPSARLRSYNWSKKMIRRKTRGTGRMRYEKDLPRKFKNGFREQTQAPARKKKTTA
13706,ORZ00384.1,NCBI,aL37,Ribosomal protein aL37,MTKGTTSFGKRQTKTHTLCRRCGKRSLHKQKKTCASCGYPAAKIRKFNWSEKAKRRKTTGTGRMSYLKKVHRRFLNGFREGTQAKKAVAATA
227086,A0A6U3DX16,UNI,aL37,Ribosomal protein aL37,MTKGVGRTGTRNDKSHTLCRRCGKSSFHIQKGVCSSCGYPGKKMRRFNWANKAKRRRTVGTGRMKYMKHIPRRFKNGFRENITAPSRKPASK
2769,CDF33368.1,NCBI,aL37,Ribosomal protein aL37,MTKGTSSYGKRTSKTHTLCVRCGRRSYHIQKKTCASCGYPSARKRTYNWSNKSKRRRTTGTGRLRHLRDMPRRFKNGFREGTVAVKSTPAPVS
2801,A0A6V0R8A5,UNI,aL37,Ribosomal protein aL37,ALPHHPSLTLATAAHPPHRPATMTKGTTSFGKRTSKSHTLCTRCGRRSYHIQKSQCASCGYPAARKRTYNWSVKSKRRRTTGTGRCAHLKSVQQRYKNGFREGQVAPAKKHGAAAAQ
2903,R1FR54,UNI,aL37,Ribosomal protein aL37,MGTKNALKKQIQKTHTRCRRCGRTSFHIQKKVCSACGYPSARLRSYNWCKKMIRRKTRGTGRMRYEKDLPRKAKNGFREQTQAPSRKKKAA
3039,QLA09637.1,NCBI,aL37,Ribosomal protein aL37,MTKGTTSFGKRNGRTHKLCKRCGKRSWAVQKKRCAACGYPNPKMRSFNWSEKAKRRNTMGTGRMRHMKNVLKKAAVRQRQDQVAPHQKRKTAENRKKFALSRKTKLAKDAKKAEAAQ
3055,XP_001702514.1,NCBI,aL37,Ribosomal protein aL37,MGKKGKGTGSFGKRRNKTHTLCRRCGRTSYHNQKHVCSACGYPAARKRTYQWGQKAIGRKTTGSGRMRYMKTLARRFKNGFREGSEAKPKVATA
3088,A0A383WLX7,UNI,aL37,Ribosomal protein aL37,MGKKGKGTGSFGKRRNKTHTLCRRCGRRSYHIQKSTCASCGYPAARKRTFQWGQKAIGRKTTGTGRMRHLKDLPRRFKNGFREGTEAKPKVAAA
37360,CEP01916.1,NCBI,aL37,Ribosomal protein aL37,MTKGTQSFGKRTSKTHHLCVRCGRRSFHLQKHTCASCGWPRPKMRKYNWSAKACRRRTTGTGRMRTLRHIGTKLKNGFREGTKAVSAKAVAAKAGKK
461836,KNC56293.1,NCBI,aL37,Ribosomal protein aL37,MGMASMRIQTKGTSSFGKRHTKTHVLCRRCGQRAYHVQKATCASCGYPSTKMRKYNWCTKAHRRRTTGTGRMKYLKHMPRRAKNGFREGTQAKKVKKSA
5722,XP_001308491.1,NCBI,aL37,Ribosomal protein aL37,MGAGTPSFGPRHNKTHTICRRCGNRCFHIQKSKCAKCGYPDATMRHYDWEKKAHRKRAQGSGEMRHLKVTFAKLQRAYAPK
5741,XP_001706189.1,NCBI,aL37,Ribosomal protein aL37,MSKGTASFGKRHTRIHGSCRRCGKHSFHLQKHECASCGYPSAKMRRYNWSYKSLRRRTQGTGSMSHMRKVYRAYNSGTLKANARKYLAK
5762,XP_002673425.1,NCBI,aL37,Ribosomal protein aL37,MTKGTQSFGLRHTKTHGMCPRCDRRSYHIQKKTCASCGFPSPKIRKYQWAYKAIRRNTTGTGRCRYLKLALRRERNGWKVGSTPKAAVNNKQN
5888,CAK64919.1,NCBI,aL37,Ribosomal protein aL37,MARGTPAIGKRHQKTHTFCKRCGRQTFHIQKNRCASCGYPAARLRLYSGWGEKVARRRSTGTGRMRYLKSIARRAKNGFRAGTQAQPKVKNTQKK
70448,CAY07445.1,NCBI,aL37,Ribosomal protein aL37,MGKKGKGTGSFGSRRNKSHTLCRRCGKRSYHIQKSTCASCGYPSARVRKYNWSVKAIGRKTTGTGRMRYLKTLPRRFKNGFREGTAATKKA
13706,ORY94854.1,NCBI,aL39,Ribosomal protein aL39,MPSNKSFRTKVKLGKKQKQNRPLPHWFRMKADTKIRWNAKRRNWRHTKLNI
2769,CDF39366.1,NCBI,aL39,Ribosomal protein aL39,MPAHKSFMIKKKLARKARQNRQVPNWFRMKVDTKIRYNNKRRHWRRTKLGF
2903,XP_005758984.1,NCBI,aL39,Ribosomal protein aL39,QPANKTLRTKKTLAKKLKQNRPIPQWIRMRTNNRIRYNAKRRHWRRTKIGL
3039,QLA09639.1,NCBI,aL39,Ribosomal protein aL39,MGAIKTLKQKLKYGKKMKQNRPIPYWVRFKTNSKQRYNEKRRHWRRTKLKM
3055,XP_001695146.1,NCBI,aL39,Ribosomal protein aL39,MPSNKSFKIKQKLAKKAKQNRPIPHWIRFRTDNTIRYNAKRRHWRRTKLGL
461836,XP_013756418.1,NCBI,aL39,Ribosomal protein aL39,MAAHKRLKTKKILAKKARQNRPLPQWIRLRTGNKIRYNAKRRHWRRTKLNI
5722,XP_001315092.1,NCBI,aL39,Ribosomal protein aL39,MAAHKTLRTKRILCKAMKVNRPMPQFIRQMTGVRHIRNPLTRHWRRRKMNI
5741,KAE8301470.1,NCBI,aL39,Ribosomal protein aL39,MTANKTLSRKLRLAKKTKTNKNIPRWVIAKDHLKKTWNYKRHHWRRSHLKL
5888,CAK76494.1,NCBI,aL39,Ribosomal protein aL39,MFIQGAHKSLRMKKRLIKANKQNRPLPNWFRYRTDNTIRYNSKRRHWRRTKLNIN
70448,XP_022838527.1,NCBI,aL39,Ribosomal protein aL39,MPSNKTFKIKKILGKKQKQNRPLPQWIRMRTGNTIRYNAKRRHWRRTKLNL
1514140,A0A6U1WQI8,UNI,aL40,Ribosomal protein aL40,MQIFVKTLTGKTITLDVEPSDTIDNVKTKIQDKEGIPPDQQRLIFAGKQLEDGRTLSDYNIQKESTLHLVLRLRGGVYDPSLALLAKGYNCEKAICRKCYARLPPRATNCRKKKCGHTSQLRPKKKLK
227086,AAP34635.1,NCBI,aL40,Ribosomal protein aL40,MSMQIFVKTLTGKTITLDVDSSDTINTVKQKIQDKEGIPPDQQRLIFAGKQLEDGRTLADYNIQKESTLHLVLRLRGGVIEPALQELARKYNCHKKVCRKCYVRLHPRAINCRKKKCGRTTQLRVKKKLK
2769,R7QQT8,UNI,aL40,Ribosomal protein aL40,MPLSFRHHLHHSLLTHTAGPGSKLCSAETTLVRKMQIFVKTLTGKTITLEVEASDNIANVKTKIQDKEGIPPDQQRLIFAGKQLEDDRTLSDYNIQKESTLHLVLRLRGGLIEPTLAALARATNCDRMVCRKCYARLPPKAVNCRKKKCGHSNQLRIKKKIKP
3055,XP_001700313.1,NCBI,aL40,Ribosomal protein aL40,MQIFVKTLTGKTITLEVESSDTIENVKAKIQDKEGIPPDQQRLIFAGKQLEDGRTLADYNIQKESTLHLVLRLRGGIIEPSLQALARKYNQEKMICRKCYARLHPRAKNCRKKSCGHTNQLRPKKKLK
3075,A0A087SL21,UNI,aL40,Ribosomal protein aL40,MQIFVKTLTGKTITLEVESNDTIDNVKAKIQDKEGIPPDQQRLIFAGKQLEDGRTLSDYNIQKESTLHLVLRLRGGIIEPSLLILARKYNQDKMICRKCYARLHPRAVNCRKKKCGHSNQLRPKKKLK
3088,A0A383V920,UNI,aL40,Ribosomal protein aL40,MSSARQHNAIANFHQCCSLAHSRRSVGEGKMQIFVKTLTGKTITLEVESSDTIENVKSKIQDKEGIPPDQQRLIFAGKQLEDGRTLADYNIQKESTLHLVLRLRGGIIEPSLQILARKYNQDKMICRKCYARLHPRAKNCRKKKCGHTNQLRPKKKLK
37360,A0A0G4IGV5,UNI,aL40,Ribosomal protein aL40,MPLGSIDAFAMTMQIFVKTLTGKTITLDVDSGDTIETVKAKIQDKEGIPPDQQRLIFAGKQLEDGRTLADYNIQKESTLHLVLRLRGGAIEPSLQALARQYNCDKKVCRKCYARLHPRATNCRKKKCGHSNQLRPKKKIK
461836,XP_013753337.1,NCBI,aL40,Ribosomal protein aL40,MQLAMQIFVKTLTGKTITLEVESSDTIENVKTKIQDKEGIPPDQQRLIFAGKQLEDGRTLSDYNIQKESTLHLVLRLRGGVIEPTLQALARKYNCDKMICRKCYARLPPRATNCRKKFCGRTSQLRKKKQLR
52970,A0A6U4ZFE2,UNI,aL40,Ribosomal protein aL40,MQIFVKTLTGKTITLEVESSDTIDMVKSKIQDKEGIPPDQQRLIFAGKQLEDGRTLADYNIQKESTLHLVLRLRGGIIEPSLLVLARKYRTEKKVCRRCYARLPMRAVNCRKKKCGHSNQLRLKKKLK
5722,XP_001301380.1,NCBI,aL40,Ribosomal protein aL40,MQIFVKTLTGKHITLEVEPTDRIEDVKAKIQDKEGIPPDQQRLIFAGKQLEDGNTLQDYSIQKDSTLHLVLRLRGGGKEAYEPSLRILAEKTNVKRSVCRKCYARLSERAQQCRHKQCGHCKSIRPKKAGKE
5755,XP_004335122.1,NCBI,aL40,Ribosomal protein aL40,MQIFVKTLTGKTITLEVESSDTIENVKQKIQDKEGIPPDQQRLIFAGKQLEDGRTLADYNIQKESTLHLVLRLRGGVIEPSLQVLARKYNCDKVVCRKCYARLHPRAVNCRKKKCGHSNQLRPKKKLK
5888,XP_001429699.1,NCBI,aL40,Ribosomal protein aL40,MQIFVKTLTGKTITLDVEPSDTIDAVKAKIQDKEGIPPDQQRLIFAGKQLEDGRTLSDYNIQKESTLHLVLRLRGGGMEPTIAAIAKKYNVEKKICRVCYARLPPKAHNCRKRKCGHSNQLRIKKKPKD
70448,XP_022840962.1,NCBI,aL40,Ribosomal protein aL40,MQIFVKTLTGKTITLEVESSDTIDNVKAKIQDKEGIPPDQQRLIFAGKQLEDGRTLADYNIQKESTLHLVLRLRGGIIEPSLVVLAKKTNVDRAVCRKCYARLPPRATNCRKKKCGHSNQLRLKKKLK
13706,ORY98244.1,NCBI,aL41,Ribosomal protein aL41,MGLLGEGQRRERKKKRKKRKRTKKRRRRENQKGCQKLADRMCIITIYSLLHD
2903,XP_005777169.1,NCBI,aL41,Ribosomal protein aL41,MGSQAQKRSRHNSELLLLPPPLTETRCRRSRRRRRRRRRRRRRLAPRLRHRRPPSRSGAS
3039,QLA09641.1,NCBI,aL41,Ribosomal protein aL41,MGSISRPRGMRRKWRKKRMKRLQRRRRKMRQRSK
3055,XP_001696118.1,NCBI,aL41,Ribosomal protein aL41,MRAKWRKKRMRRLKRKRRKMRQRSK
37360,CEO94289.1,NCBI,aL41,Ribosomal protein aL41,MAIYGRGALVKVPAVCVKSVTAFSAFIPVDYVVAMRGKWKKKRMRRLKRKRRRAKAKAH
5722,P0CX86,UNI,aL41,Ribosomal protein aL41,MRAKWRKKRTRRLKRKRRKVRARSK
5741,A0A132NTS5,UNI,aL41,Ribosomal protein aL41,MNTEKPCTEENFENEIMRAKWAKKRMRKLKRKRRHMKARSK
13221,A0A6T0DKF2,UNI,aS04,Ribosomal protein aS04,MARGPKRHLKRLNAPRHWMLDKLGGIWAPRPSTGPHKLRECLPLILLLRNRLKYALTGKEVKYILMQRLVKVDGKARTDIKFPAGFMDVIGIEKTDEYFRLLYDVRGRFMVHRISQEESKYKLARVKSLAMGAGGIPHIVTHDGRTIRYPDPLVKANDSVKIDLETGKMTDFIKFETGNLAMISGGKNTGRVGVIISREKHQGSFDIVNLKDSAGHIFATRLGNVFVIGQGSRPYVSLPKRKGIKLSTLEERAIRPPKM
13706,ORY99171.1,NCBI,aS04,Ribosomal protein aS04,MARGPKKHMKRLAAPKHWMLDKLLGSYAPKPSSGPHKTRECLPLIIFLRNRLKYALNGREVQSILMQRLVKVDHKVRTDSTFPAGFMDVITIEKTGENFRLVYDVKGRFAIHRITDEEAKYKLCRVKKVLTGKKGIPYVVTHDGRTIRYPDPLIKANDTIRFDLVNNKIVDFTKFEIGNVAMATGGRNIGRVGLIVHRERHIGGLEIVHVKDSLGRVFATKQSNVFVIGSGKKAWVSLPKGKGIKLSIAEERDRRRAAAAATN
2769,CDF33120.1,NCBI,aS04,Ribosomal protein aS04,MARGPKKHLKRLNAPSHWMLDKMGGVWAPRPSTGPHKMRESLPLNLILRNRLRYALTGREANMIVMQRLIKVDGKVRTDKTFPAGFMDVVTIEKTDETFRLLYDVKGRFKLHLITKDEGAYKLCKVKRQQTGMKGVPYIATHDARTIRYPDPVIKVDDTVRVNIGTGKIEDILKFEVGNLCMITGGHNIGRIGIIQLREKHPGSHEIIRVRDAMGHDFATRKTNVFIIGKGSEPAISLLKNKGLKKSIIEEQEAREKAKPVAV
2801,A0A6V0P039,UNI,aS04,Ribosomal protein aS04,RGPKKHMKRLAAPKHWMLDKLGGIYAPRPSTGPHKLRECLPLIIILRNRLKYALNGREVVSILMQRLLKVDGKVRTDKTYPAGFMDVITLEKTNEIFRLLYDVKGRFMLHRISPEESKYKLCKVKRQQTGPRGVPYVATHDGRTIRYPDPLVKVDDTVMVDIESGKIMDLIKFDVGNVCMITGGHNIGRVAMLMHREKHPGSSEIIRLRDANGHDFATRKANVFVIGKGNKPLVSLPRSKGIKLTILEERELRTGKKA
2903,A0A6U9DIV9,UNI,aS04,Ribosomal protein aS04,MARGPKRHLKRLNAPKHWMLDKLGGIWAPRPSTGPHKLRECMPLIILLRNKLKYALTGKECKYILMQRLIKVDGKTRTDLKYPAGFMDVISIEKSDEYFRLVYDIRGRFNVLRISKEEASYKLARVKKLEMGAGGVPYVVTHDGRTIRYPDPNVKVNDTVKIELADNKITDIMTFETGNIAMISGGKNTGRVGTIVHRERHPGSFDMVQVKDAQGHIFATRLSNVFVIGKGTKPMVSLPKRKGIKKTIMEERTERPPKQ
3039,QLA09580.1,NCBI,aS04,Ribosomal protein aS04,MARGPKKHLKRLAAPKHWMMDKLGGIFAPKPRAGPHKSQQCLPLILIVRNRLKYALNYREAHMILKQRYVKVDGKVRTDIKFPAGFMDVIEIPKTGDKFRVLYDTKGRFILHKIKGEEVDFKLCKVVKKGTAKKETPYVVTHDGRTLRFPDPNLKKNDTVVIDLKTGKIKEWVRFKVGCLLMVTSGANTGRVGELVNRERHPGSFDIIHLKDAADNKFATRADNVFVIGSSIYHPLVSLPKLKGVKLSIVEDREKKLAHNSKKQKQKKQKR
3055,XP_001691218.1,NCBI,aS04,Ribosomal protein aS04,MVRGPKKHLKRLNAPYHWMLDKLSGIFAPKPSAGPHKQRECLPLLLILRNRLKYALTGKEVQSILMQRLVKVDGKVRTDHTYPTGFMDVISMEKTDENFRLVLDTKGRFVVHRISKEEAAYKLCRVRKVEFGKGGVPYVITHDGRTIRYPDPEIKANDSIMLDIETGKIKEFVKNDVGALVMVTGGHNAGRVGKIVHKEKHKGSFEIVHIEDAAGNRFATRLTNIFVIGKEGKPLISLPKGKGIRLTIIQEQKKRYEAGQA
3075,XP_011402198.1,NCBI,aS04,Ribosomal protein aS04,MVRGPKKHLKRLNAPKHWMLDKLGGIFAPKPSAGPHKTRECLPLILLLRNRLKYALTGREVVAILKNRLVQVDGKVRTDKTYPVGFMDTITIPKTDEHFRLVYDAKGRFVVHRISKEEATYKLCKVKRMQFGKGAIPYIATHDGRTIRYPDPDIRENDTVLLDLETGKIREFVHFDVGSLVMVTGGHNNGRVGTITRKEKHKGSFDIVYIRDAVGHSFATRATNVFVIGKGDKPLVSLPKGKGIRQSILQEQAKIFGKTAAVH
3088,A0A383WKB4,UNI,aS04,Ribosomal protein aS04,MVRGPKKHMKRLNAPSHWMLDKLGGIFAPKPSPGPHKQRECLPLLLVLRNRLKYALTGKEVKMILMQRLVRVDGKVRTDTTYPAGFMDVIELEKTNEHFRLVFDTKGRFVVHRITPEEASYKLCKVRRMQFGKGGIPYIATHDGRTLRYPDPDIKEQDTVMLDLETGKIKDFIKFDLGNLAMVTGGHNNGRVGTIVHKERHRGGHDIVHIEDAAGNRFATRISNVFVIGKGNKPLISLPKGKGVRLTILQEQAKRYTA
37360,CEO96095.1,NCBI,aS04,Ribosomal protein aS04,MARGPKKHLKRLNAPRKWMLSKLGGIFAPRPSPGPHKLRESIPLVILLRNRLKYALTRRECMVIVMNRSIKIDTKVRTDVNFPAGFMDVVTIEKTNENFRILYDTKGRFLLQKIKESEANYKLCRVKKLSKGNKTSVGRNPNHFGQLAAVPFIVTHDGRTIRYPDPVIRVNDTVKVDLTTGNVVDFIKFDLGQLAMITAGNNCGRIGTIVGRDRHDAAFDIVRVRDRKGHTFATRIDNVFVIGKGEEPWVTLPRGGGVRLSIEEDREHRLKKQKEF
461836,KNC47661.1,NCBI,aS04,Ribosomal protein aS04,MAARGPKKHLKRLNAPTHWMLDKLTGVWAPRPSTGPHKLRECLPLVVLLRNRLKYALTRREVILIVMQRLVKVDGKVRTDATYPAGLMDVVTIEKSGENFRLVYDEKGRFQAVKIGAKAASFKLGKVVRQQLGPRGIPYIVTHDGRTIRYPDPDIRVNDTVKIDIATGKVTKFIKFAVGNICMVTSGRNIGRVGVLHDKEHHAGGFDIVHIRDDAGREFATRLNNVFILGDDKPWIKLPNNKGIKADIFEDRERRMNNQTTQSL
52970,A0A6U5B1D8,UNI,aS04,Ribosomal protein aS04,DTRQLVKLHSQQVKMARGPRKHMKRIAAPKHWMLDKLTGVFAPRPSPGPHKLRECVPLLLLIRNRLKYALNYKECKVICNSRSIKVDSKIRTDMTYPCGFQDVISIEKTEEHFRLLHDTKGRFLLNRITQQEAAYKLCRVKALGVGSGAVPHITTHDGRTIRYPDPLIKPNDTVKVNLATNKIEDFAKFEVGNICAITAGHNIGRIGTIQHTEKHPGGHNIVHVKDKTGATWATRQGNVFVLGTGNTAAISLPRNKGIKLSIVEEASRRAQKASKRD
5722,XP_001297934.1,NCBI,aS04,Ribosomal protein aS04,MPRCQRFHLKRLTAPHHWLLAKSAGKFASHPSTGPHKLRECLPINIFLRDRLKYALTAKEAVAIVKRRLVKVDGKVRTNYRYPTGLMDVIELGKSNELFRIIYDCKGRFCVHHIEAKEASFKLLRVNQFKIGAKGIPHVVTHDGRTISYVDPSVRVHDALKFNIKTGEVESVIKFKVGDVAMVTAGGNVGRVGTIQKIEKQMASFDIVHLKDTSGAVFATRIMNVFVIGENEHPLISLPAREGVRPSILEGINQE
5741,EES98307.1,NCBI,aS04,Ribosomal protein aS04,MARGPRKHLKRLNAPKHWLLDKMGGIWAPRPTNGPHGLRECIPLILILRNRLHYANTYAETNMILKDKNVLIDNKPRIDPTFPIGFMDVFEIPKVHKVFRVLYDVKGRFTLIPIQSNEAGFKLCRVQKIFLGDKGMPYLVTHDARTIRFPHPDIKTNDTIKINLKTGKIDEWYKFDIGKVVMVTGGRNCGRIGTIQAIDKHMGSYTMIRMKDSEGAEFITRLCNVFIIGNDSPAVTVPSTKGIRPDIIKNRELRLRSIAKRGGGVYE
5762,EFC41660.1,NCBI,aS04,Ribosomal protein aS04,MARGPRKHTKRIAAPKHWMMSKLGGVYAPKPKPGAHAARESLPLLLLLRNRLKYAATAKEVNVILKQRLVKVDGLVRTDKSYPSGFNDVISIDKTNEHFRLLFDTKGRFVIHPISEREANYKLCKVTKRGTATQGVPYIQTNDGRLIRFPDPSIKVNDTVKVDIETGKVTKSVHFESGNLCMVTGGHNQGRIGEIVNRELHPGSFEIVHVKDIAGNNFTTRANNVFVLGQGHSSMITLPKGKGLKLNVVEDRKKQMRLAKKSKKAGLKKKTESK
5888,CAK68287.1,NCBI,aS04,Ribosomal protein aS04,MNSINIVHNNKIFLIFQFFLQTIMARGPKKHMKRITAPKSWMLSKLGGNWTTRPSQGPHKLRESIPLSVILQHKLKYALYAREVQTILADKDGNIKVDGKVRSDFGYPVGLQDVITIDKTRESYRVLYDVQGKFILKSIKPDEAKFKLVKVTQKKVGPNNVPYIVTSDARTIRYPNPDIHVNDTLKIDLETGKVVDFLKEEPGNLCYIIGGNNIGRVGLIQHRERHLGSFDIVHVKDSNGKHFSTRINNIFTIGKGKKSLISLPDDNGLYLTALEKKQAREHQEETKKQ
70448,CEG00570.1,NCBI,aS04,Ribosomal protein aS04,MARGPKKHLKRLNAPKHWMLDKLGGVFAPKPSPGPHKQRECLPLCLILRNRLKYALTYKEVTTILMQRCVKVDGKIRMDKCFPCGIMDVVSIEKSDEHFRLIYDTKGRFVVHRIEAVEAQYKLCKVRSKKLGDKGVPCVGLHDGRTIRYPDPVIKEGDSVMVDIATNKITDSVKFDVGALCMITGGHNAGRVGVIQRREKHIGSFEIVHLKDAAGQEFATRATNVFAIGTGNKPMISLPKGKGIKLSIVDEQKQ
13221,A0A6T0EH66,UNI,aS06,Ribosomal protein aS06,MKLNIANPATGCQKLIEIEDEKKLRTLYDRRLAAEVDGAELGDEFKGYVFKILGGQDKQGFPMKQGVLTQDRVKLMMSKGDQGCRGYGMRKGERYRKSCRGCIISHQIAVLHMVIVKKGDEEIEGLTDKQIPRRLGPKRASKIRKLFALSKEDDVRKYVIRREIPAKEGKKPKSKAPKIQRLVTPVTLQRKRHRLAVKKARQQKAKTEAADYQKLLALRQKESREKRQEKISQRRSQRSSRAED
13706,ORZ03291.1,NCBI,aS06,Ribosomal protein aS06,MKLNIANPATGCQKLIEIEDERRLRAFMDKRMSQQVAGDSLGDEFKGYVFRISGGNDKQGFPMKQGVLVPHRVRLLMGKGHSCYRPRRTGERKRKSVRGCIVSSDLAVMSLVVVKKGEQDIPGLTDKTVPKRLGPKRASKIRRFFNLSKEDDVRKYVIRREVQPKKEGAKPYTKAPKIQRLVTPRTLQHRRQRVAIKRRRAEASREAEAEYKQILAKRAKEAKQAQAQRKADRRRTSSIKQEKKKAETA
227086,A0A6U1E1J7,UNI,aS06,Ribosomal protein aS06,RNRSMKLNIACPSTGCQKTIEIEDEQKLRAFWDKRISQEVEGDVLGEEFKGYVFKITGGNDKQGFPMMQGVLISNRTRLLLKKGSKCYRPRKQGERKRKSVRGCIVSHDLSVLNLSVVKKGEADVEGLTDEKSAKPRRLGPKRANNIRKLFNLTKNDDPRDVIVRRAIEKEGKKSYSKAPKIQRLITPDRIQRKLKWKAEKRQRYEKSRAAAKEYNALVAQRLKEERERRLSYKEKRRSLSRKMSEKKAKAQ
2769,R7Q3M5,UNI,aS06,Ribosomal protein aS06,MDPDSTLSRRRPEILQNLQFNLSYRCRLVGGVSDLPCPSTIRPRRRPTLVSETQQPAQHTQYYRPVWFVLFVSRISTMKLNLADPQTGAQKKIEVEDEKRLQHLYDMRLAMEIDGDDLGEEYRGYIFRIMGGQDKQGFAMKQGVLTPNRVRLLMSKNTPGCRGYGMRSGERKRKSVRGCIISHQISVLNLLVVKNGDSPIEGLTDRTIPRRLGPKRASNIRKLFNLSKDDDVRKYVIRREIPVKEGAKEGAKPRSKAPKIQRLVTPQGIQRKRKRYARKIASITASRAAAAEYEKLLAQRNKEARESRKTSLSKRRSAREQS
2801,A0A6V0P4M3,UNI,aS06,Ribosomal protein aS06,MKLNLSNPSTGGQKQLQVDDEKKLRIFYDKRLAQEVEGDHLGDEYKGYILKIMGGQDKQGFAMKQGVLTNTRVRLLLDKGVSGCRGKAMRNGERKRKTVRGCIVSHDISVLNLMIVKKGEAEVEGLTDKFIPRRLGPKRANNIRKLFALSKQDDVRKFVIRREVPSKKEGAKPKSKAPKIQRLVTPLTLQRKRRRSALNKKTLVKNKALAAEYEKLIAQRNKEARDSRRASQSARKSLSKKESVKAAGSEKK
2903,R1CHH6,UNI,aS06,Ribosomal protein aS06,MKLNIANPSTGCQKLYEIEDEKKLRTLYDKRLATEVDGSDLGEEFAGYIFKVMGGQDKQGFPMKQGVLTADRVRLMMAKGDQGCRGYGMRKGERYRKSCRGCIISHNIAVLHLVIVKKGDAELEGLTDKQIPRRLGPKRASKIRKLFALSKEDDVRKYVIRREVPAKSEDKKPGSKAPKIQRLVTPISLQRKRHRLAVKKARQVKAKSEAAAYQKLLALRQKEAREKKAEKMSQRRSQRSSQASM
3039,QLA09581.1,NCBI,aS06,Ribosomal protein aS06,MKFNIASPQCGTIKQFEIDDEKKLVQLNDKRLAQEFDGEILDDKWKGYVFKIVGGCDKQGFPMKQGVLVNSRVKLLLKGGTVGCRKWRVRSGERRRKTIRGCIVSQDIALLNLKIVTEGEEKIEGLTDTTVPRRLGPKRASKIRRLFNLTKEDDVRKFVIRRELPAKDNKKARSKAPKIQRLITPAVIRRRANKKRKILKKLAQSKAEREAYNHLVERRKTLNRQRTKAALLRQVAGRRKKELDVINKEAAKKAAAEAAAKAAAAAAAAKAKPAPKGKAAKKK
3055,XP_001695102.1,NCBI,aS06,Ribosomal protein aS06,MKLNIAYPATGCQKKLEVDDEAKLRAFYDRRVAAEVDGEVLGEEFKGYVLKIAGGQDKQGFAMKQGVLTNARVRLLMTPGDQGFRGYGRRKGERRRKSVRGCIVSPDLAVLNLVIVKKGEQELPGLTDEEKPRIRGPKRASKIRKMFNLGKVDDVRKYVTIYSRERTDKNGKKHRKCPKIQRLVTPAALQRKRARKSLKKRQQEKNKTDAAEYHKLLMQRLKEQRERRSESLAKKRAMRVASQASKEA
3075,RMZ53995.1,NCBI,aS06,Ribosomal protein aS06,MKLNIAYPATGCQKKLDIDDDAKLRAFYDKRISQEVDGEALGEEFKGYIFKIKGGQDKQGFPMKQGVLTPGRVRVLMSPGDSCFRGHGRRDGERRRKSVRGCIVSSDLSVLNLVIVRKGVAELPGLTDEEKPRQRGPKRASKIRKMFNLTKDDDVRHYVKIYGRKIEKKNGKTTIKAPKIQRLVTPRTLQHKRHRAALKARRIESKKTQQAEYHKLLVSRLKEERERRSESLAKKRALRVQSQASKE
3088,A0A383V7Y6,UNI,aS06,Ribosomal protein aS06,MKLNIAYPTTGCQKKLEIDDDQKLRSFYDRRLAAEVEGDVLGEEFKGYVFKIMGGQDKQGFPMKQGVLTNGRVQLLMAPGDQCFRGHGRRNGERRRKSVRGCIVSPDLSVLNLVIVKKGEKELPGLTDEEKPRMRGPKRASKCVLLGARVQWLWGAVGVLNLVIVKKGEKELPGLTDEEKPRMRGPKRASKIRKLFNLTKDDDVRKYVNTYRRTFESNGKKHSKAPKIQRLVTPETLQRKRRKAAVKKAKHEKSRTEAAEYHKLLVQRLKEQRERRSESLAKKRAMRMASQASKE
37360,CEP00157.1,NCBI,aS06,Ribosomal protein aS06,MKLNISYPATGLQKCITIEDDKKLVALYDKRLSHEVNGADLGEEFAGYTFKITGGNDKQGFPMKQGVLTNSRVRLLLKQGSSCYRPRTAGERKRKSVRGCIVSSDLSVLHLVVTQKGEKDIPGLTDDTKPRRLGPKRATRIRKLFNLEKDDDVRAFVIKRKITKGDKTYTKAPKIQRLVTPQRLQRKRKWYAEQRRRIEKSKATADAYDAVVALRLKEQKERKAQRKASRRTSHVSNTQ
461836,KNC52869.1,NCBI,aS06,Ribosomal protein aS06,MKINIANPATGAQKLLDVEDDLKVRHFMDKRISAEVAADPLGEEFAGYVFKITGGNDKQGFPMKQGVLLPHRTRILLSKGDSCYRSKRSGERKRKSVRGCIVQQDLSVINVVIVKRGPADLPGLTDVSHPRRLGPKRVTKIRKLFDLDEDDDVRKFVVRRAIEKNGKTFYKSPKIQRLVTPRRLERKRRRLNEKKQIIAKKVAEAQAYADLLAERASKRKAERAAQLAKKKKGGK
52970,A0A6U4ZN75,UNI,aS06,Ribosomal protein aS06,PDSQFPSMKFNVSNPATGAQKCLEIDDERKLREFYDKRMNQEVVGDVLGDEFKGYIFKISGGNDKQGFPMKQGVMTTKRVRLLLRKGSSCYRQRRKGERKRKSVRGCIVSGDIQVLNLVIVKKGEGDLPGLTDTNVPRRLGPKRATRIRKLFALDKGDNLEQYRVKREIAREGKKPTIKAPKIQRLVTPERLQRKRALKANKRDRGQEDKLQKAAYVKLKALRVKQAKERRAEQASKRRSQNSATKSS
5722,XP_001300897.1,NCBI,aS06,Ribosomal protein aS06,MRITLAYPENGTQVVVDIDDPAALNALYEKRVGQDIEGEKLGGQFKGYLFRIGGGFDKQGFPMKQGVITPRRIRLLLKTGASCYRPRKDGERKRKTVRGCIISDEISALHCVVLQKGEKEIDGLTTTVVPRRFGPKRASTLRAMFGITDSKFDASKLVLKREVKPGKFTSPKVQRLITARRVARKNRMLKERKEKREATKKKAEQYQALLKQQQKQ
5741,A8B6L8,UNI,aS06,Ribosomal protein aS06,MPKGSFCKVNISNPVTGANKSLMIEDFRKSQTIHGLRMASEFDGAALGEEYAGCTFRITGGNDAQGFPMYQGVLKSQRARLLLRQGAKCYLHRRNGERKRKSIRGCIVGPDLHALSVVLVDAGDKTLPGLTDVVVPKRLVPKRASKIRRLFGLPTTKVDPKDQMLVCELIKELGHEVTLKNGEKKLKYPKVQRVVTDEKYARKQRVIAEKKEIMRKSLQQLEEYKALLSRMGKQHNIRIYKPAKRTVE
5762,XP_002670307.1,NCBI,aS06,Ribosomal protein aS06,MLRPNNLTPAKYPPQSNPLKRLDLLVGSGFEHMRQDVDVRQWGFSEGVFTLKHNYYHQLKFQLACRETGRTKLFEIYGSGAEAFRGRKLGDEIDGSCIGNDFRDYIFKIRGASDHLGTCYTPGLIKYGTSCILRRPGEFGYRGWQAKRKGERRRIKLKGCILDRNLRAVSAIIIRKGALEIPGLTDSIHPKTLGPKRASKIRKLFNLSKSDDVRKYVVKREVVICKKKFVKGVKIQRLITPERIRRKAQHLKQSIQRCVKRKMEKDEFDRKFKSLKQSKQHRHPRE
5888,XP_001448825.1,NCBI,aS06,Ribosomal protein aS06,MKFNISYPLTGAQKTVEIDDDKKCSIFFDKRMGQVVEADNLGEEYKGYVLKITGGNDKQGFPMRQGVLFKGRVRILMRKGHKGYRPRKDGEMKRKSIRGCIVGQDIRVLALQVVKKGANEIAGLTDQNVPRRLGPKRLTKLRRLFGFKKADGVAIVQKNLIRRTWTTKDGKKRQKAPKIQRLVTESRLRRKTIQKKTEQARRTKAKQALEAYKKLAHDVHEAHKKHRKASSEIKEQTKTAAQPKQTKQAAPVKQVAPAKDAKKAPVQAPAKTVPAKTAPAKTAPQPTQKAQPKAQAKK
70448,CEF97132.1,NCBI,aS06,Ribosomal protein aS06,MKLNIANPQTGAQKKIEITDENKLRAFYDKRISAEVEGDDLGDEWKGYVFKIMGGNDKQGFGMKQGVLTNQRVFLLMSQGTSGFRGHGRRKGERRRKACRGCIVSQDIAVLNLVIVKQGDADVAGLTDTEVPRLRGPKRASKIRKLFALTKEDDVRQYVNTYRREFESATGKKKSKAPKIQRLVTPLVIKRKHARQAAKKAKQAKSKSEAAEYHKLLALRLREQRERRSESLAKRRASSVAKKA
13221,A0A6T0C2N9,UNI,aS08,Ribosomal protein aS08,MGISRDSQHKRRLTGGKKPHHHKKRKHEMGRQMAMTKIGAKRVHPVRCRGGNIKFRALRLDTGNFSWGSEVCTRKTRILDVVYNASNNELVRTKTLVKNAIVQIDATPYRQWYEAHYGVVVGKKRRADDKEEEKKKLSTRSQAKITARQEGRQLDPNINSQFDTGRLLACISSRPGQCGRCDGYVLEGKELEFYVKRMAKKKK
13706,ORY93901.1,NCBI,aS08,Ribosomal protein aS08,MGISRDSRHKRSNTGAKRVAYRKKRKFEMGRPAAATKLGVKRIHLVRVRGGNYKHRALRLDSGNFAWGSEGQSRKTRVLTVVYNASNNELVRTNTLVKGAVVQVDATPFRQWYEAHYAIALGKKKLNDDKIAEVENIEAKSKRVQKTLEARRANGQVDPLLEDQFAAGRLYAVIASRPGQSGRCDGYILEGKELEFYLRKIKSKK
1514140,A0A6U1TMK4,UNI,aS08,Ribosomal protein aS08,MGISREGRHKRRETGGRREKYRKKRKFELGRPAAMTKIGEKRVHEVRCRGGNLKFRALRLDSGNFSWGTEVCTRKVRILDVTYNASNNELVRTKTLVKGAIVLIDAHPFKEWYEAHYGVKIGVKKGQKAHADEEAPKKSERVQRKLAARQKNRTLEQPLDHQFASGRLLAKITSRPGQCGRCDGVVLEGAELHFYQRQMAKK
227086,A0A6U0ALW8,UNI,aS08,Ribosomal protein aS08,MRRNRPRRSMGLSRDKRHKRRATGGRRAIHIKKRKYEMARPPSMTKIGAKRVKVVRVRGGNYKYRAMRLEFGNFSWGSEAIAKKTKILDVSYNASNNELVRTKTLVKNTIVQVDAVPFREWYKQHYGVVLGKKKNEAEAKDEKSVSEATKKKQAARRKFMGVIESQIEDQFRQGRLYACISSRPGQSGRADGYILEGEELQFYLKKMSAKKKK
2769,CDF37189.1,NCBI,aS08,Ribosomal protein aS08,MGISRDSRHKRRLTGGKHPYFRKKRKFELGRQPSMTKLGTKLVRPVRVRGGNLKMRALRLETGNFSWGSEGFSGKSRILNVVYNASNNELVRTNTLVKGCIVQIDATPFRQYYHRHYGIDIGKKKAGEGAGEVISAKRAEKQKKRAEGRLELDQGVADLFQSGRLLASLSSRPGQCGRADGYLLEGKELEFYTRMMQKKKKAGK
2903,XP_005783873.1,NCBI,aS08,Ribosomal protein aS08,MGISRDSQHKRRLTGGKKPHHHKKRKHEMGRQMAMTKIGAKRIHPVRCRGGNMKFRGIRLDTGNFSWGSEVCTRKTRILDVVYNASNNELVRTKTLVKSAVVQIDATPFRQWYEAHYGATLGKKRKDKAGDEKDATPVQRSSSVQKKIAARQAEKIIDPNINSQFDTGRLLACISSRPGQCGRCDGYILEGKELEFYVKKMARKKK
3039,QLA09583.1,NCBI,aS08,Ribosomal protein aS08,MGITRWDLHKKRATGGKRHIHRKKRKFELGRPPAATKLVHGERRVRRVRTRGGNRKWRALRLSGGIFSWGSENTAKHCRILDVVYNATNNELVRTKTLVKGCIVQIDGTPFRNWYYKWYGIRLCNPKEVEKERRKQAGIAAKKKQSRKKVDEEEEEVKKVSKKDKKGSKGKEAKKSAKKDEEEEKPSKKEKKGKADKKADDKKDSKKKEKAETAEKKTAEKKEGEKKKGKRVYKNHLRKTHLRRKQKGFGLEEGLQAQLAVPVCKILARISSRPGQDGRANGYILEGKELEFYQKKLDKKKHKK
3055,XP_001696201.1,NCBI,aS08,Ribosomal protein aS08,MGISRDSLHKRRATGGRKKHWRKKKKYEMGRVPANTKLSTNVAVRTVRVRGGHTKFRALRLDTGNYSWGSEAVTRKVRILDVVYNASNNELVRTQTLVKNAIVQVDATPFKQWYQKHYNVELGAKNQAEIVPKPEEIKGSNHVKRKIKERLQKRKLDSHLAEQFSTGRLFACISSRPGQCGRCDGYILEGKELEFYVKKMQKKKSKAA
3075,RMZ56279.1,NCBI,aS08,Ribosomal protein aS08,ISRDSLHKRRATGGKQKAWRKKRKYELGRQPANTKLSSNVTVRRVRVRGGNSKFRALRLDSGNFSWGSEATTRKTRILDVSYNASNNELVRTQTLVKNAIIQIDAAPFKQWYQQHYGVEVGLKKRSAAAAAPAEEVKQSDHVQRKLKLRNKDRTLDPLLDEQFSVGRLYACISSRPGQCGRADGYILEGKELEMVRTKTFKEEHPLEKRQAEATRIREKYPDRIPVIVEKAEKSDIPDIDKKKYLVPADLTVGQFVYVIRKRIKVSPEKAIFM
37360,CEP02281.1,NCBI,aS08,Ribosomal protein aS08,MGISRDSRHKRRATGGRRKIHQKKKKYELGRPAANTKIGEKRIHVVRCRGGNLKFRALRLETGNFSWGSEVTTRRTRIIDVVYNATSNELVRTKTLVKGAIVVIDATPFRQWYTQHYGVDLGLKKHEKGSDEITPVSATVDKKHKKRLEKHVIDPKVEEQFVSGRLYACIASRPGQCGRCDGYILEGKELEFYMKKVQKKKHK
461836,XP_013755606.1,NCBI,aS08,Ribosomal protein aS08,MGISRDSRHKRRATGGKRAGWRKKRKYEMGRQAANTKLVSSGAEKRIHPYRVRGGNYKFRALRLDCGNFSWPSEAVTRKCRIIDVVYNATSNELLRTKTLVKSAIYYKSYYGIALGKNPEAVKRQSKHVKRAADLEPLEEAIKRQFNTGRLYAKLTSRPGQCGRADGYVLEGEELDFYVRKMK
52970,A0A6U4SQU0,UNI,aS08,Ribosomal protein aS08,RTRKSAMGITRNSYKKRRATGGKQPQYRKKRKYELGRASANTKLGTKRVRTVRVRGGHTKYRALRLEHGNFSWGSESVSRRTRVLDVVYNASNNELVRTKTLVMGAVCQVDATPFRQWYVQHYGGELGKKTEDDAKVGKGVAKKREARLTKSGPVDASLGDQFRTGRLFAKIASRPGQHGRVDGYILEGSELAFYLKKMAKKKGKGKD
5722,XP_001305421.1,NCBI,aS08,Ribosomal protein aS08,MGITRMGDLKHTKSGARQVAWRKKRNFLAGRPSAQTRIGEKRIHAVRVRGGNLKMRALRLETGTFAWASENCTRKTRILNVTYHPADNDLVRTNTLARGSVVSIDAAPFKQWYERQFGKALGKSQYVKPEKVTDKMTQRWAANKDGGVVAPELVAEFDQGRLLAVITSRPGQCGRADGYILEGEELAFYSDKIAKKK
5755,XP_004367925.1,NCBI,aS08,Ribosomal protein aS08,MGISRDSKHKRRATGGKRKIHRKKRKFELGRPPALTKLGSQRIHPVRCRGGRIKYRALRLETGNYAWPSEAVTRKTRVLGVVYNASNNELVRTNTLVKSAIVQIDATPFRQWYEQHYGINLGKAKTGAAAPAKTEAKKEAAPKKGKKESTKKDAKKEAAPKKEGEAAAAPAEPAAPAVVTDNTRRKLAERRKERIPLAQSLVDQFAAGRLYASITSRPGQCGRCDGYILEGEELNFYLRKLQKKKGKAQQ
5762,EFC44295.1,NCBI,aS08,Ribosomal protein aS08,MGITKSDLHKKRVTGGKRKIHRKKRKFELGRAAANTKMGKTKISMVRVRGGNYKVRALRLNSGNFAWGSEAMSTPTRIMDVVYNATNNELVRTKAIVKGAVVLVDASPFKQFYEKTYGISLGKKKEDLLEKMDEKTKAKVLENRKKAPEVDPLLKEQLSTGRLLARIRSRPGQVGRADGIVLEGAELAFYLKRIQQKKSKK
5888,CAK71585.1,NCBI,aS08,Ribosomal protein aS08,MGISRDSRHKGRLTGGRMPIHKKKRAFEKGRQAAMTKLISGEKRVRRIRVRGGNFKFRALRLSEGNFSWASQGVAKKAKIVEVVYHPSNNELVRTKTLTRGVIVQVDATPFKQWYAKKYNVELGPKKKDKKDAPADQTKKSNSLQKKLAQRAKDNVIDQLVQEQFSNQRLLVRITSRPGQSGRADGYILEGKELEFYVKKVEQKKK
70448,CEG02139.1,NCBI,aS08,Ribosomal protein aS08,MGISRDSLHKRRATGGKQKPWRKKRKYELGRQPANTKLSSNVTVRQVRCRGGNVKHRALRLDTGNYSWGSENCTRKTRILDVVYNASNNELVRTKTLVKSAVVAVDAAPFRAWYAQHYGKKIGIKVKNGAKVEEEDIDEKRSKSVTMKLRRRNRDHAVESAIDAQFSTGRLLAIVTSRPGQCGRCDGYILEGKELEFYQRKLSKKHHNAATAAAVAN
13221,A0A6S9QBW4,UNI,aS17,Ribosomal protein aS17,MGVRTKTVKKAARVIIEKYYARLTMDFQTNKRVCEEVAIIPSKGLKNKIAGYTTHLMKRIQRGPVRGISLKLQEEERERRMDFVPEVSAVDTDVIEVDQETKGMLRALDMANLPGIVYQQSNAGWKGGDKKRM
13706,ORZ00812.1,NCBI,aS17,Ribosomal protein aS17,MGRVRTKTVKKASRVLIEKYYPRLTLDFQTNKRIVDEVAILQSKRLRNKIAGFTTHLMKRISRGPVRGISFKLQEEERERRDNFVPEFSALDTSAIEIDPDTQDLLKSLNFENLPGVQVTQPVAAQPRSSAVAPAVTTVYQS
1514140,A0A6U1W9Z5,UNI,aS17,Ribosomal protein aS17,MGVRTKTVKKSSRTIVEKYYPRLTMDFHTNKRIIDEVAITPSKRMRNKIAGFTTHLMKRIAKGPVRGISLKLQEEERERRLDFVPEVSALEQETIQIDPDTRDLLENLGYGSLSGVAVNQAVDRP
227086,A0A6T7DT40,UNI,aS17,Ribosomal protein aS17,MGRVRTKLVKRASRQIIEKYYQRLTFDFHTNKRVVEEVATIPSKRLRNKIAGFTTHLMKRIQKGSVRGISLKLLEDERERRMDTLPEQSAIDTSNIKIDKDTDELLKSLNFRNIEGVAVDDNMNNYDKRDRKDRRKH
2769,CDF35824.1,NCBI,aS17,Ribosomal protein aS17,MGRVRTKTVKKSARQIIEKYYSRLTLDFQTNKRICDEVAVIPSKRLRNKVAGFVTHLMTRIQKGPVRGISLKLQEEERERRMDFVPEVSAIDTDVIEVDSETRDMLKELDLAKLPGLVLQQTQTGGRGRRYERR
2903,XP_005774247.1,NCBI,aS17,Ribosomal protein aS17,MGVRTKTVKKAARVIIEKYYARLTLDFQTNKRVCEEVAIIPSKGLKNKIAGYATHLMKRIQRGPVRGISLKLQEEERERRMDFVPEVSAVDTDVIEVDAETKAMLRSLDMGNLQGIVVHSGQQAWKGGKDRK
3039,QLA09586.1,NCBI,aS17,Ribosomal protein aS17,MGRVRTKTVKRASKVIIEKYFQKLTQDFQTNKKVICEIAIVPSTRLRNKIAGFTTKLMKRIARGPVRGISLKLQEEEREKRMDFAPEVSQVDQQIMDQGVEVDEDTLAMLAAMDMANISHLKKVQVQLPQATQQQQGGKGGKGRS
3055,XP_001702348.1,NCBI,aS17,Ribosomal protein aS17,MGRVRTKTVKKASRVIIEKYYGRLTMDFDTNKRVVEEVALIATKRLRNKIAGFTTHLMKRIQRGPVRGISLKLQEEERERRMDFVPEESAINTLSIEVDKDTMDMLKSINMGTLSGVQLAQPQTNFKPYGGNRGGNKQQ
3075,XP_011398628.1,NCBI,aS17,Ribosomal protein aS17,MGRVRTKTVKKASRVIIEKYYNRLTLDFDTNKRIAEEVAIIQSKRLRNKIAGFTTHLMKRIQRGPVRGISLKLQEEERERRMDFIPDESALNTAAIEVDADTADMLKEIGLGSLPGISIAKEARQDFQQRAPRH
3088,A0A383VXN1,UNI,aS17,Ribosomal protein aS17,MGRVRTKTVKKASRVIIEKYYNRLTLDFDTNKRVCEEIAIIQSKRLRNKIAGFTTHLMKRIQRGPVRGISLKLQEEERERRMDFVPEESAVNTETIEVDRDTLDMLKAINMASLPGVTMQQAATGGGAPAGGFKGGFRK
37360,CEO94766.1,NCBI,aS17,Ribosomal protein aS17,MGRVRTKLVKRASRHIIEKYYSKLTLDFDINKKIVDEVAIVPSKRVRNKIAGYTTHLMKRIQRGPVRGISLKLQEEERERRLDYVPEKSAINTSSISVSEEVKEMLESIKFADIPGLKVESPTPAYQGRPQRSQRA
461836,KNC46932.1,NCBI,aS17,Ribosomal protein aS17,MGRVRNKTVKKAARQIIEKYYARLTLDFQVNKRICDEVAIIPTKRLRNKIAGFLTHLMRRIQKGPVQGISFKLQEEERERKDNYVPDVSEIALDVIEIDADTQDMLRQLNFGNMSEVVINKSLGKHESTRKWTRRPAVPGARR
52970,A0A6U4U8C4,UNI,aS17,Ribosomal protein aS17,MGRVRTKTVKRAARVLVEKYYNRLTMDFQTNKKISEEVAIIPSKRLRNKIAGFATHLMKRISRGPVRGISLKLQEEERERRMDVVPDRSALDADVIDVDPDTKEMLTALNVKVPNVQVAQAVGTFNDRRPPRRT
5722,XP_001315155.1,NCBI,aS17,Ribosomal protein aS17,MGRIRTKTTKRAARLVIERFYGQLSFDFQDNKRVCDAVADIPSKRMRNKIAGYVTHLMRRLERGPVRGISFKLQEQEREKRDNWMPTTSKLNVPKILVDPETKEMLAAIGLGEMEGVEVFTRRAGARQQ
5755,XP_004345840.1,NCBI,aS17,Ribosomal protein aS17,MGRVRTKTVKKAARLMIEKYYPRLTLDFDTNKKICDEVAAIPSKRLRNKIAGFVTHLMKRIKKGPVRGISFKLQEEERERKDNYVPDVSALQVDLIEVDSDTKDMLRSIGLGDLAGVQVVSLENLPSNKPVFQHRGERRDRGERRERGERSGAPKKPEAPVGAPEEAY
5762,XP_002674234.1,NCBI,aS17,Ribosomal protein aS17,MGKVRTKTVKKASKIIVEKYYNSLTTDFDTNKKVCQEIATIPTKRMRNKIAGFTTHLMARIKKGTVRGISLKLQEEERERRMDYVPEVSYVDEIINRGIEVSDEVSDMLKTIGFGDLKSVTKVSHSTGHHQHHNKRRGNKSY
5888,CAK73799.1,NCBI,aS17,Ribosomal protein aS17,MGRVRNKTVKKAAKVLIEKYYMKLTSDFHFNKKILSEVGQVPSKKLRNKIAGFATHLLKRIQTGSVKGISLKIQEEERERRLDYVPEKSSVDIDNLRGDQDVKRMLEKAGLEIDIPIDEPVVEEKQQKQARRGQRRQQQ
70448,CAL51922.1,NCBI,aS17,Ribosomal protein aS17,MGRVRTKTVKKASRQIIEKYYSRLTLDFATNKRIADEIAIIPSKRLRNKIAGFTTHLMKRIQRGPVRGISLKLQEEERERRMDFVPEKSALDVDSIEVDRDTMDMLKSMNMGSLPGVTVSSRSHYNKGPRRDRA
13706,ORY91058.1,NCBI,aS19,Ribosomal protein aS19,MGGITVKDVNAHEFIKAYAAYLKRTGKLEVPKWVDLVKTGTFKELAPYDPDWYFIRAASVARHIYIRKAVGVGALGKVYGGRVNRGTRPSHHVDASSSVNRKVLQSLEKIGVLAPCKKGGRKITQDGQRDLDRIAMTLVEQDE
1514140,A0A6U1TB36,UNI,aS19,Ribosomal protein aS19,MAEDEARGICVRDVAAKDFIAAYAEHLKNSDKFELPVWAEQVKTGVFKELAPYGDDWYYIRAASIARKVYLRPGLGVGQLQKWYGGSYRRGTRTEHFRKANSGIIRSVLIQLEGMKVTEQLPGGGRRMTRVGQQDLDRIAGTVFRASEEEEE
227086,A0A6T7HWH8,UNI,aS19,Ribosomal protein aS19,MSKAATVKDVPAAPFIKALAEHFKSGGQFEVPEYCRYIKTASFKELGPYDPDFYFVRAASIARKVYLEGGVGVGGLARIYGGSARKGTRKCHFQRGSRGILRHILRQLDDIKIVQKKKGQKGRFITSTGQKTLDVIAKQLISGFKRPEFYEMSLAEPAEDVEEGVEGEEVEEEENAE
2769,XP_005716876.1,NCBI,aS19,Ribosomal protein aS19,MSPTPSGCTVKDVPPAEFVTTYAAHLKRVGQVELPSWVDTIKTAPRKELAPYDQDWFYVRIASIARKIYIRGGIGTGEFRKIYGGRKRRGMKPNRSSKASGGLIRNALQQLERLGVIETDARGGRRLTSKGQAEMDTQAAQCLSVSA
2801,A0A6V0SHI6,UNI,aS19,Ribosomal protein aS19,RATAPSPPSVALPLPRPRTRPTSPSPLATMATEYKLPTVTVRDVAPADFITSYAAHLKRAGNLELPKWVDYAKTANFKELAPYDPDWYYVRVASVARKVYLRAGNGVGQLRTAYGGRKNNGFKPSHFAKGSGSVIRAAMASLEKLGVVEHNPAGGRRVTQKGRAEMDTQAALLAQKE
2903,XP_005793277.1,NCBI,aS19,Ribosomal protein aS19,MSTSRGINVKDVASDQFVVAYAAHLKRIGKIEVPKWADLVKTASYKELAPYDPDWYYIRAAAMARRVYMRGGVGVGGFKKIYGGRKMRGTRPETSAKGSGSIARHILKQLEVLKIVEKVPEGKGRRITPQGQRDLDSIAGQIGEKS
3039,QLA09587.1,NCBI,aS19,Ribosomal protein aS19,MTGGKPAVVKDVDPQKFIAAYAAYLKKAGKIEIPKYVDVIKLAQFKELAPADPDWYYTRCAAIARRIYINPGTGVGGFRKVFGGNDRRGVRPGRFTKSSGGIIRHCLQQLEKMGIVEVASNGGRIMTKEGQRDLDRIAQQVLYPEMFE
3055,XP_001699746.1,NCBI,aS19,Ribosomal protein aS19,MASYKPKSVKDVPAEDFIKAYAAHLKANDKIQLPSWVDVVKTGKFKELAPYDPDWYYVRAASVARKLYIRQGMGVGLFRTQYGGRNKRRGSKPEFQSKASGGLVRHIMKQLEECGLMEKAPEKGRRLTANGQRDMDQIAGRITVQLQAFF
3075,XP_011396880.1,NCBI,aS19,Ribosomal protein aS19,MAEVVEERRSGPKSVKDVPADEFIKAFSAYLKKTGKIQLPASVDIMKTGSFKELAPYDADWYYVRAAAIARRVYIRQGLGVGAFRRIFGGRSNAKGSVAPEHFAKAAGGVVRHALQQLEALGLVEKTNTEKGGRKITPEGQRQMDLVAASVKLTPFALLLE
3088,A0A383VXM0,UNI,aS19,Ribosomal protein aS19,MAEYKPQAVKDVPAGDFIAAYAAHLKSTDKLQIPDWVDIVKTATFKELPPQDKDWYYIRAASIMRQVYIRQGLGVGQLRMKYGGRNKRKGVHPEHFAKASGGLIRHIMKQFEGLGYLEKHTGPKGGRRIAPAGQKDMDLIAGRVQCSLPSFGL
37360,CEO96540.1,NCBI,aS19,Ribosomal protein aS19,MAVGKLVKDVPADKFVQALAEHFKKSDKIKVPSWAEYCKTAAYKELPPQNADWYYLRAAAIARRVYLRGGSVGGLQKVYGGADRRGVRRNKFALAAKGIIRNILQQLESCEIVQKDETKKGRRVTSKGRRELDTIASKIEVASQPGIAM
461836,XP_013755066.1,NCBI,aS19,Ribosomal protein aS19,MPNVKDVHAEKFIMALSQFLKENGGMKVPDWAEYVKTAHFKEASPTDNDWYFVRAAAIARQVYLRGATGVGMFKRIYGGKKRNGTAPNHVATGSGAVARSCLNNLETIKFVTRDANNMRILTSEGRRHMDRIATALVQSKYAVVDDDE
52970,A0A6U4RMX1,UNI,aS19,Ribosomal protein aS19,MSKGITVKDVNSHEFVTSYAAHLKKQGKIQLPELVDLMKTGPFKELAPYNEDWFYVRCASLARRLYIRKGTGVGAFGKVYGDKKRRGTLPGHFCKASRGVIRGCLIQLEKIGVVSKCEKGGGREISLQGRQDCDRIATEVYNSKQ
5722,XP_001313783.1,NCBI,aS19,Ribosomal protein aS19,MIGGKTGHKGFQAREIAADVFVNALAKHFQENRIVKPPEWADLVKTAALKQMAPSNQNWFYTRAAAVIRQIYMHHDASLSGLAFHYGANLKAVTMPKHHHNASRKVIRSILQQLEKADLVKVGEKGRQLTPKGQRLLDQVATSCGKKQ
5741,EFO62475.1,NCBI,aS19,Ribosomal protein aS19,MSSVTRVPADVFINSFAAHLKNRGIIKCPAFTDYVKTGVSRQYAPRDADWFYIKAASVVRHFYISGSHSIGVAGLARKYSSLQKGKTTPHHTKRASCKVVRSIVSQLLGQKLLIGGERGRHISPSGRKVVEDFVEGLQK
5762,XP_002676383.1,NCBI,aS19,Ribosomal protein aS19,MVNRQATLKDVNPQQWVVAYAEHLKKQGKIVLPKWVDIAKTAVHKELPPMNPDWFYVHCAAVARNIYLRPGTGVQGLRKRYGMAKNGGYAPYHHERASRTVQRKCMQELERIGVLASEEQAKNPHSGRRVTSQGRQDMDRIAQSLKLKK
5888,XP_001444979.1,NCBI,aS19,Ribosomal protein aS19,MSAPFYTVKDVPAQDFIHAYAEYLKKNNKIKIPEWGSIVKTGLGKEISPIDQDWMYVRAAALARKIYVRGHWGVGNLTHMFGSVNDNGKHESGSGKVIRYLLQQLETIKVLKKDNKSLLKKGSRIVTKEGQQDLNRIATQVALAARK
70448,OUS46504.1,NCBI,aS19,Ribosomal protein aS19,MATKNAPRTVKDVPAQEFVVALAQYFRSTGKMEVPQWVDTVKTATYKELAPYDPDWFYIRAASVARKIYVNGNMGVGALRKSYCGAGNRGTRRHKHQIGSGSVARAVLKQLESIGVVEKDTKGGRRITPSGQRDLDRIAGRVSVPSF
13221,A0A6S9SGV6,UNI,aS24,Ribosomal protein aS24,RGVSRQGSSGAASPLVTMSDSAVTIKTKKFITNRLLQRKQFVCELIHPGLAGVSKVDVKEKLAKMYKVPDPSCILLYGFKVAFGGGRSTGFGMIYDSLAAAKKFEPKYRLTRFGMGKAKTTARKQRKERKNRMKKVRGVKKSKD
13706,ORY93448.1,NCBI,aS24,Ribosomal protein aS24,MADASTVTIRTRKFLTNRLLQRKQMVVDVLHPGTATISRENIREKLAKMYKTEKDFISVFGFKTQFGGGKTTGFGLIYDSVESLKKFEPKYRLVRLGMAEPPKGGRKQRKEKKNRAKKFRGTAKAKASAGKK
1514140,A0A6U1T1L0,UNI,aS24,Ribosomal protein aS24,MSDSAVIVKTRKFKRNPLLSRRQMIVDIIHPGRANVPRAELQEVVGGMHKADPKLTIVFGFRTKFGGGKSTGFCLIYDNEDALRKFEPKYRLIRSGFQEAKEQSRKAIKEAKNKGLKIRGTGRSIAKHKAKRAAGAD
227086,A0A6T7FJG3,UNI,aS24,Ribosomal protein aS24,MADSKGTVTIRTRKFMVNRLLNRKQMILDVLHPGRGPVPKAELRGILAKKYNVSNDKCVFVFGFRTAFGGARTTGFALIYDSLNDALNVEPKYRLVRNDLAKKATGSRKSRKELKNKKKKFRGIKKAKVGGGGN
2769,CDF33529.1,NCBI,aS24,Ribosomal protein aS24,MSDSKTCTIRTRKFLTNRLLQRKQFVIDVLHPGRANVPKAELTEKLTKMYKVSDPSTIFLFGFSTQFGGGKSTGFGVIYDNLTSAKKFEPTYRLRRAGMADMPTGSRKQRRERKNRSLKLRGLAKAKSLGHK
2801,A0A6V0S6Q7,UNI,aS24,Ribosomal protein aS24,TPPLLHPHVRPALPPRSASTPTMSEKSCTIRTRKFITNRLLSRKQFVVDVIHPGRASVPKSELKDKLAKMYKVTDPETIFLFGFQIAFGGGKSTGFGLIYDSVDIAKKHEPRYRLVRAGMEKAKTGGRKQRRERKNRQKKLLGTKKNQDIKKKEKA
2903,XP_005757038.1,NCBI,aS24,Ribosomal protein aS24,MESGAVTVRTKKFVTNRLLQRKQFVCEVIHPGLAGVSKNDLKEKLAKMYKVADPSCVLLYGFKVAFGGGRSSGFGLIYDSLTAAKKYSPKYLLTRFGMGKAKATARKQRKERKNRMKKVRGIKKSKGS
3039,QLA09589.1,NCBI,aS24,Ribosomal protein aS24,MTDDKKPPFRVSFKNFMTNRLMQRKQFNIEIEHPGRSTVPKKEIQQKISQIFKIQEENTIVLFGFRTKFGGGRSTGHGMIYDNLSICKRYEPKYRLIRLGLRSKKEGSRKQKKEKKNRMKKYRGGKKAKGAVAAKKK
3055,XP_001698368.1,NCBI,aS24,Ribosomal protein aS24,MSDKTCTIRTRKFMTNRLLQRRQFIIDVLHPGRANVSKSELAEKLSSMYEVKDSQCIFLFGFRTQFGGGKSTGFGLIYDDLKAAKQFEPKYRLVRNGLEKKVEKSRKQMKERRKRAKKVRGAKKNAGAGKK
3075,XP_011399442.1,NCBI,aS24,Ribosomal protein aS24,MAEKACTLRTRKFITNRLLARRQFVLDVLHPGRANVSKTELREKLAKLYDVKDDKLISVFGLRTQFGGGKSTGFGLIYDSLEAFKKFEPTHRIVRNGLAEAVSKSRKQRKERKNRLKKVRGTKKAGMAGAKK
3088,A0A383VG73,UNI,aS24,Ribosomal protein aS24,MADKSCTIRTRKFMTNRLLARRQCVVDVLHPGRANVSKSEIKDKLASMYNVRDPNQIFVFGFRTNFGGGKSTGFGLIYDDVKSAEKFEPKYRLVRQGLAKKVERSRKQLKEKKNRTRKIRGIKKNKN
37360,CEP01632.1,NCBI,aS24,Ribosomal protein aS24,MSSTPFTLRTRKFMTNRLLSRKQMVLDVIHPNRATVSKTEITEQLARIYKVKDAKAISVFGFRTAFGGGKSTGFALIYDNVDAARTIEPKYRLIRSGLAQAVEKSRKQLKELKNRRKKFRGKKKAEIGGGKK
461836,KNC49153.1,NCBI,aS24,Ribosomal protein aS24,MSTACTVRTSKFLTNALLGRRQMVVDVIHPSRASVPKTELREELAKKYNVADPSTIILFGFKIAFGGGRSKGFALIYDDAKARDAFEPKYRLIRAGLATATESSRRQRKELKNKLKKVRGTAKARK
52970,A0A6U4UT83,UNI,aS24,Ribosomal protein aS24,LELSSRASAYPLVVEHVLFAMADKTCTIRTRKFITNRLLERKQFVVDVLHPNRPSVPKAELKSKIEKMYKVQDSKCIFLWGFKIAFGGQRSTGFGVIYDNLNAAKKSLAKHLLVRDGIIEKKNTLSRKARKERRNKVKKVRGKAKMEVRTGKAVAKKKKE
5722,XP_001300799.1,NCBI,aS24,Ribosomal protein aS24,MSKVSVHIRKYIVNKLLDRKQFVIDMQHLGAKAPTRDEIKDEVASRLKANKDLVVIFGLETKFGGGHTTGFGFVYDSLDALKKTEPKHRLIKAGLAEKGKVTRRMRKNARRQKVKVWGSGKRAEAHKIRRQQRKEELGSH
5741,EET00351.1,NCBI,aS24,Ribosomal protein aS24,MPEVTVKVRKVLNNPLLQRQQCVVDVLHPGCTYESKEAIKAKVAQQLKVPDQKNIVLYGFKTSFGGGHTVGFCNAYQSMDALMKCEPGFRKIRCGLMEAPKPVSRKQLKNLKNRRLKKRGTEKATVTLGAKK
5755,XP_004352877.1,NCBI,aS24,Ribosomal protein aS24,MAECTIRTRKFMNNRLLQRKQFIIDVIHQGRPNVSKAELKEKIGKMYKVKDAQAVFLFGFKTQFGGGKSSGFGLIYDNLTVAKKFEPKYRLVRNGLATREASTRKQRKERKNRAKKVRGTKKAKLPGKAK
5762,EFC46954.1,NCBI,aS24,Ribosomal protein aS24,MTAGKTSIKVRQFFTNRLLNRKQFVVDILHPGQPSLSSAQLKEKLAEQFKVANPQTIMLTGFKTKFGGGKSSGFANIYDSIQDIKLVEAKHKLARNKLITLKKDGRRLKKEKKNRAAAVRGKEKTKVKGANKK
5888,CAK56597.1,NCBI,aS24,Ribosomal protein aS24,MTFIVKTRKVLLNKVLNRRQLSVELLHQIKPTPSQESVVKELASKYKADERNVVVYGLRTTFGGNRTTGFALIYDTQQYLLKFEPKFRLRRRGIIPKRDGSRKGWKEVKSKLKKTRGAEKTKIYMSRKTDKREVIRAQKETYLKGFVGK
70448,CEG01807.1,NCBI,aS24,Ribosomal protein aS24,MTNTSCTIRTRKFMTNRLLQRRQFICDVLHPGRANVSKAELQEKIAKMYNVSDEKCVSIFGFRTAFGGGKSTGFGLIYDNIDAFKKFEPKHRLIRAGLKDAVQKSRKNIKEKKNRVKKLRGGAKNKVM
13221,A0A6S9S933,UNI,aS27,Ribosomal protein aS27,HAPAGTAAGWQTRTESGTMAHISMGDIDLLHPPRELEQQRHKLKRLVQSPNSFFMDVKCPGCFSITTVFSHAQTVVLCGSCATVLCQPTGGKARLTEGCSFRKKVE
13706,ORY94618.1,NCBI,aS27,Ribosomal protein aS27,MCTVSAKPALAVDLLNPSVEHEKRSHKLKRLVQSPNSYFMDVKCPGCLNISTVFSHAQTVVLCSSCGTVLCQPTGGKARLTEGSSFRRKIN
1514140,A0A6U1VJY2,UNI,aS27,Ribosomal protein aS27,DAIQPNKHRPFQSLSCLFCGPSARQIVSEYITMPVDLLNPTAEAEANTHKLKRLVQSPNSFFMDIKCPGCFQITTVFSHAQTVVLCSGCNVMLCQPTGGRARLTEGCSYRKKVD
227086,XP_001712916.1,NCBI,aS27,Ribosomal protein aS27,MNKLGSFLDLSNPSKKTEAKKHKLKRLIQSPNSHYIATKCLKCKKINIIFSHSVFWKTCVDCSTLLTRPSGGKFKSSKSMQIVKRLLNYQRIL
2769,CDF40932.1,NCBI,aS27,Ribosomal protein aS27,MPALETDLLNPDHAVEMKKHKLKRLVQSPNSYFMDVKCPGCYVITTVFSHAQTVVVCGDCTMVLCQPTGGKARLTEGCSFRKKVD
2801,A0A6V0TRD7,UNI,aS27,Ribosomal protein aS27,HPTPLQPQPPLLRPRPSSSSHNMPALESDLLHPEPAAEARKHKLKRLIQSPNSWFLDVKCVGCYTITTVFSHSQTVVSCNNCATVLIQPTGGRGKLTDGCSYRKKWA
2903,XP_005758635.1,NCBI,aS27,Ribosomal protein aS27,MGDVDLLFPPAELEKRRHKLKRLVQSPNSFFMDVKCPGCFSITTVFSHAQTVVICGGCSTVLCQPTGGKARLTEGCSFRKKVE
3039,QLA09592.1,NCBI,aS27,Ribosomal protein aS27,MSTFKDSNLLFPPEASEKRKHKLKRLVQGQNSFFMDVKCPSCWAITIVFSHVAKVVVCSSCNTVLAQPTGGKAKLTEGCSFRKKPE
3055,P47903.1,NCBI,aS27,Ribosomal protein aS27,MVLSSDIDLLNPPAELEKTKHKRKRLVQSPNSFFMDVKCQGCFNITTVFSHSQTVVMCGSCSSVLCTPTGWPRRLTEGCSFRRKSD
3075,XP_011396013.1,NCBI,aS27,Ribosomal protein aS27,KVLACDIDLLNPPKELEKRKHKLHRLVASPNSYFMDVKCQGCFNITTVFSHSQTVVVCTNCNTVLCVPTGGKARLTEGCSFRRKADS
37360,CEP00957.1,NCBI,aS27,Ribosomal protein aS27,MVDLLFPSAESEARKHKLKRLVQSPDSFFMDVKCPGCFNITTVFSHASTVVFCTACSTILCQPTGGKARLTEGCSFRKKID
461836,KNC52482.1,NCBI,aS27,Ribosomal protein aS27,MVYAGARAIGHDDAAAVATEAGAAAFPFDYVGSRAYAALCASQAAAAEAHWRARPPSKRVNFGLIGSPAPFAPDWALVAGETVRFSSLDMTNPAPADEARKHKMKRLVASPNSFFMDVKCPGCIAITTVFSHAQSVIYCASCNQVLCQPTGGAVSLQEGASFRKKIN
5722,XP_001306937.1,NCBI,aS27,Ribosomal protein aS27,MTTLDVDILHPSVEQEAHKNKKMTLVPNPRSEFLSLRCPSCTGLTTAFSHSNVPVFCKNCQTPLATPTGGRILLADQVEIRPRVNA
5741,KAE8303914.1,NCBI,aS27,Ribosomal protein aS27,MNVDLLYPDPVEEQRKHKLKRLVQGPNSYFLEIKCAGCQDIVVVYSHANTPVFCPGCTSQISIPTGGKCAFTSQVERYRQK
5755,XP_004334523.1,NCBI,aS27,Ribosomal protein aS27,MLPDLRAELMDAFSEDLLHPNPKAEARKHKLKRLVQSPNSYFMDVKCPGCFNITTVFSHAQTVVLCSGCSTVLCQPTGGRCRLTEGCSFRRKVD
5762,EFC41547.1,NCBI,aS27,Ribosomal protein aS27,MGFLEEDLLYPNAKQQATQHKLKRLIPTPNSFFMDVKCPGCYKITTVFSHAKRVVLCGTCSTVLCQPTGGKARLTEGCSFRVKTD
5888,CAK61377.1,NCBI,aS27,Ribosomal protein aS27,MDQDLLRPQYESEKRKHKLKRLIQAPNSYFMDVKCPQCSTNNTVFSHARGIVTCIKCSSQLGRSTGGKLQLVLGAKYKTKK
70448,CEG00244.1,NCBI,aS27,Ribosomal protein aS27,MVLAQDIDLLNPPAALEAGKHKLKRLVQSPNSFFMDVKCQGCFNITTVFSHSQTVVLCGSCSAVLCQPTGGKARLTEGCSFRRKGD
13706,ORY99367.1,NCBI,aS28,Ribosomal protein aS28,DAQKQPVKLARVIKVLGRTGSRGGVTQVRVEFMDDTNRSIIRNVKGPVRENDILCLLESEREARRLR
2769,CDF38167.1,NCBI,aS28,Ribosomal protein aS28,MDQPVKLGKVSKIIGRTGSRGGITQVRVEFLDDANRSIIRNVKGPVREGDLLALLESEREARRFR
2903,XP_005772848.1,NCBI,aS28,Ribosomal protein aS28,MVPARLASFCPPRHCSLLRYALAPAAPGAAPCSPSPRCRPIRPSPSIPSPLASTLRPTPPPPPPLQDQPVKLAKVTKVLGRTGQTGQVSQVRVEFLDDPSRSIVRNVKGPIREGDILMLLEWEREARRLR
3039,QLA09593.1,NCBI,aS28,Ribosomal protein aS28,MSGQAPPKESGDQPKLAQVIKIIGRTGSRGGVTQVRVKILDDNRNDRTIIRNVKGPCRVDDILALMETEREARRLR
3055,XP_001691054.1,NCBI,aS28,Ribosomal protein aS28,MDAPAKLAIVMKVIGRTGSRGQVTQVRVKFLDDQNRLIMRNVKGPVREGDILTLLESEREARRLR
3075,XP_011400010.1,NCBI,aS28,Ribosomal protein aS28,MENNPIKLAIVVKVIGRTGSRGQVTQVRVKFLNDQERQIMRNVKGPVREGDVLTLLESEREARRLR
37360,CEP03709.1,NCBI,aS28,Ribosomal protein aS28,MADVEEAAKMARVVKVLGRTGSRGGVTQVRVEFLEGNRSIVRNVKGPVRLGDILCLLESEREARRLR
461836,XP_013756432.1,NCBI,aS28,Ribosomal protein aS28,MDAAAETAIKHAKVTKILGRTGSRGGVTQVRVEFLDDNTRSIVRNVKGPVQEGDVLALLESEREARRIFF
5722,A2DQN8,UNI,aS28,Ribosomal protein aS28,MESTQEQVKLAVVKQVIGRTGSRGGVTQVRVEFLDDSNRSLVRNVKGAVREGDILSLLETEREARRLR
5741,EET02187.1,NCBI,aS28,Ribosomal protein aS28,MPEPINARVIEVLGRTSSRGGITQVKVEFMTGEKRQIIRNVIGPVRLGDILILMESEREARRLR
5888,XP_001425748.1,NCBI,aS28,Ribosomal protein aS28,MDSTKDRVEGTRATVIEIIGRTGSRGGITQVKVQLVGQQRTLIRNVMGPVRKGDTLELMECEREARRLR
70448,XP_022839488.1,NCBI,aS28,Ribosomal protein aS28,MDAIKLAIVMKVIGRTGSRGQVTQVRVKFLDDQNRQIMRNVKGPVREGDILTLMESEREARRLR