13706,ORZ00342.1,NCBI,eL06,Ribosomal protein eL06,MAPAQDKTVTTKGGKRTIPAQKAPRYYPAEDVKQPKVNRRTNKKTALRSSITPGTVLILLAGRFRGKRVVFLKQLDSGLLLVSGPFKVNGVPIRRVNQSYVIATSVKVDLANVKVPDVNDSFFAKDKKAAKEKFLEQKSEKKSLPENLVSVQKALDKELVASVSKDKLVLAYLKAPFGLSKGDFPHAMKF
1514140,A0A6U1UCN3,UNI,eL06,Ribosomal protein eL06,RSFHSDRLPGSRSKPAPTDDPSPPAPVGIFKTLPRKMTGAVKVLGTAGPKKAAKAAATTGKSPRYYPADDVKRPLPSRKSKKNAPGVRSSITPGTVLILLAGRFRGKRVVCLKALPSGLLLVTGPFKINGVPLRRVSQTYVIATSTKIDVSGADVSGIDDSYFSREKDADAEGEEEFFAGDAPKPAVVSDQRKADQKKVDAVILKAVAGEPMLKEYLNAKFSLSKGDKPHNMVF
227086,A0A6T7JI23,UNI,eL06,Ribosomal protein eL06,GILRLRRLSCTQRMPKQKVAPKWYPTEDGPKKLTKTIKKKSQGTKLRKSIVPGTVLILLAGRFKGKRVVFLKQLESGLLLVSGPFKVNGVPLRRVNQTYVIATSTKIDVSSVDTSGISDAPDQKTKRHFFSKVVAETKEDSGDSEFVSQETKKAGLTEERKAMQNKVDTALLASIQKTPMMKDYLKSRFSLQKGDLPHLMKF
2769,CDF36886.1,NCBI,eL06,Ribosomal protein eL06,MSLLKVPRLSNKQPTVLEPPPPPPLTRPNPLASQTSEPVVQTITKPIGGEKNGGTREVIKKTGPKWYPADDVRAPVPSRKHVHKPTKLRAGITPGTILILLAGANRGSRVVFLKQLSSGLLLVTGPYSVNRIPIKRVEQAYVIATSTKIEVSGCDVAKFDDEYFKRDKGSKASVVMEVDEGDASKKTPTQEKIADQKAIDAVLVPAIEKVPQLSSYLKVKFTLSKGQYPHEMKF
2903,A0A6T0BNH0,UNI,eL06,Ribosomal protein eL06,MAPKVTKAKKEKGEKAPKYYPADDIPVKVPSEREAASRGVAKLRKSITPGTVVILLAGRFRGRRVVVLKQLASGLLLVTGPYQVNGIPLRRVNQAYVIATSTKVDVSGVDTAKFVDSYFGKAKAGKKDKKSAEEMFEEAKATPEVSAERKADQAAVDAALMKSLKEPLMAKYLKARFSLSKADKPHLMKF
3055,XP_001689873.1,NCBI,eL06,Ribosomal protein eL06,MAKPATFVARGITAEGRAKTYKRKGLWAIKKKNGGKFPAPAKKAVAKQAEGKAPRFYPADDVPKPLSHNAVHKQTKLRASITPGTVLILLAGRFKGKRVIFLGQLPSGLLLVTGPFKLNGVPVRRVNAAYVIGTSTKVSLPKLDLSKFTDSYFKAVESKSSKKGEKEFFDQSEAKKNVLSQEYIANQKTLDAALLPALSADLKGYLSTRFTLKDGDRPHLMKF
3075,XP_011399116.1,NCBI,eL06,Ribosomal protein eL06,MAKEAVKPAGGRGRSLSYKKRGLWAIKKKNGGTFPVHAKAEKAEVAVTKAPRFYPAEDAKKPLNRSFVRNPTKLRASITPGTVLILLAGRFKGKRVVFLKQLPSGLLLVTGPFRVNGVPARRVNQAYVIATSTKVDVSGVDTAAFTDAYFKSTEKKTRKSKGEAEFFEDKLEKAALPAEYIANQKAVDASILSGLSAELKSYLGARFTLKSGDRPHLLKF
3088,A0A383W8J8,UNI,eL06,Ribosomal protein eL06,MGKATIIAAGLSAHGRSKTYKRRGLWAIKKKHGGKFPTTAKKAAVADAAASKKTPRFYPADDVAKPLAHNAVRKPTKLRSSITPGTVLILLAGRFKGKRVVFLGQLPSGLLLVTGPFKLNGVPVRRVNQAYVIATTTKVELPKLSLDKFTDSYFKAAEDKQKKKKGEEEFFKTEEAKKELSAEYIANQKEVDAALLKALSPELKGYLSTRFSLKDGDRPHLMKF
37360,CEP00723.1,NCBI,eL06,Ribosomal protein eL06,MAKPAVKTSSSRNRELARGVPALGRIASFKKAMRYKYTKGKHQKVEKALPVKSDKEPRMYPTERVIKPLPSRRSVQKPTKLRASITPGTVLILLAGRFKGKRVVFLKQLESGLLLITGPFQINGVPLRRVSQAYVLATSTKVDVEAAIKLAEPVTDAFFVKPEAPAKKESDEFFKADKAEKALPSERKTLQASIDQRVVEKMAPILRKYVRARFSLTKGQYPHQMKF
52970,A0A6U4TBV9,UNI,eL06,Ribosomal protein eL06,PAEDPPPLSPRRNVAKPAKLRESITPGTVLILLSGRFRGKRVVFLKQLESGLLLVTGPYKINGVPLRRINQAFVIATSTKVDVSGADVKKFNDAYFARPKTKATKSADGFFAAESQKQELSADRIADQKAVDAKILDAVKKVEFMKPYLNSRFSLSKGQQPHAMVF
5755,XP_004340229.1,NCBI,eL06,Ribosomal protein eL06,MPRKPHAPRNHDLVRGISRYSRSAMFRRSGKAAVKKSGHQWKDVAATKKAPKSVEKTFNKTEKRTVVAKAKRFYPAEDVPRPIPSRKSHHKPAKLRSSITPGTVLIVLSGRFRGKRVIFLKQLQPSGLLLVTGPFKVNGVPLRRINQAYTIATSTKVDISGLEVPEKFNDAYFKKGKAAKKEKTEDEFFATGAQQKKTIDAHRIADQKEFDAKVLEVVGKVPNLAAYLNAKFSLTKGQFPHLIKF
5762,EFC38036.1,NCBI,eL06,Ribosomal protein eL06,MPKRVRKENPNKEKSMAPLAKSVTRLSPNSLFWKKGTFSYIKSDAKRTKKVVKQQKIKVVRNKATVEVADDRIAADFSLTTIRSKSAKPQKATKLRSTITPGTVLILLAGKFAGKRVVFLKQLPSGLLLVTGPFQLNGVPLRRVNQRYVIATSTKVDVSAVTVPATVTDATFTKEHKTRLDETGKKSWFRAGKKGAISEENKKTFDAVDQQVVAAVGKVELLKEYLQTPFRLQNGDKPHEMKF
70448,CEF99205.1,NCBI,eL06,Ribosomal protein eL06,MAKKKSPKFYPGDDVKKPIKRTVVHNPTKLRASIAPGQILILLAGHFKGKRVVFIKQLASGLLLVAGPYGVNGVPIKRVNQRYVIATSEKVDVSKVDAAKFDDAYFKKPAKERFNKKSEEEFFKAGSEKKELPASYIEDNKKVDAALSAAISATPYLKEYMSTLFTLKSGDKPHEMKF
13706,ORY98550.1,NCBI,eL27,Ribosomal protein eL27,MVKFIKAGKVVVITNGRYAGKKAVVVRNHDDGAKGRPYGYAVVAGVERAPLKVTRAMNKKKVEKRSRIKPFIKIINYNHMMPTRYTLELEQIKGTIATETFDEPSQRKEAKKAIKKHLQERYQSGKNKWFFSKLRF
1514140,A0A6U1W731,UNI,eL27,Ribosomal protein eL27,MAIVKSGKVVIVLAGRHAGKKAVVVKTYDDGTEDKRYSHCLVAGIARGPRRVTRGMSKKKVEKRSRTVKPFVKYVNVRHVFPTRYVVDMDLKKAVDEADLANAERKVDVKKGLKKVFEDRYLNQKSVTSEKKAAGSTYFFQRLRF
227086,A0A6T7FYY0,UNI,eL27,Ribosomal protein eL27,MVNYKFLTPGKIVILLQGRFAGKKAIIVSTSNGSRERPFGHALVAGIERTPLKVTKGMSEKKVLKRSKCKPFVKFVNLRHVMPTRYQVDIDVKSIVKAADMKPDPDLAFPARKAMKKALKELFNKRYLAKPGSNAGISFFYQKLRF
2769,CDF33494.1,NCBI,eL27,Ribosomal protein eL27,MGKFLKPAKIVILLQGKHAGKKAVILQNHDNGTNKHSYGHCIVAGIEKYPRRVKKSMSKKKIALRSDMSVFVKVVNYNHLMPTRYTLDLGDAVKSGLDMAAFSSPGANAERPEARKEGRELVKKELSQRYNAGKNQWFFTPLRF
2801,A0A6V0MKH5,UNI,eL27,Ribosomal protein eL27,MKFLKTSKVVIVLHGRYAGKKAVILQNYDQGTSDHPYGHALVAGVARYPLKVTGAMSKKRVAKRSKVKPFVKVVNYNHLMPTRYAFDVDEALKKSVPQEVVKDTAKREESRKGVKKIFEERYNAGKNKWFFSKLRF
2903,XP_005789333.1,NCBI,eL27,Ribosomal protein eL27,MSEAKKTPKFLKAGKVVLLLNGRMAGKKAVIVKTFDDGTADRPYGHCLVAGIMKYPLKVTKKMSEKKRTKRSRIKPFIKSVNYNHVMPTRYTMDVDLKSVVTADIVGSSNPTARQSCRKEVKKSLEEKYAASLASGKNKWFFQKLRF
3039,QLA09628.1,NCBI,eL27,Ribosomal protein eL27,MVKFLKAGRVVIVLQGRMAGKKAVIVQNSDTGNKERPYGHCVVAGIEQTPKKVTRRMSKKKIARRTKLKPFIKVVNHRHLMPTRYNIDLGAEFKGKISITDPTKRTASKRNVKKVFQQRYLAAKNKWFFQKLRF
3055,XP_001691762.1,NCBI,eL27,Ribosomal protein eL27,MVKFLKPGKVVILLSGRYAGKKAVIVANKDDGSSVRPYGHATVVGLAKEPRKVIKKISQKKQARRSSIKTFVKTVNYQHIMPTRYTLDVDLKAVVAPEAIESAAKKTDARKECKKLLEEKFKSGKNRWFFSKLRF
3075,XP_011400014.1,NCBI,eL27,Ribosomal protein eL27,MVKFLKSGKVVILLTGRHAGKKAVIVKNFDDGASSRPYGHALVLGLSKEPRKVTKKSSLKVQARRSSLKTFIKAVNYTHLMPTRYTLDLELKGVVSNEALENSTKRKEANKAAKALLEEKFKTGKNRWFFTKLRF
3088,A0A383W7A9,UNI,eL27,Ribosomal protein eL27,MVKFLKPGKVVILLSGKYAGKKAVIVKNHDDGTSTRGYGHALVCGLAKEPRKVTKRTTAKVQARRSSVKTFTKVVNYNHIMPTRYTLDIDLKGVVTAEALENSSKRTDANKQAKGLFEEKFKSGKNRWFFTKLRF
37360,CEP00725.1,NCBI,eL27,Ribosomal protein eL27,MGKFIKSKKVVIVLSGRYAGRKAVVVKTFDDGHAKRKFGHALVVGIDKYPLKVTKAMSKNKVLKRSKVKPFIKYINYQHIMPTRYSVDMDVSTLASTASMENADTRKEARKAVKAKLEDRYLKGSKPQSGMNWFFKKLRF
461836,KNC52827.1,NCBI,eL27,Ribosomal protein eL27,MDVGKYRILLKTSKVVIVLAGRFAGSKAVIVNSHPEGTKAHPFPHAVVVGLAKYPGKVTRSMSRKRLASKTRLRTFVKVINFNHLMPTRYSLDVDFQPIVTRGTVVGEDVVTAKAQAIKETSSMLRAKLLAGKHKWFFTKLRF
52970,A0A6U4WVP4,UNI,eL27,Ribosomal protein eL27,MVKLVKFLKAQKVVLVLNGRYAGKKGVIVKTFDEGTDSRKYGHCIVAGVAKAPLKVKKGMSAKKVEKRSRIKPFLKVLNFNHLMPTRYSVEIDFKPAGITQDIMNNDGKRKEARKAVKTLFQDRYTSGKNKWFFSKLRF
5722,XP_001295471.1,NCBI,eL27,Ribosomal protein eL27,MSLLQAGRFVVMLQGRHAGKKAVVLAAYPEGTEDRKFPYAIVMGIEKYPKKVTKDMPTEVLVKKTQVKLFVKAVNFNHVMLTRHNVKDEDFFKKISVEKVVAALKDAPAKKALLTEYAAVLRQKYLNNKMAWFFKPLQF
5741,EES99872.1,NCBI,eL27,Ribosomal protein eL27,MSQPIIKPGLVCIVLQGRHAGKKAVIVEALPHSEKGSYAIVAGIAALPRRITNSMSDEEAVRRGTVRSFVKCMNVNHLMPTSCRLENNYKDFISTQTVADVTKRREIIETINKDFQKRILEHKDTWFFTKLPINA
5755,XP_004335925.1,NCBI,eL27,Ribosomal protein eL27,LKPGKVVIVLNGRYAGRKAVIVENRDDGTKARPYGYAVVAGVDKYPKKITKSMGKKKIAKKTKIAPFVKAINYNHLMPTRYGLDVELRSIVCKENALEKGQNKYKTKQALKKVFQTRYNSGKNKWFFTKLRF
5762,EFC43857.1,NCBI,eL27,Ribosomal protein eL27,MAKEVQQTKFLKPGKIVIILQGRYAGRKAVIAKNFDDAANDKSFPHAVVVGIDQYPKSVTKSMSLTAMKRRSKLTVFIKSVNYQHMMPTRHTLDMDFKGLIADKTSEDATQKKEAKKAIKKKFEAKYLKGAVPFLW
5888,CAK73339.1,NCBI,eL27,Ribosomal protein eL27,MGKFLKPGRLVVLLAGRQAGKKAILIKANEESTKDAKFPNGLVVGIQRYPRKVTKRMGQKQIRKRTTLKVFIKQLNLNHIMPTRYRLEESTLKEVRDRIERVKEAELKNVEKRKDLRKNLRKYLAEKYRTLPAGSLADKKAQSRFLFSKLRF
70448,CEF97804.1,NCBI,eL27,Ribosomal protein eL27,MVKFLKPGKVVVVLAGRYAGKKAVIVKNVDDGNSAHPYGHALVCGLSTIPRKVTKKMDEKKQAKRSKCKTFIKNINYSHLMPTRYTLDVNFKDVVTSDVLDNATKKVAAQKEAKKLLEERFKTGKSRWFFTRLAF
13706,ORZ00660.1,NCBI,eL29,Ribosomal protein eL29,MAKSKNHTNHNQNRKAHRNGIKKPKQHRYPSRKGVDAKFLRNQRFALKGTQKALAAAKQA
2769,XP_005713572.1,NCBI,eL29,Ribosomal protein eL29,MAKSKNHTAHNQSYKNHRNGIKRPKKQQFASRKGMDLKFLKNQKHALRGTIQARLKANREAES
2801,A0A6V0RG56,UNI,eL29,Ribosomal protein eL29,MAKSKNHTAHNQSNKAHANGIKRPRTNKYPSLKGVDMKFLKNQKYSKKSNRRNTPKKSVAN
2903,R1DW73,UNI,eL29,Ribosomal protein eL29,MAKSTNHTAHNQSYKNHRNGIKKPFALKKGQRRALKGMDPKFLRNLRFAKKHNGKGRESEE
3055,XP_001693175.1,NCBI,eL29,Ribosomal protein eL29,MAKSKNHTGHNQNRKCHRNGIKKPQKNKFPSRKGMDPKFLRNQRYAKRHNKKVE
37360,CEO98595.1,NCBI,eL29,Ribosomal protein eL29,MAKSKNHTAHNQTAKAHKNGIKKPKRHRKMSTRGMDQKFVRNLKYARKNNSKPKDEQEE
52970,A0A6U4ZB26,UNI,eL29,Ribosomal protein eL29,AKSKNHTNHNQNRKAHRNGIKRVKTHRFTSMKERDVKVWRNERYARKGSMRVFKQTLDSKKALARGKKPFATKFKGVGKAERDRKARVRNGGDVEEEEEEREGDFRGRG
5722,A2DM33,UNI,eL29,Ribosomal protein eL29,MAKRSNTSAHNRSHQHHRNGIHKCVVKKLWFEKGMNAKFLRNARYAKAGQNKSEEEDE
5741,XP_001704097.1,NCBI,eL29,Ribosomal protein eL29,MAKLKNHTSKNQNRKDHRNGIKKPKKSAYTSHKGMCPKYLRNLRRSRANDPRQSLRPNLNKE
5755,XP_004353499.1,NCBI,eL29,Ribosomal protein eL29,MAKSKNHTAHNQGHKNHRNGIKRAPNQRHVSTKGMDPKFLRNQRFAKKHNKKAVKVLQKQQKAAAAAAVAAAPAATKQ
5762,EFC45499.1,NCBI,eL29,Ribosomal protein eL29,MAKSKNHTGQHEQKKNHRNGIKKQRKERKATSKGLYRPWKTNSKYAKKGTLKAMKEAAQKQE
5888,XP_001436307.1,NCBI,eL29,Ribosomal protein eL29,MAKSKNATSHHNARKHHRNGIKKLPNQRYRTLKGCNQRFAKNRRFAIKNDPSIKKNKSVETRLAKRKANKNIH
70448,XP_022839970.1,NCBI,eL29,Ribosomal protein eL29,MAKSTNHTAHNQSYKNHRNGIKKPKKPTTPSTKGMDPKFLRNQKYAKKGSLKAAGKK
13706,ORZ01249.1,NCBI,eS07,Ribosomal protein eS07,MASHKITKLAGAKRTDEFELNIAQALVDLENNIPELKKELRPLNFTAAQEVDIGAGKKAIVIFVPVPQLKAYRKVQQRLTRELEKKFSDRHVVIVAQRRILTKPNRREVLKQPRPVSRTLKAVHDAVLEDLVYPSELVGKRMRVKVDGSRTIRAFLDTKEATALEYKLDTFSAVYKKLTGKTVAFEFPAYNDELL
1514140,A0A6U1TSC0,UNI,eS07,Ribosomal protein eS07,MSLQKIRKSSGEPDEFEASVAQELLNLEMTSTELKGSLRDLFITAAKEVDCGGGRKAIILYVPYKLLKSFNKIQQRLVRELEKKFSGRHVLIVAQRTILGKSYTRSQKTKGPRPRSRTLTAVQDAILEDLCYPTEIVGKRTRCKVDGRRILKVYLDSKDQANVETRVDTFAAVYNKLTNKQVSFYFK
227086,A0A6T7CNQ4,UNI,eS07,Ribosomal protein eS07,TMNRKIVKKGDLMPTQLEERVASAILDLEETSKDLSAELKSLYISSVKEVQLEDKRSALLVFVPYPLHKKFKDIQSRLTRELEKKFNDKHVLFIAQRTVLSKSYIRKSKGQLRPRSRTLTAVHEAILEDIVYPTQIVGKRTICKIDGKKILKVYLDPKDVKDVDDKLKTFGTVYKALTNKQVEFLFPPTEY
2801,A0A6V0PVC9,UNI,eS07,Ribosomal protein eS07,MSKIRKDNDVKPDAFEESVAAALSDLESSSTELKPDLRELYFTAAREVDVPASGGDSAPSKAVVLFVPFRLHKKFQRVQTRLVRELEKKLSGRSVVVIAQRKIAPRERKGGRLFKQQRPRSRTLTAVHEAVLDDLCYPTEIVGKRMRYKVDGTRTLKVLLDPKDKANVEHKTDAFKAVYRKLTGKDVVFDFPVVA
2903,A0A6V2YZG1,UNI,eS07,Ribosomal protein eS07,MFAAKKIVKEKDVPPEPFEMDVAQALCDLEANSNDLKAELRELYIVSAKEVDVTGRKAVVIFVPFKLLKVVHKIQSRLVRELEKKFSGKHVVIIGQRRIMRKPSSGQRQPKQKRPRSRTLTAVHEAVLEDLVFPTEIVGKHTRYRLDGSKIIKVYLDPKEAANVEYKVDTFSTVYKKLTGKEVKFEFPPQQS
3039,6ZJ3_SI,NCBI,eS07,Ribosomal protein eS07,MATTQVVGPRKKLRKSARKSATPLEDEVAQAIFDLEVNNKSLKPVLQPLYVNTAKEVDIGHGKRAVVIFSPLRFLKKFHRIHKQLTAELEKKFSGKQVLVIGQRKITRQGKHNKNKIPRTRTAVSVRENILADLLYPVDVVGRRWRHKTDGSKQTKIFLDAREKDKVEGKIEAISVVYKKLTGVDASFGFMTNPLLQQFQ
3055,XP_001702342.1,NCBI,eS07,Ribosomal protein eS07,MVSARSKKIVKERGQEPDEFEEQVAQALFDLEATNAELKADLRDLYITSAKEVDVANGARKAIIIHVPYRLLKAFHKIQQRLVRELEKKFSGRDVVIVGNRRILPPPRNGKTASRPRSRTLTAVHDAILDDLVYPTEIVGKRIRYRLDGSKILKVHLDPKDRNSTEYKLETFGSVYKRLTGKDVSFEFPVAESS
3088,A0A383VYN1,UNI,eS07,Ribosomal protein eS07,MFTARKKIVKEKGAEPDDFEESVAQALFDLEATNNELKPDLKDLYITAAKEVDVSARKAIIVHVPFRLLKSFHKIQQRLVRELEKKFSGKDVVVVANRRIMPPPTGGRSNARPRSRTLTAVHDAILDDLVYPTEIVGKRIRYRLDGSKVLKVFLDPKDRNTTEYKLETFAGVYKKLTGKDVVFEFPVQDSA
37360,CEP03344.1,NCBI,eS07,Ribosomal protein eS07,MAAVVGKKLLKKGGQEPTELEAALAQAFVDLEASSKDLKADLRDLYFLAAKEIAVEEGKKAIVIFIPFVKQAKFKKIQPRLIRELEKKFTNKHIVFVAQRTILGAGYARKSKGALRPRSRTVAAVHESILNDVVYPTEIVGKRIRFRLDGTKLLKVHLDPKEASNVDYKLATFAAVYRKLTNKQAEFMFPPAAKA
461836,XP_013752985.1,NCBI,eS07,Ribosomal protein eS07,MFTAQSKLKLAKDATPSELELELAKNLFELEMKDEDLQVELREVQIIAARKHVIDEETGKAAIIMFVPVPQLKHVQRIHQHLVRELEKRFSGQHILIVAQRRILPIPRRAPGGVRVFRPRSRALTTVHQAILEDILFPAVIVDRRTRVTIDGKKVRVLLEKQHETLIGYKLKTFSAVYQRLTGQVVSFEFQDA
52970,A0A6U5AU26,UNI,eS07,Ribosomal protein eS07,MFTARKKIVKDGDAPIDAFEEQVAQAIFDLQVAQNDMKADLQDLYITSAKEVEVSAGRKAVIIHVPFRLLKSFHRIQQRLIRELEKKFSGKHVCIIAQRRILPREGRKNRTQKQKRPFSRTLTSVHESTLEDLVHPTEIVGKRTRIRVDGSKTLKVLLDPKDQANVEHKLDTFSTVYKSLTGRDATFEFPVAATE
5741,EET01134.1,NCBI,eS07,Ribosomal protein eS07,MTFPAQRKIRKPFEKLSDLEKQVAGTLLKLEDDPDLKEMDLGTLYISSVKEIAVDGDKKAAVVYVPYPMLQNFQKNSEALILKLEKNHSGHRFIIVANRTIMKNAYVFTGKKSIRRPRSRTMTSVYNCILDDICYPVHVIGKRTLYPAGSNPRLQVVLPKAMYNEVSERTKTYSAVYKALTERDTEFIFM
5755,XP_004352065.1,NCBI,eS07,Ribosomal protein eS07,MYTARRKIQKEKNAEPTEFELQVAQALFDLEVNATDLKGDLKELFISGARQVDLGAGKTAILVFVPFRLLKGFHKVQARLVRELEKKFSGQHVVVIANRRILPVIGKKNRRKRQKRPMSRTLTAVHDAILEDLVYPTEITGKRIRIRLDGSRLYKVYLDKKDQNNVEYKLDTFSRLYKKLTGKQVAFLF
5762,XP_002677106.1,NCBI,eS07,Ribosomal protein eS07,MFTSLRKIKKGKDQEVSELEKQVAQAIFDLEVYNKDLKADLQPLHFVAAQEVAIGKEKQSLVIFVPVRQVKEWRKVHGKVVRELEKKFNGKHVLIVGQRKAVSKPTDPTKEHRPRARSLAQVQERLLEDVCYPVEIVGKRTRTRVDGSKLTKIFLENKEKSNFDHKIKTFNKVCKRLTGKKVSYEFANL
5888,CAK56772.1,NCBI,eS07,Ribosomal protein eS07,MAANKFWKKTELTNLEQQVGVALTQIEQSLADAKNLKLSSVVDYTAKINAKKQVYLVYIPHPCLSVFNKVSSKLLPELEKRLKATILVVAKRTIESKWVKSHRSQTRPNSRTLTSVYDSILEDLVAPTFILGRRTRVRVDGTKFYRIFLDEQDKAELEPRLDAVKAVYKLLTTRDLEFEFRRDDVFYSKRGASKKVQRKQ
70448,XP_022839662.1,NCBI,eS07,Ribosomal protein eS07,MSAALKIHKPNGAPLTSFEETVAQAIADLEATNAELKAELKDLYINSAAEVDVAGGRTAIVIHVPYRALKSYHKIQQRLVRELEKKFSGKDVVIVANRRIMPVPSNNMARSRPRSRTLTAVHAALLEDLVYPTEIVGKRQRYRLDGSRLLKVYLDPKDRNTTEYKLDTFAGVYKKLTGKECAFMFPEA
13221,A0A6S9QMB4,UNI,eS10,Ribosomal protein eS10,MLISKKNRLAILSYLFKEGVVVAKKDYHIKNHPDIADVSNLEVIKLMTSFTSKELVTERFSWKHYYWFLTDEGIEHLREFLHLDEEMVPNTLKKAAPRPGPPGRAPPEGERRGPPRDGGREGYRSGPREFSGFGRGGGAPRPVAA
1514140,A0A6U1YHF1,UNI,eS10,Ribosomal protein eS10,MFIPKANRIAVFSYLFKEGVLVVKKDTVSPTHPHVEGASNLEVMMLMKSLESRGFVRCTFSWQHTYCYLTAEGIEYLRTYLGLPEGVVPATHKKSTGRPEGRDREEDKFAGGEGRPAFRGGGDREYRSRDGGFGRGGGV
2801,A0A6V0PVJ1,UNI,eS10,Ribosomal protein eS10,MIVPKKNRIAIYNQLFKDGVIVAAKDHFGVTSLGDPKDETREKVPTLHIIKLCQSLDSRGLVRTTFSWQHYYYFLEDAGVAYLQSYLGIPSEVIPTTHQKPPRTAGRLPGGPGGPGGPRGGPGGDRGGPRRFGGAPGGKPGGPGGDFKPSFGGQEGYRADEGGAAAPFGGRAQ
3055,XP_001696699.1,NCBI,eS10,Ribosomal protein eS10,MLIPKKNRREVYKYLFKEGVLQAEKDFNLKEHPEIPGVPNLQVIKLMQSFKSQELVTERFSWRHYYWFLTNKGIDYLREYLNLPSEIVPATLKKSNRPLERGPPMRGGDRGDRPPRREGGFGGPREGGREGYRGAPREGGGFGRGADKAGAPGAYQPQFGGSGGFGRGGAAPQ
3075,XP_011398827.1,NCBI,eS10,Ribosomal protein eS10,MLISKKNRRAVYKQLFNDGVMYAEKDFNLKQHPEKDLEGVSNLEVIKLLQSLRSKELVTERYAWRHFYWFLTDSGIEYLREYLNLPAEVVPATLMKSTRPLEKGFGGDRPPRGDRFGGDRPRFGGDRPDRFGGGDRGGYRSDKTGAPGEYRPEFRSGGFGRGGNSAPAPATE
3088,A0A383W5Z0,UNI,eS10,Ribosomal protein eS10,MLIPKKNRREVYKYLFKEGVLQAEKDFNLEQHPEVEVPNLHVIKLMQSFKSKELVTERFAWRHYYWFLTNKGIEYLREYLNLPADVVPATLKKSARPAGEGRRPPMGGDRPPRGPPREGGYREGYRSGPREGGGFGRGGDRGGDKASAPGAYQPQFGGGGGFGRGGAQ
52970,A0A6U4UXW1,UNI,eS10,Ribosomal protein eS10,MLIPKANRVKIYSHLFQEGVMVAADDAQAFSHMELKDVPNLQVMKLMQSLTSRGYVRRTYTWKHHYWFLTNEGITYLREYLNLPEMIVPNTHKKQQARPSSRPLGGDDRGDRPRYGAGPPGDRPGGRGGFGRGGDREGYRSGPKEPSSYGGDRPSFGGRGRGGDGGSGGARFGGGRGRAGDAAPAPGP
5722,A2EBA2,UNI,eS10,Ribosomal protein eS10,MYMPTAIRRRILRCLFENGVLCVSDIQSGTHEELDCLNIYPYQIGRAFVTKGFCIKTYAWSHAYYTLTDKGIEYLRNYFGLPANAAPATLREAEAKVLETRRDRPQGRGPRRFGNGPRGDRPQRGGFRGPRREQAEQPQQE
5741,KAE8304482.1,NCBI,eS10,Ribosomal protein eS10,MVHIPKAVYKAVYAHLYENASLALKEYWRVGNVPGITYVDENGKLCNPTYLHVNCIMQSLESRGVVKDTFAWRHHYYLLTEKGEQFIRKELDLTDDVLPTPYSKPSIKPPQYAQCFSSKGKPDRAPQPKPDEAK
5762,EFC44763.1,NCBI,eS10,Ribosomal protein eS10,MFIPSESRVAVMQYLFKEGVVVAKNDLRLKSHPHIEGVKNLHVVKFMQGFAARGLVKQQYAWRHYYWFLTNNGVNFLREYLNLPTTVVPATHKMTGKKIQIISTDRPKKQFKAGERPQYRNDRKTAPKEGETAVPQGTATEKPKTGGRGKGFQQQ
5888,CAK65756.1,NCBI,eS10,Ribosomal protein eS10,MVQVKRQDRRKVYEYLLLEGVIVIKKDMALPLHAETGVKNLEVWMLLRSLRDKKLVDLVFSWQYYYYYLKAEGVKYVRDKLGIVEDVIPATFKKADKKFEDDVPERRGPRGNKPFGRGGNRGPRRAEEQTETAQQ
#13221,A0A6S9SL99,UNI,eS36,Ribosomal protein eS36,MATRLTGFTGHPKGETKTGLAVGMDSGHVLTKRELKPKPSYRKGKLNKRVAFVREIVREVAGYAPYEKRTMELLKVGKEKRALKVLKSKLGTHKRAKSKREEMSAALRAQRMK
#13706,ORY93883.1,NCBI,eS36,Ribosomal protein eS36,MAPQQKSGIAVGLNKGHITTRRELPIKVSRKKGMLTQRTALVRGIIREVAGFAPYERRVMELIKNSKDKRAKKLTKRRLGTFVRAKRKIEELTGVIAESRRHH
#1514140,A0A6U1TP87,UNI,eS36,Ribosomal protein eS36,DGKMAIAIGLQRGHKVDKREKVARPGSRKGKVGKRIKLVRDVVREVTGFAPYERRIMELLKIGKDKRALKFAKRRLGTHIRAKRKREEMSSVLRVLKTQQAHHAP
#227086,A0A6U3JTP9,UNI,eS36,Ribosomal protein eS36,MSGIAVGAGKGFIVTKRPTHKSSRKWFVGLKKDEIKNAPGKRVKVVRSVIRECVGFAPYERRIMEILKGGGSNPQKRAWRFAKNRLGTHTRAKKKVVEIEKVISAAPAPKKKAAKKDGKK
#2769,CDF33510.1,NCBI,eS36,Ribosomal protein eS36,MAGIAVGINKGHIVTKRIPLAKRSSHTKGRVTVRGEVVRQVMKEVVGFSPYEKRIIELLRIGKDKRALKFAKKRLGTHIRAKRKREEMSEALRSKRG
#2801,A0A6V0SKV6,UNI,eS36,Ribosomal protein eS36,PPISFLKTSACGTHFRPHHFTPAMSTASGVARGLNKGHIVTKKAVAPKPSHRKGNAAGKKISLVRSVVREVVGFAPYERRIMELLRVGKDKRALKFAKRRLGTHLRAKRKREEMTEMMRKKR
#2903,XP_005782836.1,NCBI,eS36,Ribosomal protein eS36,MSTVRLTGFTGHPKGERKTGLAVGMDKGHVLTSRDLKPKPSYRKGKLNKRVAFVREIVREVAGYAPYEKRTMELLKVGKEKRALKVLKNKLGTHKRAKAKREEMSGVLRAQRTK
#3039,QLA09636.1,NCBI,eS36,Ribosomal protein eS36,MGKFGALPSAKLRRCSAVTPLPKPFRARDRIKKPKKKLRAVRDLVQEVVGFSPYERRMIELLKVGREKRALRFAKRRLGTHRQAKKKRDIMTEVLRKMRAAAHPKK
#3055,XP_001703188.1,NCBI,eS36,Ribosomal protein eS36,MVATGLAVGLNKGHVVTKREQAVRPSRTKGRLGKRVKFVREVIRDVAGLAPYEKRIMELLKVGKDKRALKVAKRKLGTHIRGKRKREELAGLMRKMKK
#3075,XP_011396354.1,NCBI,eS36,Ribosomal protein eS36,MAKAGIAVGLAKGHVVTKREKVARPAERKGRASKRVKFVRDIIKEVAGQTPYEKRVMELLKVGKDKRALKLCKRKLGTHLRAKRKREEMSTLLRKVKK
#3088,A0A383W5C6,UNI,eS36,Ribosomal protein eS36,MTATGIAVGANKGHVVTKRDLAPRASRRKGYLSKKVKFVRELVREVAGLAPYEKRIIELLKVGKDKRALKVAKRKLGTHLRGKKKREEMAGVLRKQQKAAHK
#37360,CEP02593.1,NCBI,eS36,Ribosomal protein eS36,MFARPTGTVPGIAGGLAKGHVVNKRVQRERPSNRKGKLGSRSKLVRSVIRSVSGFAPYEKRVIELIKGGGVNSQKRAMRFAKKRLGTHKRAKAKFSELSEVMNK
#461836,XP_013761692.1,NCBI,eS36,Ribosomal protein eS36,MVKNIAVGLKRGYPVQKIKPMKTSKDRKGVLGKRTKFVREVIREVSGFAAYERRIMELLRVGHDKRALKFAKKRLGTHTRALRKRDEMGAALRAMQQANRARAQEEAAAAKAAN
#52970,A0A6U4YPK1,UNI,eS36,Ribosomal protein eS36,MPGVDSTGLAVGLKKGFLVEKRTITPRPASRKGKQGKHVKFVREIVREIAGMSPLERRAVELLKNGRDKRVLKLCKKRLGTHKRAKAKREHCSGLLRQTQRKAAK
#5741,EET01995.1,NCBI,eS36,Ribosomal protein eS36,MPGRVFNLKKGGAVVRIVRKKEERKAKPHQEFVKSIIQECTGMAPYEMHIIELLRMNKDRHALRYAKKRLGNIKRAKAKRDQLSVYARNI
#5755,XP_004338635.1,NCBI,eS36,Ribosomal protein eS36,MSSKKAAPAKAPAKAAAKAPAKAAPAKPVRVRKEKKPTQDLTIKTPLGIARGLKRGFPVTKRTRKIRTADVRRIGKRTKFVREVIREVSGYAPYERRIIELMRVGLDKRALKLAKRKIGTHRRALKKREEMGNVVSLQRLAASRAKEDAEEQQ
#5762,D2VJ88,UNI,eS36,Ribosomal protein eS36,MVATGISVGRIGRKGFPTTKRAKVTKTQKPSKHRVVKDIVEEAIGVAPYEARLVDLVEVSEKRALRFAKRRLGDLTRAKKKIRAIEDLKRRIRKRQQERIAEQTKQAEKK
#70448,OUS41787.1,NCBI,eS36,Ribosomal protein eS36,MTKGISVGLAKGHEVTTRILAPRHGSRKGRCGKRVGMIRDLIREVAGSAPYEKRLVELLKNGRDKRALKLAKRKLGTHLRGKKKREEMGNLMRKSSRKATAEGK
