Species,Domain,TaxID,,seq,rnacentral_url,rnacentral_id,Put a space to cleanup look,Notes,Phylum,Class
Aeropyrum pernix K1 ,Archaea,272557,Aeropyrum_pernix,CGGCCCGGCCAUAGCGGCCGGGUAACACCCGGACUCAUUUCGAACCCGGAAGUUAAGCCGGCCGCGUUGGAGGCUCCAGUGGGGUCCGAGAGGCCCUGCAGGGGCCUCCAAGCCGGGGCCG,http://rnacentral.org/rna/URS0000699CD5/272557,URS0000699CD5, ,,Crenarchaeota,Desulfurococcales
Hyperthermus butylicus DSM 5456,Archaea,415426,Hyperthermus_butylicus,ACGGCCCGACCCGGCCAUAGCGGCCGGGCAACACCCGGACCCACUUCGAACCCGGAAGUUAAGCCGGCCGCGUUGGGGGUAGCUGUGGGGUCCGCGAGGCCCCGCAGCUCCCCCAAGCCGGGAUCGGGCC,http://rnacentral.org/rna/URS00006155B3/415426,URS00006155B3, ,,Crenarchaeota,Desulfurococcales
Caldivirga maquilingensis IC-167,Archaea,397948,Caldivirga_maquilingensis,UAACCCGGCCAUAGGUGGGGUGGACCCACCCAGACUCAUCAGAACCUGGAAGUGAAACACCCCACCGCGGUGCUGAGUACUGCGGUCCGCGAGGCCGUGGGAAAGGCCCGUGCUGGGGUUG,http://rnacentral.org/rna/URS00006CA02D/397948,URS00006CA02D, ,,Crenarchaeota,Thermoproteales
Ignicoccus hospitalis KIN4/I,Archaea,453591,Ignicoccus_hospitalis,CCCGGCCCGGCCACAGCGACCGGGUAACACCCGGACCCAUUUCGAACCCGGAAGUUAAGCCGGUCGCGCGGGGUCCGGCAGUGGCGUCCGAGAGGCGCCGCAGCCGCCCCGUGCUGGGACCGGGC,http://rnacentral.org/rna/URS000059262C/453591,URS000059262C, ,,Crenarchaeota ,Desulfurococcales
Staphylothermus marinus F1,Archaea,399550,Staphylothermus_marinus,CCCGGCCAUAGUGGCCGGGCAACACCCGGUCUCAUAUCGAACCCGGAAGUUAAGCCGGCCACGUUGGGGUGGGCCGUGAGGUCCGAGAGGCCUCGCAGCCGCCCCAAGCUGGGAU,http://rnacentral.org/rna/URS000057D8D4/399550,URS000057D8D4, ,,Crenarchaeota ,Desulfurococcales
Metallosphaera sedula DSM 5348,Archaea,399549,Metallosphaera_sedula,CCACCCGGCCAUAGCGGGGGAGCAACACCCGGACUCAUCUCGAACCCGGAAGUAAAGUCCCCUGCGUUGGGGAUGCGGUGGGAUCCGAAAGGGCCCGCAGCUACCCCAAGCUGGGAUGG,http://rnacentral.org/rna/URS000064138C/399549,URS000064138C, ,,Crenarchaeota ,Sulfolobales
Sulfolobus acidocaldarius DSM 639,Archaea,330779,Sulfolobus_acidocaldarius,UGCCCACCCGGUCAUAGUGAGCGGGUAACACCCGGACUCGUUUCGAACCCGGAAGUUAAGCCGCUCACGUCAGAGGGGCCGUGGGAUCCGAGAGGGCCCGCAGCCUCUCUGAGCUGGGAUGG,http://rnacentral.org/rna/URS000056704D/330779,URS000056704D, ,,Crenarchaeota ,Sulfolobales
Sulfolobus tokodaii str. 7 ,Archaea,273063,Sulfolobus_tokodaii,GCCCACUCGGCCAUAGUGGGCGGGUAACACCCGGACUCGUCUCGAACCCGGAAGUUAAGCCGCCCACGUUAGAAGGGCCGUGGGAUCCGCGAGGACCCGCAGCCCUUCUAAGCCGAGAUGGG,http://rnacentral.org/rna/URS00001B7D24/273063,URS00001B7D24, ,,Crenarchaeota ,Sulfolobales
Pyrobaculum calidifontis JCM 11548,Archaea,410359,Pyrobaculum_calidifontis,UAACCCGGCCAUAGGCGCCGGUGCUACACCCGGUCUCAUCAGAACCCGGAAGUUAAGGCCGGCGCCGCGCUCGGGAGUACUGGGCUCCGCGAGGGCCCGGGAAACCGGCGUGCUGGGAGGG,http://rnacentral.org/rna/URS00006D5104/410359,URS00006D5104, ,,Crenarchaeota ,Thermoproteales
Thermofilum pendens Hrk 5,Archaea,368408,Thermofilum_pendens,CGCCCCGCCCAUAGUCGGUGGGCAACGCCCGGUCUCGUCAGAUCCCGGAAGCUAAGCCACCGACGCGGUCGCGAGUACUGGGGUCUGCGGCCCCGGGAAAGCGCCGUGGUGGGGCAU,http://rnacentral.org/rna/URS00000407C7/368408,URS00000407C7, ,,Crenarchaeota ,Thermoproteales
Methanopyrus kandleri AV19 ,Archaea,190192,Methanopyrus_kandleri,UGUGGCGGCGGCCACAGCGGCCGGGGCCACACCCGGGCCACAUCUCGAACCCGGAAGUUAAGCCCGGCCGCGUCCCGGGUGGUACUGCGCUCCGAGAGGGCGCGGGAAGCCCGGGAUGCCGCCGCCGUCCCCC,http://rnacentral.org/rna/URS0000429F77/190192,URS0000429F77, ,,Euryarchaeota,Methanopyrales
Archaeoglobus fulgidus DSM 4304 ,Archaea,224325,Archaeoglobus_fulgidus,AUGCCGACGGUCAUAGGACGGGGGAAACACCCGGACUCAUUCCGAACCCGGAAGUUAAGCCCCGUUCCGUCCCGCACAGUACUGUGUUCCGAGAGGGCACGGGAACUGCGGGAACCGUCGGCUU,http://rnacentral.org/rna/URS00005321C4/224325,URS00005321C4, ,,Euryarchaeota ,Archaeoglobales
Haloarcula marismortui ATCC 43049 ,Archaea,272569,Haloarcula_marismortui,AUAGGCGGCCACAGCGGCGGGGUUGCCUCCCGUACCCAUCUCGAACACGGAAGAUAAGCCCGCCAGCGUUCCGGGGAGUACUGGAGUGCGCGAGCCUCUGGGAAACGCGGUUCGCCGCCACCA,http://rnacentral.org/rna/URS00000A2180/272569,URS00000A2180, ,,Euryarchaeota ,Halobacteriales
Halobacterium sp. NRC-1 ,Archaea,64091,Halobacterium_sp.,UUAAGGCGGCCAUAGCGGUGGGGUUACUCCCGUACCCAUCCCGAACACGGAAGAUAAGCCCGCCUGCGUUCCGGUCAGUACUGGAGUGCGCGAGCCUCUGGGAAAUCCGGUUCGCCGCCUACU,http://rnacentral.org/rna/URS000041D0CE/64091,URS000041D0CE, ,,Euryarchaeota ,Halobacteriales
Haloferax volcanii DS2,Archaea,309800,Haloferax_volcanii,UUAAGGCGGCCAGAGCGGUGAGGUUCCACCCGUACCCAUCCCGAACACGGAAGUUAAGCUCACCUGCGUUCUGGUCAGUACUGGAGUGAGCGAUCCUCUGGGAAAUCCAGUUCGCCGCCCCU,http://rnacentral.org/rna/URS0000367BCB/309800,URS0000367BCB, ,,Euryarchaeota ,Halobacteriales
Haloquadratum walsbyi DSM 16790,Archaea,362976,Haloquadratum_walsbyi,UUGAGGCGGCCAGAGCGGCAGGGAAACACCUGUACCCAUCCCGAACACAGUGGUUAAGUCUGCAAGCGUUGGAGCACGUACUGGAGUGAGAGAUCCUCUGGGAGCGCUUCAUCGCCGCCU,http://rnacentral.org/rna/URS000050CE6F/362976,URS000050CE6F, ,,Euryarchaeota ,Halobacteriales
Halorubrum lacusprofundi ATCC 49239,Archaea,416348,Halorubrum_lacusprofundi,AAAGGCGGCCAUAGCGGUGGAGCAACACCCGUACCCAUUCCGAACACGGAAGUUAAGCCCACCAGCGUACCGGGAAGUACUGGAGUGAGCGAUCCUCUGGGAACCGCGGUUCGCCGCCUACC,http://rnacentral.org/rna/URS00007296E8/416348,URS00007296E8, ,,Euryarchaeota ,Halobacteriales
Natronomonas pharaonis DSM 2160,Archaea,348780,Natronomonas_pharaonis,UUAAGGCGGCCACAGCGGCGGGGCGACUCCCGUACCCAUCCCGAACACGGAAGAUAAGCCCGCCAGCGUUCCAGCGAGUACUUGAGUGCGCGAGCCUCUGGGAAAUCUGGUUCGCCGCCUACC,http://rnacentral.org/rna/URS000073FE27/348780,URS000073FE27, ,,Euryarchaeota ,Halobacteriales
Methanosphaera stadtmanae DSM 3091,Archaea,339860,Methanosphaera_stadtmanae,UACGGCGACCAUAGCGAUAGGGUCACAUCUGAACUCGUCUCGAUCUCAGUAAUAAAGUCUAUCCACGUUUUGUUUGGUACUAUAGAUGGUAAGUCUAUGGGAAUUUCAGAAAGUUGCCGGCC,http://rnacentral.org/rna/URS00006BA548/339860,URS00006BA548, ,,Euryarchaeota ,Methanobacteriales
Methanothermobacter thermautotrophicus str. Delta H ,Archaea,187420,Methanothermobacter_thermautotrophicus,GUUUUGGCGGUCAUGGCGUGGGGGUUUAUACCUGAUCUCGUUUCGAUCUCAGUAGUUAAGUCCUGCUGCGUUGUGGGUGUGUACUGCGGUUUUUUGCUGUGGGAAGCCCACUUCACUGCCAGACCACCC,http://rnacentral.org/rna/URS000026B86D/187420,URS000026B86D, ,,Euryarchaeota ,Methanobacteriales
Methanocaldococcus jannaschii DSM 2661 ,Archaea,243232,Methanocaldococcus_jannaschii,UACGGCGGUCAUAGCGGGGGGGCCACACCCGAACCCAUCCCGAACUCGGAAGUUAAGCCCCCCAGCGAUGCCCCGAGUACUGCCAUCUGGCGGGAAAGGGGCGACGCCGCCGGCC,http://rnacentral.org/rna/URS00006AED7D/243232,URS00006AED7D, ,,Euryarchaeota ,Methanococcales
Methanococcus aeolicus Nankai-3,Archaea,419665,Methanococcus_aeolicus,CAUAACGGUCAUAGCGAAGGUGUUAUAUCCGAUCCCAUUCCGAUCUCGGAAAUCAAGCCCUUCAGCGAUUCCCUAAGUACUGCCAUUCGGUGGAAACAGGGAGACGCUGUUAGUCAUUUUUU,http://rnacentral.org/rna/URS00006E45F0/419665,URS00006E45F0, ,,Euryarchaeota ,Methanococcales
Methanocorpusculum labreanum Z,Archaea,410358,Methanocorpusculum_labreanum,UCAUGCGGCCAUAGCAGAGAGGUUCCACCCGGACCCAUUCCGAACCCGGCAGUUAAGCUCUCUUACGUCGGCUAUUGUACUGAGAUAUGCGAAUUCUCGGGAAGUUGUCAACGCUGCACCCC,http://rnacentral.org/rna/URS000053650C/410358,URS000053650C, ,,Euryarchaeota ,Methanomicrobiales
Methanoculleus marisnigri JR1,Archaea,368407,Methanoculleus_marisnigri,AAUAGCGGCCAUAGCAGAGGGGAAACACCUGGACCCAUUCCGAACCCAGCAGUUAAGCCCUCUCACGUGCCAUGUGGUACUGAGGUGCGCGAGCCCUCGGGAAGCACGGCUCGCUGCUAUUA,http://rnacentral.org/rna/URS000069F1FF/368407,URS000069F1FF, ,,Euryarchaeota ,Methanomicrobiales
Methanoregula boonei 6A8,Archaea,456442,Methanoregula_boonei,GAUAGCGGCCAUAGCUGUCGGGAAACACCUGGUCUCAUUCCGAACCCAGCAGUUAAGCUGACACACGUAGUAUGCUGUACUUGGGUACGCGAGUCCCUGGGAACCAUACCAAGCUGCUAUCA,http://rnacentral.org/rna/URS0000404EF2/456442,URS0000404EF2, ,,Euryarchaeota ,Methanomicrobiales
Methanospirillum hungatei JF-1,Archaea,323259,Methanospirillum_hungatei,AAUAGCGGCCACAGCAGGUGUGUCACACCCGUUCCCAUUCCGAACACGGAAGUUAAGACACCUCACGUGGAUAACGGUACUGAGGUACGCGAGUCCUCGGGAAAUCAUCCUCGCUGCUAUUG,http://rnacentral.org/rna/URS0000469233/323259,URS0000469233, ,,Euryarchaeota ,Methanomicrobiales
Methanococcoides burtonii DSM 6242 ,Archaea,259564,Methanococcoides_burtonii,UAUGGCGGCCAUAGUGGUAGGGCAACUCCUGUUCCCAUCCGAACACAGAAGAUAAGUCUACCUACGUUGUUUACUGUACUGAAGUACGAGAGUCUUCGGGAAAUCUGCAUCGCUGCUAUGC,http://rnacentral.org/rna/URS00004159FA/259564,URS00004159FA, ,,Euryarchaeota ,Methanosarcinales
Methanosaeta thermophila PT,Archaea,349307,Methanosaeta_thermophila,AGCGGCGGCCAUAGCGGCGGGGAAACUCCUGAACCCUUCCCGAACUCAGAAGAUAAGCCCGCCCACGUCCUGCACUGUACUGAGGUGCGCGAGCCCUCGGGAAAUGCAGGUCGCUGCCAACU,http://rnacentral.org/rna/URS000071C893/349307,URS000071C893, ,,Euryarchaeota ,Methanosarcinales
Methanosarcina acetivorans C2A ,Archaea,188937,Methanosarcina_acetivorans,CGAGUUUGGCGGCCAUAGCGGCAGGGUAACUCCUGUACCCAUCCCGAACACAGCAGAUAAGCCUGCCCCGCGUUCCUUACUGUACUGAAGUGUGCGAGCCUUCGGGAACUCUGGAUCGCUGCCAAAUUCACCCUA,http://rnacentral.org/rna/URS00000DD7E9/188937,URS00000DD7E9, ,,Euryarchaeota ,Methanosarcinales
Methanosarcina barkeri str. Fusaro ,Archaea,269797,Methanosarcina_barkeri,AGAGUUUGGCGGCCAUAGCGGCAGUGUAACUCCUGUACCCAUCCCGAACACAGUAGAUAAGCCUGCCCGCGUUCCUUACUGUACUGAAGUGUGCGAGCCUUCGGGAACUCUGGAUCGUUGCCAUACUCACC,http://rnacentral.org/rna/URS0000275258/269797,URS0000275258, ,,Euryarchaeota ,Methanosarcinales
Methanosarcina mazei Go1 ,Archaea,192952,Methanosarcina_mazei,AGUUUGGCGGCCAUAGCGGCAGGGCAACUCCUGUACCCAUCCCGAACACAGAAGAUAAGCCUGCCCGCGUUCCUUACUGUACUGAAGUGUGCGAGCCUUCGGGAACUCUGGAUCGCUGCCAAGCUCACCU,http://rnacentral.org/rna/URS00003B9F01/192952,URS00003B9F01, ,,Euryarchaeota ,Methanosarcinales
Nanoarchaeum equitans Kin4-M ,Archaea,228908,Nanoarchaeum_equitans,UGGGAGGGCCAUAGCGGCCCGGGAACCACCCGUACCCAUCUCGAACACGGAAGUUAAGCCGGGCCGCGUCCCGAGUGGUACUGCCCCGCGAAGGGGUGGGAAGCUCGGGAUGCCCUCCCGC,http://rnacentral.org/rna/URS000071EE14/228908,URS000071EE14, ,,Euryarchaeota ,Nanoarchaeota
Pyrococcus furiosus DSM 3638 ,Archaea,186497,Pyrococcus_furiosus,CGGCGGCCAUAGCGGGGGGGCCACACCCGGUCUCAUUUCGAACCCGGAAGUUAAGCCCCCCAGCGAUCCCGGUUGUACUGCCCUCCGAGAGGGGGCGGGAAGCCGGGGACGCCGCCGGCCACUAUC,http://rnacentral.org/rna/URS000000EE76/186497,URS000000EE76, ,,Euryarchaeota ,Thermococcales
Thermococcus kodakarensis KOD1 ,Archaea,69014,Thermococcus_kodakarensis,GGCACGGCGGCCAUAGCGGCGGGGCCACACCCGGUCUCGUUUCGACCCCGGAAGUUAAGCCCGCCAGCGUUCCCGGGUGUACUGCCCUCCGAGAGGGGGCGGGAAACCGGGAACGCCGCCGGCCAC,http://rnacentral.org/rna/URS0000153184/69014,URS0000153184, ,,Euryarchaeota ,Thermococcales
Picrophilus torridus DSM 9790 ,Archaea,263820,Picrophilus_torridus,GACGACGACCAUAACAUCGGGGAAAUACCAGGUCCCAUUCCGAACCCGACGGUGAAGCCCGAUGUGUUUCAUGUGGUACUGUCUUCCGCGAGGGGAUGGGAAGCAUGAUUCGUUGUCGUUA,http://rnacentral.org/rna/URS0000728D7B/263820,URS0000728D7B, ,,Euryarchaeota ,Thermoplasmatales
Thermoplasma volcanium GSS1 ,Archaea,273116,Thermoplasma_volcanium,GGCAACGGUCAUAGCAAUAGGGAAACACCAGAUCCCAUUCCGAACUCGACGGUUAAGCCUGUUGCGUAUUACGUUGUACUGUAUUCCGCGAGGGUACGGGAAGCGUAGUAUGCUGUUGCCAUU,http://rnacentral.org/rna/URS00004ACE44/273116,URS00004ACE44, ,,Euryarchaeota ,Thermoplasmatales
Acinetobacter sp. RUH2624,Bacteria,575564,Acinetobacter_sp.,GCUGGCGACCAUAGCAAGAGUGAACCACCUGAUCCCUUCCCGAACUCAGAAGUGAAACCUCUUAGCGCUGAUGGUAGUGUGGGGUUACCCAUGUGAGAGUAAGUCAUCGCCAGCU,http://rnacentral.org/api/v1/rna/URS00005D0776/575564,URS00005D0776, ,,,
Agrobacterium tumefaciens str. C58 ,Bacteria,176299,Agrobacterium_tumefaciens,GACCUGGUGGUUAUCGCGGGGCGGCUGCACCCGUUCCCAUUCCGAACACGGCCGUGAAACGCCCCAGCGCCAAUGGUACUCCGUCUCAAGACGCGGGAGAGUAGGUCGCUGCCAGGUCU,http://rnacentral.org/rna/URS000016EF17/176299,URS000016EF17, ,,,
Anabaena variabilis ATCC 29413 ,Bacteria,240292,Anabaena_variabilis,CCUGGUGCCUAUGGUGCAGUGGAACCACUCUGAUUCCAUCCCGAACUCAGUUGUGAAACGCUGCUACGGCUACGAUAGUCUAGGGGUUGCCCUAUGCCACAAUCGCUCGGUGCCAGGU,http://rnacentral.org/rna/URS00006C72CF/240292,URS00006C72CF, ,,,
Azoarcus sp. BH72 ,Bacteria,62928,Azoarcus_sp.,UCUGACGACCAUAGCGUCUUGGUACCACCCCUUCCCAUCCCGAACAGGACCGUGAAACAAGACCGCGCCGAUGAUAGUGAGCCCGCGCUCGUGAAAGUAGGUCAUCGUCAGAC,http://rnacentral.org/rna/URS00007221F3/62928,URS00007221F3, ,,,
Bacillus anthracis str. Ames ,Bacteria,198094,Bacillus_anthracis,UCUGGUAAUGAUGGCAGAGAGGCCACACCCGUUCCCAUACCGAACACGGAAGUUAAGCUCUCUAGCGCCGAUGGUAGUUGGGACCUUGUCCCUGUGAGAGUAGGACGUUGCCAGGC,http://rnacentral.org/rna/URS0000257F1D/198094,URS0000257F1D, ,,,
Bacteroides thetaiotaomicron VPI-5482 ,Bacteria,226186,Bacteroides_thetaiotaomicron,UCAGGUGGUUAUAGCACGAGGGUUCCACCUCUUCCCAUUCCGAACAGAGAAGUUAAGCCUCGUCACGCCGAUGGUACUGCGUAACAGUGGGAGAGUAGGUAGCCGCCAUUU,http://rnacentral.org/rna/URS00006C40EC/226186,URS00006C40EC, ,,,
Bartonella henselae str. Houston-1,Bacteria,283166,Bartonella_henselae,GACUUGGUGGUUAUGGCGGAGUGAACGCACCCGAUCCCAUCCCGAACUCGGCCGUGAAACGCUCCAGCGCUGAUGGUACUUUGCCUCAAGGCACGGCAGAGUAAGUCGUUGCCAGGUCU,http://rnacentral.org/rna/URS000024DE22/38323,URS000024DE22, ,"Bartonella henselae, specific strain not available",,
Bifidobacterium longum DJO10A ,Bacteria,205913,Bifidobacterium_longum,UGCGGCGGCCAUGGCCCAGGUGAGACGCCCGGUCCCAUUCCGAACCCGGAAGCUAAGGCCUGGCACGGCGAUGGUACUGCACCCGACAGGGUGUGGGAGAGUAGCACGCCGCCGCAU,http://rnacentral.org/rna/URS00004C3BAA/205913,URS00004C3BAA, ,,,
Blochmannia floridanus,Bacteria,203907,Blochmannia_floridanus,AAACUUGGUGGCAUUAGCGCGAUAGUACCACCUGAUGACCAUUCCGAACUCAGAAGUGAAAUGUCGUGGUACCGAUGGUAGUGUGAGGAUUCCUCAUGUGAGAGUAGGGGGCUGCCAAGUUU,http://rnacentral.org/rna/URS00003C82D5/203907,URS00003C82D5, ,,,
Bradyrhizobium japonicum USDA 110 ,Bacteria,224911,Bradyrhizobium_japonicum,CCUGGUGGUUUUAGCGAAGAGCCUCAACCCGAUCCCAUCCCGAACUCGGCCGUUAAACUCUUCAGCGCCAAUGGUACUAUGGCUUAAGCCCUGGGAGAGUAGGUCGCUGCCAGGC,http://rnacentral.org/rna/URS0000245F56/224911,URS0000245F56, ,,,
Burkholderia sp. 383 ,Bacteria,269483,Burkholderia_sp.,CCUGAUGACCAUAGCGAGUCGGUCCCACCCCUUCCCAUCCCGAACAGGACCGUGAAACGACUCUACGCCGAUGAUAGUGCGGAUUCCCGUGUGAAAGUAGGUAAUCGUCAGGC,http://rnacentral.org/rna/URS0000591698/269483,URS0000591698, ,,,
Caulobacter crescentus NA1000,Bacteria,565050,Caulobacter_crescentus,GACCUGGUGGCUAUGCCGGGGGUUCCCCACCCGAUCCCAUUCCGAACUCGGUCGUUAAGUCCCCCUGGGCCAAUGGUACUUCGUCUCAAGGCGCGGGAGAGUAGGUCGCCGCCAGGUC,http://rnacentral.org/rna/URS00000BE44E/565050,URS00000BE44E, ,,,
Chlamydophila caviae GPIC ,Bacteria,227941,Chlamydophila_caviae,GCUUGGUGAUAAUGGAAAAAGGGACACACCUGACCCCAUUCCGAACUCAGAAGUUAAGCCUUUUAUCGCCGAUGGUACUAUACACAAGAGUAUGGGAGAGUAGGUCGUUGCCAAGCU,http://rnacentral.org/rna/URS0000512064/227941,URS0000512064, ,,,
Chlorobium tepidum TLS ,Bacteria,194439,Chlorobium_tepidum,UACGGCGACUAUAUCCCUGGUGUUCACCUCUUCCCAUUCCGAACAGAGUCGUUAAGCCCAGGAGAGCCGAUGGUACUGCUUUAUUGCGGGAGAGUAGGUCGUCGCCGAGU,http://rnacentral.org/rna/URS0000714905/194439,URS0000714905, ,All organisms of the genus 5s is ~110 nt,,
Coxiella burnetii RSA 493 ,Bacteria,227377,Coxiella_burnetii,UUCCUGGCGGCCAUAGCGAGCGGGCCCCACCUGAUUCCAUUCCGAACUCAGAAGUGAAAACGCUUAGCGCCGAUGAUAGUGUGGGUCUCCCAUGCGAAAGUAGGUCACCGCCAGGUU,http://rnacentral.org/rna/URS00003D4442/227377,URS00003D4442, ,,,
Crocosphaera watsonii WH 8501 ,Bacteria,165597,Crocosphaera_watsonii,UCUGGUGUCUCUAGCGUGGUGGUCCCACUCCGACCCCAUCCCGAACUCGGUAGUGAAACACCUCAGCGGCAACGAUACUUGUGGGGUAGCCCACUGGAACAAUAGCUCGAUGCCAGAC,http://rnacentral.org/rna/URS00006D4CCF/165597,URS00006D4CCF, ,,,
Cytophaga hutchinsonii ATCC 33406 ,Bacteria,269798,Cytophaga_hutchinsonii,AAUGGUGGCUAUAGCGUUGGUGUUCACCUCUUCCCAUUUCGAACAGAGAAGUUAAGCCCAACUGCGCCAAUGGUACUGCAGUCAAAUGUGGGAGAGUAGGUCGCUGCCAACU,http://rnacentral.org/rna/URS0000690D60/269798,URS0000690D60, ,,,
Dechloromonas aromatica RCB ,Bacteria,159087,Dechloromonas_aromatica,UCUGGCGUCAAUAGCCUGCUGGUACCACCCCUUCCCUUCCCGAACAGGACCGUGAAACAGCAUCGCGCCAAUGAUAGUGAGCUUACCGCUCGCGAAAGUAGGUCAACGCCAGAC,http://rnacentral.org/rna/URS00002338D6/159087,URS00002338D6, ,Only one available,,
Dehalococcoides ethenogenes 195 ,Bacteria,243164,Dehalococcoides_ethenogenes,CCCGGUGGUUAGAGCGGGGUGGUACCACCCGUUCCCGUCCCGAACACGGUCGUGAAACGCCCCAGCGCAGACGAUACUUAGGAGGCAACUCCUUGUGGAAAAUAUGCCACUGCCCGGG,http://rnacentral.org/rna/URS0000700418/243164,URS0000700418, ,Only one available,,
Deinococcus radiodurans R1 ,Bacteria,243230,Deinococcus_radiodurans,CCCCCGUGCCCAUAGCACUGUGGAACCACCCCACCCCAUGCCGAACUGGGUCGUGAAACACAGCAGCGCCAAUGAUACUCGGACCGCAGGGUCCCGGAAAAGUCGGUCAGCGCGGGGG,http://rnacentral.org/rna/URS000080DF5C/243230,URS000080DF5C, ,"Longer available, this is from PDB",,
Escherichia coli,Bacteria,562,Escherichia_coli,AAUCCCCCGUGCCCAUAGCGGCGUGGAACCACCCGUUCCCAUUCCGAACACGGAAGUGAAACGCGCCAGCGCCGAUGGUACUGGGCGGGCGACCGCCUGGGAGAGUAGGUCGGUGCGGGGGAU,http://rnacentral.org/rna/URS00001170B4/562,URS00001170B4, ,"Longer available, this is from PDB, 1ML5",,
Fusobacterium nucleatum subsp. nucleatum ATCC 25586 ,Bacteria,190304,Fusobacterium_nucleatum,CUUGGUGAGUAUAGCUAUGGGGGUACACCUAGUUACAUUCCGAACCUAGAAGUUAAGCCCAUAUACGCUGAUGGUACUUGGCUGGAAGCGGCCUGGGAGAGUAUGGAUUUGCCAAGC,http://rnacentral.org/rna/URS00003E91D3/190304,URS00003E91D3, ,,,
Geobacillus kaustophilus HTA426 ,Bacteria,235909,Geobacillus_kaustophilus,CCUAGUGGCUAUGGCGGAGGGGAAACACCCGUUCCCAUCCCGAACACGGAAGUUAAGCCCUCCAGCGCCGAUGGUAGUUGGGGCCAGCGCCCCUGCAAGAGUAGGUCGCUGCUAGGC,http://rnacentral.org/rna/URS000017B851/235909,URS000017B851, ,,,
Geobacter sulfurreducens KN400,Bacteria,663917,Geobacter_sulfurreducens,CUCGGUGGCUAUGCCGAGGGGGUCACACCCGUUCCCAUCUCGAACACGGAAGUUAAGCCCCUCUGGGCCGAUGAUACUGCACGGGCAGCUGUGUGGGAAAGUAGGUCGCCGCCGGGA,http://rnacentral.org/rna/URS00006423F8/663917,URS00006423F8, ,,,
Gloeobacter violaceus PCC 7421 ,Bacteria,251221,Gloeobacter_violaceus,UCCUGGUGCUCAGGCGCAGUGGAACCACGCCGAUCCAUCCCGAACUCGGACGUUAAACGCUGCAGCAGCGAAGAUACUUGGAGGGCAGCUUCCUGGGAAAAUAGCCCGGUGCCAGGG,http://rnacentral.org/rna/URS00000CA456/251221,URS00000CA456, ,,,
Gluconobacter oxydans 621H,Bacteria,290633,Gluconobacter_oxydans,ACCUGGUGGCCAUUGCGAGGGCCCUACACCCGAUCCCAUCCCGAACUCGGCCGUGAAAUCCCUCAGCGCCUAUGAUACUGCACCUUAAGGUGCGGAAAAGUCGGUCGCCGCCAGGUCCC,http://rnacentral.org/rna/URS00001BD80F/290633,URS00001BD80F, ,,,
Haemophilus influenzae Rd KW20 ,Bacteria,71421,Haemophilus_influenzae,UUUGGCAGAGAUAGUGCAAUAGAUCCACCUGAGACCAUACCGAACUCAGAAGUGAAAUGUUGUAACGCUGAUGGUAGUGUGGGGGUUCCCCAUGUGAGAGUAAGGCACUGCCAAUC,http://rnacentral.org/rna/URS000062873C/71421,URS000062873C, ,,,
Helicobacter hepaticus ATCC 51449 ,Bacteria,235279,Helicobacter_hepaticus,UCCCUUUUUCUUGUGUUUAUAGAGAGAAGGCAACACCCAGCUCCAUUCCGAACCUGGCAGUUAAGCUUCUCUUCGCCGAUGAUACUGCAUCUUUCAGGUGUGGGAAUGUAGGUCGAUGCAGGGAUAGGGAAA,http://rnacentral.org/rna/URS00005DA15C/235279,URS00005DA15C, ,"One other seq available of 116 nt, same but no ends",,
Legionella pneumophila str. Lens,Bacteria,297245,Legionella_pneumophila,UCCUGGCGACUAUAGCGAUUUGGAACCACCUGAUACCAUCUCGAACUCAGAAGUGAAACAUUUCCGCGCCAAUGAUAGUGUGAGGCUUCCUCAUGCGAAAGUAGGUCAUCGCCAGGGUUUUAUUCC,http://rnacentral.org/rna/URS00002FF835/297245,URS00002FF835, ,,,
Leifsonia xyli subsp. xyli str. CTCB07,Bacteria,281090,Leifsonia_xyli,UUCGGCGGCCAUAGCGAGAGGGAAACGCCCGGUCACAUUCCGAACCCGGAAGCUAAGACUCUCUGCGCCGAUGGUACUGCAGGGGGGACCCUGUGGGAGAGUAGGACACCGCCGGAC,http://rnacentral.org/rna/URS000069AE0B/281090,URS000069AE0B, ,one other  seq of 164 nt available,,
Listeria monocytogenes EGD-e ,Bacteria,169963,Listeria_monocytogenes,CACUUCCACUCCGGCGAGAAGGUCACACCCGUUCCCAUCCCGAACACGGUAGUUAAGCUUCUCUGCGCCAAUGGUAGUUGGGGGCUUCCCCCUGCGAGAGUAGGUCGCUGCCGGGC,http://rnacentral.org/rna/URS00008F12E0/1639,URS00008F12E0, ,Str/subsp not available,,
Magnetococcus sp. MC-1 ,Bacteria,156889,Magnetococcus_sp.,UCCGGUAGAGAUAGCGAGGGAGUCACACCCGAUCCCAUCCCGAACUCGGAAGUUAAGCCCCUUAGCGCCGAUGAUACUGCGUCUUAAGACGUGGGAAAGUAGGACACCGCCGGAA,http://rnacentral.org/rna/URS00004A617A/156889,URS00004A617A, ,,,
Magnetospirillum magnetotacticum MS-1 ,Bacteria,272627,Magnetospirillum_magnetotacticum,AGGUGGUCAUAGCGAGGGCCCUCCACCCGAUCCCAUCCCGAACUCGGACGUGAAACCCCUCUGCGCCGAUGGUACUGUGUCUUAAGGCACGGGAGAGUAGGACGCUGCCUGGUC,http://rnacentral.org/rna/URS00007F9CC8/272627,URS00007F9CC8, ,,,
Mesoplasma florum L1 ,Bacteria,265311,Mesoplasma_florum,UCUGGUGGUCAUAGCGUAGAGGUCACACCUGUUCCCAUACCGAACACAGAAGUUAAGCUCUACAGCGUCGACGAUAUUGCAUUGUGAGAAAAUAGAACGCUGCCAGUU,http://rnacentral.org/rna/URS000018441C/265311,URS000018441C, ,,,
Mycobacterium leprae TN ,Bacteria,272631,Mycobacterium_leprae,GUUACGGUGGCCACAGCGAUAGGGAAACGCCCGGUCCCAUACCGAACCCGGAAGCUAAGCCUGUCAGCGCCGAUGAUACUGCCCAUUCGGGUGGAAAAGUAGGACACUGCCGAACAU,http://rnacentral.org/rna/URS000051D5B3/1769,URS000051D5B3, ,Str/subsp not available,,
Neisseria gonorrhoeae FA 1090 ,Bacteria,242231,Neisseria_gonorrhoeae,UUUGGCGGCCAUAGCGAGUUGGUCCCACGCCUUCCCAUCCCGAACAGGACCGUGAAACGACUCAGCGCCGAUGAUAGUGUGGUUCUUCCAUGCGAAAGUAGGUCACUGCCAAAC,http://rnacentral.org/rna/URS0000436701/242231,URS0000436701, ,Only seq available,,
Nitrosomonas europaea ATCC 19718 ,Bacteria,228410,Nitrosomonas_europaea,UUGCUUGGCGGCCAUAGCGCUUUGGACCCACCUUUUCCCAUCCCGAACAGAGAAGUGAAACGAAGCAGCGCCGAUGAUAGUGUGUUUCCACAUGUGAAAGUAGGUCACCGCCAGGCUU,http://rnacentral.org/rna/URS0000307811/228410,URS0000307811, ,Longest of 2 seq available,,
Novosphingobium aromaticivorans DSM 12444 ,Bacteria,279238,Novosphingobium_aromaticivorans,CCUGGUGGCCAUAGCGUCCGUGCCCCACCCGAUCCCAUCUCGAACUCGGCCGUGAAACCGGACAGCGCCAAUGGUACUAACGCUCAAGCGUUGGAAGAGUAGGUCGUCGCCAGGC,http://rnacentral.org/rna/URS00004FF3DB/279238,URS00004FF3DB, ,Only seq available,,
Oceanobacillus iheyensis HTE831 ,Bacteria,221109,Oceanobacillus_iheyensis,UCUGGUAGCGAUAGCGAAGAGGCCACACCUGUUCCCAUGCCGAACACAGAAGUUAAGCUCUUCAGCGCCGAUGGUAGUUGGGGCUUUGCCCCUGCAAGAGUAGGACGCCGCCAGGC,http://rnacentral.org/rna/URS00002616C7/221109,URS00002616C7, ,,,
Photorhabdus luminescens subsp. laumondii TTO1 ,Bacteria,243265,Photorhabdus_luminescens,UAAAGAAUUUGUCUGGCGGCGAUAGCGCGGUGGUCCCACCUGACCCCAUGCCGAACUCAGCAGUGAAACGCCGUAGCGCCGAUGGUAGUGUGGGGUCUCCCCAUGUGAGAGUAGGGAACUGCCAGAC,http://rnacentral.org/rna/URS00003C4AAE/243265,URS00003C4AAE, ,,,
Polaromonas sp. JS666,Bacteria,296591,Polaromonas_sp.,CCUGAUGACCAUAGCAAGUUGGUACCACUCCUUCCCAUCCCGAACAGGACAGUGAAACGACUUAGCGCCGAUGAUAGUGCGGAUUCCCGUGUGAAAGUAGGACAUCGUCAGGC,http://rnacentral.org/rna/URS00001240D4/296591,URS00001240D4, ,,,
Porphyromonas gingivalis W83 ,Bacteria,242619,Porphyromonas_gingivalis,UCAGGUGGUUAUAACGUUGGGGAUCCACCUCUUCCCAUUCCGAACAGAGAAGUUAAGCCCAACGGUGCCGAUGGUACUGCGUCACAGUGGGAGAGUAGGACGCCGCCGUUU,http://rnacentral.org/rna/URS00002B4F59/242619,URS00002B4F59, ,,,
Propionibacterium acnes KPA171202 ,Bacteria,267747,Propionibacterium_acnes,UCCGGUGGCCAUAGUGGAAGGGAAACACCCGGUCCCAUUCCGAACCCGGUCGUUAAGCCUUCCAACGCUGAUGGUACUGCACGAGGGAUCGUGUGGGAGAGUAAGACGCUGCCGGAA,http://rnacentral.org/rna/URS00002977AA/267747,URS00002977AA, ,,,
Pseudomonas aeruginosa UCBPP-PA14 ,Bacteria,208963,Pseudomonas_aeruginosa,CCGAAUUGCUUGACGAUCAUAGAGCGUUGGAACCACCUGAUCCCUUCCCGAACUCAGAAGUGAAACGACGCAUCGCCGAUGGUAGUGUGGGGUCUCCCCAUGUGAGAGUAGGUCAUCGUCAAGCUCCUAUCC,http://rnacentral.org/rna/URS00004A9499/208963,URS00004A9499, ,,,
Ralstonia eutropha JMP134 ,Bacteria,264198,Ralstonia_eutropha,CCUGGUGACCAUAGCGAGCUGGAACCACCCCUUCCCAUCCCGAACAGGUCCGUGAAACAGCUCCGCGCCGAUGAUAGUGCGGAUACCCGUGUGAAAGUAGGUCAUCGCCAGGC,http://rnacentral.org/rna/URS000022ED0F/264198,URS000022ED0F, ,,,
Rhodobacter sphaeroides ATCC 17025,Bacteria,349102,Rhodobacter_sphaeroides,UCUGGUGGCCAUAGCACGAGCAAAACACCCGAUCCCAUCCCGAACUCGGCCGUUAAGUGCCGUCGCGCCAAUGGUACUGCGUCUCAAGACGUGGGAGAGUAGGUCGCCGCCAGAC,http://rnacentral.org/rna/URS00006937FF/349102,URS00006937FF, ,,,
Rhodopirellula baltica SH 1 ,Bacteria,243090,Rhodopirellula_baltica,UUCCGGCGAUCAUAUCUUAAAGGUUAUACCUGUUCCCAUUCCGAACACAGCAGUCAAGCUUUAAGAGCCGAUGAUAGUGCCCACCAGCGUGAAAGUAGGUCUUGCCGGAU,http://rnacentral.org/rna/URS00000F2364/243090,URS00000F2364, ,,,
Shewanella oneidensis MR-1 ,Bacteria,211586,Shewanella_oneidensis,UGCUUGGUGACAAUAGCAUUGUGGUCCCACCUGAUCCCAUCCCGAACUCAGAAGUGAAACGCAAUCGCGCCGAUGGUAGUGUGGGGUCUCCCCAUGUGAGAGUAGGUCAUCGCCAAGCGC,http://rnacentral.org/rna/URS00004BCDF8/211586,URS00004BCDF8, ,3rd C could be U,,
Sinorhizobium meliloti 1021 ,Bacteria,266834,Sinorhizobium_meliloti,CCUGGUGGUUCUGGCGGGGUGGCUGCACCCGUUCCCAUUCCGAACACGGCCGUGAAACGCCCCAGCGCCGAUGGUACUUCGUCUUAAGACGCGGGAGAGUAGGUCGCUGCCAGGU,http://rnacentral.org/rna/URS00005F8097/266834,URS00005F8097, ,,,
Staphylococcus aureus subsp. aureus MRSA252,Bacteria,282458,Staphylococcus_aureus,UCUGGUGACUAUAGCAAGGAGGUCACACCUGUUCCCAUGCCGAACACAGAAGUUAAGCUCCUUAGCGUCGAUGGUAGUCGAACUUACGUUCCGCUAGAGUAGAACGUUGCCAGGC,http://rnacentral.org/rna/URS0000062A7E/282458,URS0000062A7E, ,8th A could be a G,,
Streptococcus pneumoniae R6 ,Bacteria,171101,Streptococcus_pneumoniae,UUAAGUGACGAUAGCCUAGGAGAUACACCUGUACCCAUGCCGAACACAGAAGUUAAGCCCUAGAACGCCGGAAGUAGUUGGGGGUUGCCCCCUGUGAGAUAGGGAAGUCGCUUAGC,http://rnacentral.org/rna/URS00004C3602/171101,URS00004C3602, ,,,
Symbiobacterium thermophilum IAM 14863,Bacteria,292459,Symbiobacterium_thermophilum,UUUGGGUGGCGAUGCCGGAGGGGAUCACCCGUUCCCAUUCCGAACACGGAAGUUAAGCCCUCCAGGGCCGAAGGUACUCCGCAAGGGGGAGAAUAGGUCGCUGCCCAAACUCAU,http://rnacentral.org/rna/URS00001E5D83/292459,URS00001E5D83, ,,,
Synechococcus sp. PCC 7335 ,Bacteria,91464,Synechococcus_sp.,CCUGGUGUCUAUGGCGCAGUGGACCCACUUCGACUCCAUCCCGAACUCGAUUGUGAAACACUGCAGCGGCGAAGAUAGUUAGGGCGUAGGCCCUUGUUAAAAUAGCUCGAUGCCAGGU,http://rnacentral.org/rna/URS000071D225/91464,URS000071D225, ,,,
Synechocystis sp. PCC 6803 ,Bacteria,1148,Synechocystis_sp.,CCUGGUGUCUAUGGCGCAGUGGACCCACUUCGACUCCAUCCCGAACUCGAUUGUGAAACACUGCAGCGGCGAAGAUAGUUAGGGCGUAGGCCCUUGUUAAAAUAGCUCGAUGCCAGGU,http://rnacentral.org/rna/URS000071D225/91464,URS000071D225, ,,,
Thermoanaerobacter tengcongensis MB4 ,Bacteria,273068,Thermoanaerobacter_tengcongensis,UCCGGUGGCGAUAGCGGAGGGGAAACACCCGUUCCCAUUCCGAACACGGAAGUUAAGCCCUCCAGCGCCGAUGGUACUGCAUAAGCGGGAGAGUAGGUCGCUGCCGGAA,http://rnacentral.org/rna/URS000070B3C8/273068,URS000070B3C8, ,,,
Thermosynechococcus elongatus BP-1 ,Bacteria,197221,Thermosynechococcus_elongatus,UGCCUAGUGCCUAUAGCGCGGCGGAACCACGCUGAUCCAUCCCGAACUCAGAGGUGAAACGUCGCAGCGGUGAAGAUAGUAGGAGGGUCGCCUCCUGCAAAAAUAGCUCGGUGCUAGGCAA,http://rnacentral.org/rna/URS00003C22BB/197221,URS00003C22BB, ,,,
Thermotoga maritima MSB8 ,Bacteria,243274,Thermotoga_maritima,AUCCCCGGGUGCCGAUACUGGGGCGGGAAACACCCGGUUCCAUUCCGAACCCGGCCGUUAAGCCGCCCUGGGCCGAUGGUAGUAUGGGGGCAGCCCCAUGCGAGAGUAGGUAGCGCCCGGGGAUUUGU,http://rnacentral.org/rna/URS00000E92FA/243274,URS00000E92FA, ,,,
Thermus thermophilus HB27 ,Bacteria,262724,Thermus_thermophilus,UCCCCCGUGCCCAUAGCGGCGUGGAACCACCCGUUCCCAUUCCGAACACGGAAGUGAAACGCGCCAGCGCCGAUGGUACUGGGCGGGCGACCGCCUGGGAGAGUAGGUCGGUGCGGGGGAUU,http://rnacentral.org/rna/URS00005F2F4B/262724,URS00005F2F4B, ,,,
Treponema pallidum subsp. pallidum str. Nichols ,Bacteria,243276,Treponema_pallidum,CCUGGUUGCCAUGGUGGAGAGGUCAUACCCGUUCCCAUCCCGAACACGGAAGUCAAGCUCUCCUACGCCGAUGAUACUGCUCCUUCGCGGGAAAGUAGGUAGUAGCCAGGC,http://rnacentral.org/rna/URS00006738C1/243276,URS00006738C1, ,,,
Tropheryma whipplei str. Twist ,Bacteria,203267,Tropheryma_whipplei,GUCUCGGGGGCAAUGGCAAGAGGGAAACGCCUGGUUACAUUCCGAACCCAGAAGCUAAGCCUCUUAGCGCUGAUGGUACUGCAGGGGGGACCCUGUGGGAGAGUAAGACGCCCCCGGGCU,http://rnacentral.org/rna/URS0000502E5D/203267,URS0000502E5D, ,,,
Vibrio cholerae O1 biovar El Tor str. N16961 ,Bacteria,243277,Vibrio_cholerae,UGCUUGGCGACCAUAGCGUUUUGGACCCACCUGAUUCCAUCCCGAACUCAGAAGUGAAACGAAACAGCGUCGAUGGUAGUGUGGGGUUUCCCCAUGUGAGAGUAGAACAUCGCCAGGC,http://rnacentral.org/rna/URS000014FD29/243277,URS000014FD29, ,,,
Wolbachia endosymbiont strain TRS of Brugia malayi,Bacteria,292805,Wolbachia_endosymbiont,UAGAGGUUUUUAUUAACUUGGUGGUUUUAGCAAAAAUGAAACACCCGAUCCCAUCUCGAAUUCGGAAGUGAAACUUUUUAGCGCUGAUGGUACUUGAAAAGGGAGAGUAGGUCGCUGCCAAGUUU,http://rnacentral.org/rna/URS00002BFFD7/292805,URS00002BFFD7, ,"One other availabe, 107 nt",,
Xanthomonas axonopodis pv. citri str. 306 ,Bacteria,190486,Xanthomonas_axonopodis,UCCCUGGUGAAAUUAGCGCUGUGGAACCACCCGAUCCCAUCCCGAACUCGGAAGUGAAACGCAGCUGCGCCGAUGGUAGUGUGGCUCAAGCCAUGCGAGAGUAGGUCAUCGCCAGGGGC,http://rnacentral.org/rna/URS000044AAB3/190486,URS000044AAB3, ,,,
Yersinia pestis CO92 ,Bacteria,214092,Yersinia_pestis,CCUGGCGGCCAUAGCGCGGUGGUCCCACCUGAUCCCAUGCCGAACUCAGAAGUGAAACGCCGUAGCGCCGAUGGUAGUGUGGGGUCUCCCCAUGCGAGAGUAGGACACUGCCAGGC,http://rnacentral.org/rna/URS000046F4FC/214092,URS000046F4FC, ,,,
Zymomonas mobilis subsp. mobilis ATCC 10988,Bacteria,555217,Zymomonas_mobilis,CUUGGUGGCUAUAGCGUCAGUGACCCACCCGAUCCCAUUUCGAACUCGGACGUGAAACCUGUCCUGCGCCGAUGGUACUGUUGCUUAAGCAACGGAAGAGUAGGUCGUCGCCAGGC,http://rnacentral.org/rna/URS0000469D01/555217,URS0000469D01, ,,,
Adineta vaga,Eukaryota,104782,Adineta_vaga,No seq found,,, ,,,
Aedes albopictus,Eukaryota,7160,Aedes_albopictus,No seq found,,, ,,,
Anopheles gambiae str. PEST ,Eukaryota,180454,Anolis_carolinensis,GUCAACGACCAUACCAUGUUGAAAACACCGGUUCUCGUCCGAUCACCGAAGUUAAGCAACAUCGGGCAUGGCUAGUACAGUACUUAGGUGGGUGACCACUUGGGAAAACCAUGUGUCGUUGGCA,http://rnacentral.org/rna/URS000064BA80/180454,URS000064BA80, ,,,
Arabidopsis thaliana ,Eukaryota,3702,Arabidopsis_thaliana,GGAUGCGAUCAUACCAGCACUAAUGCACCGGAUUCCCAUCAGAACUCCGCAGUCAAACGUGCUUGGGCGAGAGUAGUACUAGGAUGGGUGACCUCCCGGGAAGUCCUCGUGUUGCAUCCCUCU,http://combio.pl/rrna/seqId/E01643/,E01643, ,,,
Caenorhabditis briggsae,Eukaryota,6238,Caenorhabditis_briggsae,GCUUACGACCAUAUCACGUUGAAUGCACGCCAUCCCGUCCGAUCUGGCAAGUUAAGCAACGUUGAGUCCAGUUAGUACUUGGAUCGGAGACGGCCUGGGAAUCCUGGAUGUUGUAAGCU,http://rnacentral.org/rna/URS0000170579/6238,URS0000170579, ,"You messed up the formatting around here, did you want a specific strain/subspecies here?",,
Caenorhabditis elegans ,Eukaryota,6239,Caenorhabditis_elegans,GCUUACACUGCGAAUCACCUGUGGAAUGCAAGCCAUCCCGUCCGAUCUGGCAAGUUAAGCAACGUUGAGUCCAGUUAGUACUUGGAUCGGAGACGGCCUGGGAAUCCUGGAUGUUGUAAGCU,http://rnacentral.org/rna/URS000072DE5B/6239,URS000072DE5B, ,,,
Cryptosporidium hominis TU502,Eukaryota,353151,Cryptosporidium_hominis,GCAAUCGGCCAUACUACAUCGAAUAUACCGGAUCCCAUCAGAACUCCGAAGUCAAGCGAUGUAAGGUUCGGUUAGUACUAGGGUGGGGGACCACCUGGGAAGACCAGAAUGUCGAUCGCC,http://rnacentral.org/rna/URS00009472D3/237895,URS00009472D3, ,,,
Cyanidioschyzon merolae,Eukaryota,45157,Cyanidioschyzon_merolae,GGCGAGGGUGUUCUAUGCGACUCAUGAUCCACUCCGACUCCUUUCCGAAUUCGGUUGUGAAAAUGGUCAGCGGCCAUGAUACUUGGGGAGACAUCCCCUGGGAAAGUAGCUCAAUGCCCUCG,http://rnacentral.org/rna/URS00005D457D/45157,URS00005D457D, ,,,
Danio rerio ,Eukaryota,7955,Danio_rerio,GCUUACGGCCAUACCACCCUGAGCACGCCCGAUCUCGUCCGAUCUCGGAAGCUAAGCAGGGUCGGGCCUGGUUAGUACUUGGAUGGGAGACCGCCUGGGAAUACCAGGUGCUGUAAGCU,http://combio.pl/rrna/seqId/E02725/,E02725, ,,,
Dictyostelium discoideum AX4,Eukaryota,352472,Dictyostelium_discoideum,UAAUAAAACCUCUUUUGUAAGUUUGGAAACAAAUCAUCCCGUUCGAUCUGAUAAGUAAAUCGACCUCAGGCCUUCCAAGUACUCUGGUUGGAGACAACAGGGGAACAUAGGGUGCUGUAUACU,http://rnacentral.org/rna/URS00006D2A7A/352472,URS00006D2A7A, ,,,
Drosophila melanogaster ,Eukaryota,7227,Drosophila_melanogaster,GCCAACGACCAUACCACGCUGAAUACAUCGGUUCUCGUCCGAUCACCGAAAUUAAGCAGCGUCGCGGGCGGUUAGUACUUAGAUGGGGGACCGCUUGGGAACACCGCGUGUUGUUGGCCU,http://rnacentral.org/rna/URS000016432F/7227,URS000016432F, ,"Longer available, this is from PDB",,
Eremothecium gossypii,Eukaryota,33169,Eremothecium_gossypii,GGUUGCGGCCAUAUCUACCAGAAAGCACCGUUUCCCGUCCGAUCAACUGUAGUUAAGCUGGUAAGAGCCUGACCGAGUAGUGUAGUGGGUGACCAUACGCGAAACUCAGGUGCUGCAAUCU,http://rnacentral.org/rna/URS000055688D/33169,URS000055688D, ,,,
Gallus gallus ,Eukaryota,9031,Gallus_gallus,GUCCACGGCCACACCACUCUGGGAAUGCCCAAUCUCAUCUGAUCUUGGAAACUAAGUAGGGUUGGGCCUGGUUAGUACUUGGAUACUUGGAUGGGGGACCUCCUGGGACUAUAGGGUGCUGUAGGCU,http://rnacentral.org/rna/URS0000657346/9031,URS0000657346, ,,,
Guillardia theta ,Eukaryota,55529,Guillardia_theta,GUAUACGGUCAUACCCGUGGCACACGCAGGCGAACCCAUCUCGAAUUCGCAACUUAAGCGCACGUGGGCUUGGUCAGUACUGGGGUGAGGGAUCACCCGGGAACCCCAAGUGCCGUAUGCCUCUAGCUAU,http://rnacentral.org/rna/URS000055BFD2/55529,URS000055BFD2, ,,,
Homo sapiens ,Eukaryota,9606,Homo_sapiens,GUCUACGGCCAUACCACCCUGAACGCGCCCGAUCUCGUCUGAUCUCGGAAGCUAAGCAGGGUCGGGCCUGGUUAGUACUUGGAUGGGAGACCGCCUGGGAAUACCGGGUGCUGUAGGCUUU,http://rnacentral.org/rna/URS00000F9D45/9606,/URS00000F9D45, ,"From PDB 5AJ0, 4UG0, 4V6X",,
Latimeria chalumnae,Eukaryota,7897,Latimeria_chalumnae,UUAGCAAGUCAUUGUGCCCUGAAAACCACUCUGGGUGUGCCCAAUCCUGUCUGAUCUCAGAAGCUAAGCAGGGUCAGGCCUGGUCAUUACUUGGAUGGGAGACCCCUGGGAAAACCAGGUGCUACUUACU,http://rnacentral.org/rna/URS000071F070/7897,URS000071F070, ,,,
Leishmania braziliensis MHOM/BR/75/M2904,Eukaryota,420245,Leishmania_major,UCGAGUACGACCAUACUUGAGUGAAAACACCAUAUCCCGUCCGAUUUGUGAAGUUAAGCACUCACAGGCUCAGUUAGUACUGAGGUCAGUGAUGACUCGGGAACCCUGAGUGCCGUACUCC,http://rnacentral.org/rna/URS000001EA06/420245,URS000001EA06, ,,,
Monodelphis domestica,Eukaryota,13616,Monodelphis_domestica,GUCUAUGGCCAUACCACCCUAAACCUGCCUGAUCUCAUCUGAUCUUGGAAAUUAAGCAGGUUUGGCCCUGGUUAGUACUUGGUUGGGAGAAAUUAAAUAUAAGUUAGUGAGGGAAAGCAGGAGGGGGAGUAA,http://rnacentral.org/rna/URS0000653144/13616,URS0000653144, ,,,
Mus musculus ,Eukaryota,10090,Mus_musculus,GGAUGCGAUCAUACCAGCACUAAUGCACCGGAUUCCCAUCAGAACUCCGCAGUCAAACGUGCUUGGGCGAGAGUAGUACUAGGAUGGGUGACCUCCCGGGAAGUCCUCGUGUUGCAUCCCUCU,http://combio.pl/rrna/seqId/E00228/,E00228, ,,,
Oryza sativa Japonica Group ,Eukaryota,39947,Oryza_sativa,CGGAUGCGAUCAUACCAGCACUAAAGCACCGGAUCCCAUCAGAACUCCGAAGUUAAGCGUGCUUGCGCGAGAGUAGUACUAGGAUGGGUGACCUCCUGGAAAGUCCUCGUGUUGCAUCCCUC,http://rnacentral.org/rna/URS00001528BC/39947,URS00001528BC, ,,,
Pan troglodytes,Eukaryota,9598,Pan_troglodytes,GUCUACGGCCAUACCACCCUGAACGCGCCCGAUCUCGUCUGAUCUCGGAAGCUAAGCAGGGUCGGGCCUGGUUAGUACUUGGAUGGGAGACCGCCUGGGAAUACCGGGUGCUGUAGGCU,http://combio.pl/rrna/seqId/E02834/,E02834, ,"Took longest available, many avail seqs",,
Plasmodium falciparum 3D7 ,Eukaryota,36329,Plasmodium_falciparum,GACUCGUUCAUACUACAGUGGAUACACCAGAUCCCAUCAGAACUCUGAAGUUAAGCACUGUAAGGCUUGGCUAGUACUGAGGUGGGAGACCGCUCGGGAACACCAGGUGAUGAGUCAG,http://rnacentral.org/rna/URS000086850E/5833,URS000086850E, ,"From PDB, 3JBN",,
Rattus norvegicus,Eukaryota,10116,Rattus_norvegicus,GUCUACGGCCAUACCACCCUGAACGCGCCCGAUCUCGUCUGAUCUCGGAAGCUAAGCAGGGUCGGGCCUGGUUAGUACUUGGAUGGGAGACCGCCUGGGAAUACCGGGUGCUGUAGGCU,http://combio.pl/rrna/seqId/E02846/,E02846, ,"Took longest available, many avail seqs",,
Saccharomyces cerevisiae S288c,Eukaryota,559292,Saccharomyces_cerevisiae,GGUUGCGGCCAUAUCUACCAGAAAGCACCGUUUCCCGUCCGAUCAACUGUAGUUAAGCUGGUAAGAGCCUGACCGAGUAGUGUAGUGGGUGACCAUACGCGAAACUCAGGUGCUGCAAUCU,http://rnacentral.org/rna/URS000055688D/4932,URS000055688D, ,"Took the longest ""bakers yeast"" strain",,
Schizosaccharomyces pombe 972h-,Eukaryota,284812,Schizosaccharomyces_pombe,GUCUACGGCCAUACCUAGGCGAAAACACCAGUUCCCGUCCGAUCACUGCAGUUAAGCGUCUGAGGGCCUCGUUAGUACUAUGGUUGGAGACAACAUGGGAAUCCGGGGUGCUGUAGGCU,http://rnacentral.org/rna/URS0000314D2B/4896,URS0000314D2B, ,Longest available on Rfam,,
Tetrahymena thermophila,Eukaryota,5911,Tetrahymena_thermophila,GUUGUCGGCCAUACUAAGGUGAAAACACCGGAUCCCAUUCGAACUCCGAAGUUAAGCGCCUUAAGGCUGGGUUAGUACUAAGGUGGGGGACCGCUUGGGAAGUCCCAGUGUCGAUAGCCU,http://rnacentral.org/rna/URS000057A4D1/5911,URS000057A4D1, ,From PDB,,
Thalassiosira pseudonana CCMP1335,Eukaryota,296543,Thalassiosira_pseudonana,UGCUUUGGUGUUUUUAGUGUACUGAGCGGAACCACACUGAUCCAUCUCGAACUCAGUUGUGAAACGUUAUAAAUCGACGACAAUACUUGGGGGGGGACCUCCUGGGAAGAUAGUUCAAUGCCAAAG,http://rnacentral.org/rna/URS00005457D6/35128,URS00005457D6, ,Longest without strain name,,
Trypanosoma brucei brucei strain 927/4 GUTat10.1,Eukaryota,999953,Trypanosoma_brucei,GGGUACGACCAUACUUGGCCGAAUGCACCAUAUCCCGUCCGAUUUGUGAAGUUAAGGCCACAGGCCUCGUUAGUACGGCGAUCAGUGAUGGCGCUGGAACCCGGGGUGUUGUACUCU,http://rnacentral.org/rna/URS000062627E/5691,URS000062627E, ,Longest without strain name,,
Xenopus laevis,Eukaryota,8355,Xenopus_laevis,GCCUACGGCCACACCACCCUGAAAGUGCCCGAUCUCGUCUGAUCUCGGAAGCGAUCCAGGGCCGGGCCUGGUUAGUACCUGGAUGGGAGACCGCCUGGGAAUACCGGGUGUCGUAGGCU,http://rnacentral.org/rna/URS00006303BE/8355,URS00006303BE, ,,,
Yarrowia lipolytica CLIB122,Eukaryota,284591,Yarrowia_lipolytica,AGUUGCGGCCAUAUCCUGGUGAAAAUACGGCUUCCCGUCCGAUCAGCCAUAGUCAAGCACCAGAGAGCCUAGUUAGUAUUGUAGUGGGAGACCAUACGAGAAUCCUAGGUGCUGCAAUUC,http://rnacentral.org/rna/URS00003C5156/284591,URS00003C5156, ,,,
Candidatus Aenigmarchaeota archaeon,Archaea,1803500,DPANN,Aenigmarchaeota,,,,,,
Candidatus Parvarchaeum acidiphilum ARMAN-4,Archaea,662760,DPANN,Parvarchaeota,,,,,,
Candidatus Micrarchaeum acidiphilum ARMAN-2,Archaea,425595,DPANN,Micrarchaeota,,,,,,
Candidatus Diapherotrites archaeon ADurb.Bin253,Archaea,1852841,DPANN,Diapherotrites,,,,,,
Candidatus Nanopusillus acidilobi,Archaea,1577684,DPANN,Nanoarchaeota,,,,,,
Candidatus Woesearchaeota archaeon CG1_02_57_44,Archaea,1805424,DPANN,Woesearchaeota,,,,,,
Candidatus Pacearchaeota archaeon RBG_13_36_9,Archaea,1801881,DPANN,Pacearcheaota,,,,,,
Nitrosopumilus maritimus (strain SCM1),Archaea,436308,TACK,Thaumarchaeota,Nitrosopumilales,,,,,
,,,,,,,,,,
,,,,,,,,,,
,,,,,,,,,,
,,,,,,,,,,
,,,,,,,,,,
,,,,,,,,,,
,,,,,,,,,,
,,,,,,,,,,
