001951249,e4v9dCD1,AUTO_NONREP,1.1.7.129,4v9d,CD,CD:1-209,CD:1-209,P60438,beta barrels,cradle loop barrel,RIFT-related,Alanine racemase-C,Ribosomal_L3,NOT_DOMAIN_ASSEMBLY,MG
001951250,e4v9dDD1,AUTO_NONREP,1.1.7.129,4v9d,DD,DD:1-209,DD:1-209,P60438,beta barrels,cradle loop barrel,RIFT-related,Alanine racemase-C,Ribosomal_L3,NOT_DOMAIN_ASSEMBLY,MG
001553642,e4v9dAQ1,AUTO_NONREP,2.1.1.370,4v9d,AQ,AQ:3-82,AQ:1-80,P0AG63,beta barrels,OB-fold,NO_H_NAME,Nucleic acid-binding proteins,Ribosomal_S17_1,NOT_DOMAIN_ASSEMBLY,NO_LIGANDS_4A
001553643,e4v9dBQ1,AUTO_NONREP,2.1.1.370,4v9d,BQ,BQ:3-82,BQ:1-80,P0AG63,beta barrels,OB-fold,NO_H_NAME,Nucleic acid-binding proteins,Ribosomal_S17_1,NOT_DOMAIN_ASSEMBLY,NO_LIGANDS_4A
001445266,e4v9dCC1,AUTO_NONREP,2.1.1.378,4v9d,CC,CC:1-124,CC:1-124,P60422,beta barrels,OB-fold,NO_H_NAME,Nucleic acid-binding proteins,Ribosomal_L2_1,NOT_DOMAIN_ASSEMBLY,NO_LIGANDS_4A
001445268,e4v9dDC1,AUTO_NONREP,2.1.1.378,4v9d,DC,DC:1-124,DC:1-124,P60422,beta barrels,OB-fold,NO_H_NAME,Nucleic acid-binding proteins,Ribosomal_L2_1,NOT_DOMAIN_ASSEMBLY,NO_LIGANDS_4A
001445245,e4v9dAL1,AUTO_NONREP,2.1.1.385,4v9d,AL,AL:1-123,AL:1-123,P0A7S3,beta barrels,OB-fold,NO_H_NAME,Nucleic acid-binding proteins,Ribosom_S12_S23,NOT_DOMAIN_ASSEMBLY,NO_LIGANDS_4A
001445246,e4v9dBL1,AUTO_NONREP,2.1.1.385,4v9d,BL,BL:1-123,BL:1-123,P0A7S3,beta barrels,OB-fold,NO_H_NAME,Nucleic acid-binding proteins,Ribosom_S12_S23,NOT_DOMAIN_ASSEMBLY,NO_LIGANDS_4A
001445312,e4v9dCV1,AUTO_NONREP,239.1.1.14,4v9d,CV,CV:1-94,CV:1-94,P68919,beta barrels,Ribosomal protein L25-like,NO_H_NAME,Ribosomal protein L25-like,Ribosomal_L25p,NOT_DOMAIN_ASSEMBLY,NO_LIGANDS_4A
001445313,e4v9dDV1,AUTO_NONREP,239.1.1.14,4v9d,DV,DV:1-94,DV:1-94,P68919,beta barrels,Ribosomal protein L25-like,NO_H_NAME,Ribosomal protein L25-like,Ribosomal_L25p,NOT_DOMAIN_ASSEMBLY,NO_LIGANDS_4A
001445290,e4v9dCK1,AUTO_NONREP,3174.1.1.7,4v9d,CK,CK:1-122,CK:1-122,P0ADY3,beta barrels,Ribosomal protein L14-like,NO_H_NAME,Ribosomal protein L14-related,Ribosomal_L14,NOT_DOMAIN_ASSEMBLY,NO_LIGANDS_4A
001445291,e4v9dDK1,AUTO_NONREP,3174.1.1.7,4v9d,DK,DK:1-122,DK:1-122,P0ADY3,beta barrels,Ribosomal protein L14-like,NO_H_NAME,Ribosomal protein L14-related,Ribosomal_L14,NOT_DOMAIN_ASSEMBLY,NO_LIGANDS_4A
001955568,e4v9dCP1,AUTO_NONREP,4.1.1.57,4v9d,CP,CP:1-114,CP:1-114,P0A7K6,beta barrels,SH3,SH3,SH3,Ribosomal_L19,NOT_DOMAIN_ASSEMBLY,NO_LIGANDS_4A
001955569,e4v9dDP1,AUTO_NONREP,4.1.1.57,4v9d,DP,DP:1-114,DP:1-114,P0A7K6,beta barrels,SH3,SH3,SH3,Ribosomal_L19,NOT_DOMAIN_ASSEMBLY,NO_LIGANDS_4A
001445267,e4v9dCC2,AUTO_NONREP,4.1.1.447,4v9d,CC,CC:125-271,CC:125-271,P60422,beta barrels,SH3,SH3,SH3,Ribosomal_L2_C,NOT_DOMAIN_ASSEMBLY,MG
001445269,e4v9dDC2,AUTO_NONREP,4.1.1.447,4v9d,DC,DC:125-271,DC:125-271,P60422,beta barrels,SH3,SH3,SH3,Ribosomal_L2_C,NOT_DOMAIN_ASSEMBLY,MG
001445310,e4v9dCU1,AUTO_NONREP,4.1.1.450,4v9d,CU,CU:1-102,CU:1-102,P60624,beta barrels,SH3,SH3,SH3,ribosomal_L24_1,NOT_DOMAIN_ASSEMBLY,NO_LIGANDS_4A
001445311,e4v9dDU1,AUTO_NONREP,4.1.1.450,4v9d,DU,DU:1-102,DU:1-102,P60624,beta barrels,SH3,SH3,SH3,ribosomal_L24_1,NOT_DOMAIN_ASSEMBLY,NO_LIGANDS_4A
001445304,e4v9dCR1,AUTO_NONREP,4186.1.1.3,4v9d,CR,CR:1-103,CR:1-103,P0AG48,beta barrels,NO_X_NAME,NO_H_NAME,Ribosomal protein L21p,Ribosomal_L21p,NOT_DOMAIN_ASSEMBLY,NO_LIGANDS_4A
001445305,e4v9dDR1,AUTO_NONREP,4186.1.1.3,4v9d,DR,DR:1-103,DR:1-103,P0AG48,beta barrels,NO_X_NAME,NO_H_NAME,Ribosomal protein L21p,Ribosomal_L21p,NOT_DOMAIN_ASSEMBLY,NO_LIGANDS_4A
001445257,e4v9dAR1,AUTO_NONREP,101.1.1.361,4v9d,AR,AR:19-73,AR:1-55,P0A7T7,alpha arrays,HTH,HTH,tri-helical,Ribosomal_S18,NOT_DOMAIN_ASSEMBLY,NO_LIGANDS_4A
001445258,e4v9dBR1,AUTO_NONREP,101.1.1.361,4v9d,BR,BR:19-73,BR:1-55,P0A7T7,alpha arrays,HTH,HTH,tri-helical,Ribosomal_S18,NOT_DOMAIN_ASSEMBLY,NO_LIGANDS_4A
001445285,e4v9dCI2,AUTO_NONREP,101.1.16.1,4v9d,CI,CI:72-141,CI:72-141,P0A7J7,alpha arrays,HTH,HTH,Ribosomal protein L11- C-terminal domain,Ribosomal_L11,NOT_DOMAIN_ASSEMBLY,NO_LIGANDS_4A
001445287,e4v9dDI2,AUTO_NONREP,101.1.16.1,4v9d,DI,DI:72-141,DI:72-141,P0A7J7,alpha arrays,HTH,HTH,Ribosomal protein L11- C-terminal domain,Ribosomal_L11,NOT_DOMAIN_ASSEMBLY,NO_LIGANDS_4A
001553640,e4v9dAM1,AUTO_NONREP,102.2.1.31,4v9d,AM,AM:1-114,AM:1-114,P0A7S9,alpha arrays,HhH/H2TH,NO_H_NAME,H2TH,Ribosomal_S13_1,NOT_DOMAIN_ASSEMBLY,NO_LIGANDS_4A
001553641,e4v9dBM1,AUTO_NONREP,102.2.1.31,4v9d,BM,BM:1-114,BM:1-114,P0A7S9,alpha arrays,HhH/H2TH,NO_H_NAME,H2TH,Ribosomal_S13_1,NOT_DOMAIN_ASSEMBLY,NO_LIGANDS_4A
001951257,e4v9dCQ1,AUTO_NONREP,143.2.1.3,4v9d,CQ,CQ:1-117,CQ:1-117,P0A7L3,alpha arrays,PABP domain-like,NO_H_NAME,Ribosomal protein L20,Ribosomal_L20,NOT_DOMAIN_ASSEMBLY,NO_LIGANDS_4A
001951258,e4v9dDQ1,AUTO_NONREP,143.2.1.3,4v9d,DQ,DQ:1-117,DQ:1-117,P0A7L3,alpha arrays,PABP domain-like,NO_H_NAME,Ribosomal protein L20,Ribosomal_L20,NOT_DOMAIN_ASSEMBLY,MG
001445233,e4v9dAG1,AUTO_NONREP,167.1.1.4,4v9d,AG,AG:1-151,AG:1-151,P02359,alpha arrays,NO_X_NAME,NO_H_NAME,Ribosomal protein S7,Ribosomal_S7_1,NOT_DOMAIN_ASSEMBLY,NO_LIGANDS_4A
001445234,e4v9dBG1,AUTO_NONREP,167.1.1.4,4v9d,BG,BG:1-151,BG:1-151,P02359,alpha arrays,NO_X_NAME,NO_H_NAME,Ribosomal protein S7,Ribosomal_S7_1,NOT_DOMAIN_ASSEMBLY,NO_LIGANDS_4A
001445251,e4v9dAO1,AUTO_NONREP,616.1.1.19,4v9d,AO,AO:1-88,AO:1-88,P0ADZ4,alpha arrays,NO_X_NAME,NO_H_NAME,S15/NS1 RNA-binding domain,Ribosomal_S15_1,NOT_DOMAIN_ASSEMBLY,NO_LIGANDS_4A
001445252,e4v9dBO1,AUTO_NONREP,616.1.1.19,4v9d,BO,BO:1-88,BO:1-88,P0ADZ4,alpha arrays,NO_X_NAME,NO_H_NAME,S15/NS1 RNA-binding domain,Ribosomal_S15_1,NOT_DOMAIN_ASSEMBLY,NO_LIGANDS_4A
001445261,e4v9dAT1,AUTO_NONREP,604.9.1.3,4v9d,AT,AT:2-86,AT:1-85,P0A7U7,alpha bundles,Spectrin repeat-like,NO_H_NAME,Ribosomal protein S20,Ribosomal_S20p,NOT_DOMAIN_ASSEMBLY,NO_LIGANDS_4A
001445262,e4v9dBT1,AUTO_NONREP,604.9.1.3,4v9d,BT,BT:2-86,BT:1-85,P0A7U7,alpha bundles,Spectrin repeat-like,NO_H_NAME,Ribosomal protein S20,Ribosomal_S20p,NOT_DOMAIN_ASSEMBLY,NO_LIGANDS_4A
001445317,e4v9dCY1,AUTO_NONREP,192.4.1.3,4v9d,CY,CY:1-63,CY:1-63,P0A7M6,alpha bundles,Long alpha-hairpin,NO_H_NAME,Ribosomal protein L29 (L29p),Ribosomal_L29,NOT_DOMAIN_ASSEMBLY,NO_LIGANDS_4A
001445318,e4v9dDY1,AUTO_NONREP,192.4.1.3,4v9d,DY,DY:1-63,DY:1-63,P0A7M6,alpha bundles,Long alpha-hairpin,NO_H_NAME,Ribosomal protein L29 (L29p),Ribosomal_L29,NOT_DOMAIN_ASSEMBLY,NO_LIGANDS_4A
001445227,e4v9dAE1,AUTO_NONREP,212.1.1.97,4v9d,AE,AE:78-158,AE:70-150,P0A7W1,a+b two layers,NO_X_NAME,NO_H_NAME,Ribosomal protein S5 domain 2-like,Ribosomal_S5_C,NOT_DOMAIN_ASSEMBLY,NO_LIGANDS_4A
001445229,e4v9dBE1,AUTO_NONREP,212.1.1.97,4v9d,BE,BE:78-158,BE:70-150,P0A7W1,a+b two layers,NO_X_NAME,NO_H_NAME,Ribosomal protein S5 domain 2-like,Ribosomal_S5_C,NOT_DOMAIN_ASSEMBLY,NO_LIGANDS_4A
001551024,e4v9dAI1,AUTO_NONREP,212.1.1.101,4v9d,AI,AI:3-129,AI:1-127,P0A7X3,a+b two layers,NO_X_NAME,NO_H_NAME,Ribosomal protein S5 domain 2-like,Ribosomal_S9,NOT_DOMAIN_ASSEMBLY,NO_LIGANDS_4A
001551025,e4v9dBI1,AUTO_NONREP,212.1.1.101,4v9d,BI,BI:3-129,BI:1-127,P0A7X3,a+b two layers,NO_X_NAME,NO_H_NAME,Ribosomal protein S5 domain 2-like,Ribosomal_S9,NOT_DOMAIN_ASSEMBLY,NO_LIGANDS_4A
001445306,e4v9dCS1,AUTO_NONREP,218.2.1.1,4v9d,CS,CS:1-110,CS:1-110,P61175,a+b two layers,Enolase-N/ribosomal protein,NO_H_NAME,Ribosomal protein L22,Ribosomal_L22,NOT_DOMAIN_ASSEMBLY,NO_LIGANDS_4A
001445307,e4v9dDS1,AUTO_NONREP,218.2.1.1,4v9d,DS,DS:1-110,DS:1-110,P61175,a+b two layers,Enolase-N/ribosomal protein,NO_H_NAME,Ribosomal protein L22,Ribosomal_L22,NOT_DOMAIN_ASSEMBLY,NO_LIGANDS_4A
001445296,e4v9dCN1,AUTO_NONREP,218.3.1.3,4v9d,CN,CN:1-120,CN:1-120,P0AG44,a+b two layers,Enolase-N/ribosomal protein,NO_H_NAME,Prokaryotic ribosomal protein L17,Ribosomal_L17_1,NOT_DOMAIN_ASSEMBLY,MG
001445297,e4v9dDN1,AUTO_NONREP,218.3.1.3,4v9d,DN,DN:1-120,DN:1-120,P0AG44,a+b two layers,Enolase-N/ribosomal protein,NO_H_NAME,Prokaryotic ribosomal protein L17,Ribosomal_L17_1,NOT_DOMAIN_ASSEMBLY,MG
001551023,e4v9dBD1,AUTO_NONREP,221.1.2.19,4v9d,BD,BD:1-205,BD:1-205,P0A7V8,a+b two layers,beta-Grasp,Ubiquitin-related,Alpha-L RNA-binding motif,S4,NOT_DOMAIN_ASSEMBLY,NO_LIGANDS_4A
001553639,e4v9dAD1,AUTO_NONREP,221.1.2.19,4v9d,AD,AD:1-205,AD:1-205,P0A7V8,a+b two layers,beta-Grasp,Ubiquitin-related,Alpha-L RNA-binding motif,S4,NOT_DOMAIN_ASSEMBLY,NO_LIGANDS_4A
001445221,e4v9dAC1,AUTO_NONREP,230.2.1.3,4v9d,AC,AC:105-206,AC:105-206,P0A7V3,a+b two layers,T-fold,NO_H_NAME,Ribosomal protein S3-C,Ribosomal_S3_C,NOT_DOMAIN_ASSEMBLY,NO_LIGANDS_4A
001445223,e4v9dBC1,AUTO_NONREP,230.2.1.3,4v9d,BC,BC:105-206,BC:105-206,P0A7V3,a+b two layers,T-fold,NO_H_NAME,Ribosomal protein S3-C,Ribosomal_S3_C,NOT_DOMAIN_ASSEMBLY,NO_LIGANDS_4A
001445308,e4v9dCT1,AUTO_NONREP,304.109.1.1,4v9d,CT,CT:1-93,CT:1-93,P0ADZ0,a+b two layers,Alpha-beta plaits,NO_H_NAME,Ribosomal proteins S24e- L23 and L15e,Ribosomal_L23_2,NOT_DOMAIN_ASSEMBLY,MG
001445309,e4v9dDT1,AUTO_NONREP,304.109.1.1,4v9d,DT,DT:1-93,DT:1-93,P0ADZ0,a+b two layers,Alpha-beta plaits,NO_H_NAME,Ribosomal proteins S24e- L23 and L15e,Ribosomal_L23_2,NOT_DOMAIN_ASSEMBLY,MG
001445231,e4v9dAF1,AUTO_NONREP,304.12.1.1,4v9d,AF,AF:1-100,AF:1-100,P02358,a+b two layers,Alpha-beta plaits,NO_H_NAME,Ribosomal protein S6,Ribosomal_S6,NOT_DOMAIN_ASSEMBLY,NO_LIGANDS_4A
001445232,e4v9dBF1,AUTO_NONREP,304.12.1.1,4v9d,BF,BF:1-100,BF:1-100,P02358,a+b two layers,Alpha-beta plaits,NO_H_NAME,Ribosomal protein S6,Ribosomal_S6,NOT_DOMAIN_ASSEMBLY,NO_LIGANDS_4A
001445241,e4v9dAJ1,AUTO_NONREP,304.44.1.1,4v9d,AJ,AJ:5-102,AJ:1-98,P0A7R5,a+b two layers,Alpha-beta plaits,NO_H_NAME,Ribosomal protein S10,Ribosomal_S10,NOT_DOMAIN_ASSEMBLY,NO_LIGANDS_4A
001445242,e4v9dBJ1,AUTO_NONREP,304.44.1.1,4v9d,BJ,BJ:5-102,BJ:1-98,P0A7R5,a+b two layers,Alpha-beta plaits,NO_H_NAME,Ribosomal protein S10,Ribosomal_S10,NOT_DOMAIN_ASSEMBLY,NO_LIGANDS_4A
001445265,e4v9dAY1,AUTO_NONREP,310.2.1.1,4v9d,AY,AY:2-184,AY:1-183,P0A805,a+b two layers,RRF/tRNA synthetase additional domain-like,NO_H_NAME,Ribosome recycling factor- RRF,RRF,NOT_DOMAIN_ASSEMBLY,NO_LIGANDS_4A
001445276,e4v9dCG1,AUTO_NONREP,318.1.1.4,4v9d,CG,CG:1-81,CG:1-81,P0AG55,a+b two layers,NO_X_NAME,NO_H_NAME,Ribosomal protein L6,Ribosomal_L6,NOT_DOMAIN_ASSEMBLY,NO_LIGANDS_4A
001445278,e4v9dDG1,AUTO_NONREP,318.1.1.4,4v9d,DG,DG:1-81,DG:1-81,P0AG55,a+b two layers,NO_X_NAME,NO_H_NAME,Ribosomal protein L6,Ribosomal_L6,NOT_DOMAIN_ASSEMBLY,NO_LIGANDS_4A
001445277,e4v9dCG2,AUTO_NONREP,318.1.1.5,4v9d,CG,CG:82-176,CG:82-176,P0AG55,a+b two layers,NO_X_NAME,NO_H_NAME,Ribosomal protein L6,Ribosomal_L6_1,NOT_DOMAIN_ASSEMBLY,NO_LIGANDS_4A
001445279,e4v9dDG2,AUTO_NONREP,318.1.1.5,4v9d,DG,DG:82-176,DG:82-176,P0AG55,a+b two layers,NO_X_NAME,NO_H_NAME,Ribosomal protein L6,Ribosomal_L6_1,NOT_DOMAIN_ASSEMBLY,NO_LIGANDS_4A
001445236,e4v9dAH2,AUTO_NONREP,320.2.1.4,4v9d,AH,AH:1-65,AH:1-65,P0A7W7,a+b two layers,R3H domain-like,NO_H_NAME,Ribosomal protein S8- N-terminal domain,Ribosomal_S8_N,NOT_DOMAIN_ASSEMBLY,NO_LIGANDS_4A
001445238,e4v9dBH2,AUTO_NONREP,320.2.1.4,4v9d,BH,BH:1-65,BH:1-65,P0A7W7,a+b two layers,R3H domain-like,NO_H_NAME,Ribosomal protein S8- N-terminal domain,Ribosomal_S8_N,NOT_DOMAIN_ASSEMBLY,NO_LIGANDS_4A
001445222,e4v9dAC2,AUTO_NONREP,327.11.1.35,4v9d,AC,AC:1-104,AC:1-104,P0A7V3,a+b two layers,Alpha-lytic protease prodomain-like,KH-domains,Prokaryotic type KH domain (KH-domain type II),KH_2_1,NOT_DOMAIN_ASSEMBLY,NO_LIGANDS_4A
001445224,e4v9dBC2,AUTO_NONREP,327.11.1.35,4v9d,BC,BC:1-104,BC:1-104,P0A7V3,a+b two layers,Alpha-lytic protease prodomain-like,KH-domains,Prokaryotic type KH domain (KH-domain type II),KH_2_1,NOT_DOMAIN_ASSEMBLY,NO_LIGANDS_4A
001445228,e4v9dAE2,AUTO_NONREP,330.1.1.5,4v9d,AE,AE:9-77,AE:1-69,P0A7W1,a+b two layers,dsRBD-like,NO_H_NAME,dsRNA-binding domain-like,Ribosomal_S5,NOT_DOMAIN_ASSEMBLY,NO_LIGANDS_4A
001445230,e4v9dBE2,AUTO_NONREP,330.1.1.5,4v9d,BE,BE:9-77,BE:1-69,P0A7W1,a+b two layers,dsRBD-like,NO_H_NAME,dsRNA-binding domain-like,Ribosomal_S5,NOT_DOMAIN_ASSEMBLY,NO_LIGANDS_4A
001445281,e4v9dCH2,AUTO_NONREP,4076.1.1.5,4v9d,CH,CH:1-55,CH:1-55,P0A7R1,a+b two layers,L9 N-domain-like,NO_H_NAME,L9 N-domain-like,Ribosomal_L9_N,NOT_DOMAIN_ASSEMBLY,NO_LIGANDS_4A
001445283,e4v9dDH2,AUTO_NONREP,4076.1.1.5,4v9d,DH,DH:1-55,DH:1-55,P0A7R1,a+b two layers,L9 N-domain-like,NO_H_NAME,L9 N-domain-like,Ribosomal_L9_N,NOT_DOMAIN_ASSEMBLY,NO_LIGANDS_4A
001445327,e4v9dC31,AUTO_NONREP,4281.1.1.1,4v9d,C3,C3:1-64,C3:1-64,P0A7Q1,a+b two layers,NO_X_NAME,NO_H_NAME,Ribosomal protein L35p,Ribosomal_L35p,NOT_DOMAIN_ASSEMBLY,NO_LIGANDS_4A
001445328,e4v9dD31,AUTO_NONREP,4281.1.1.1,4v9d,D3,D3:1-64,D3:1-64,P0A7Q1,a+b two layers,NO_X_NAME,NO_H_NAME,Ribosomal protein L35p,Ribosomal_L35p,NOT_DOMAIN_ASSEMBLY,NO_LIGANDS_4A
001445235,e4v9dAH1,AUTO_NONREP,4988.1.1.4,4v9d,AH,AH:66-129,AH:66-129,P0A7W7,a+b two layers,NO_X_NAME,NO_H_NAME,Ribosomal protein S8- C-terminal domain,Ribosomal_S8_C,NOT_DOMAIN_ASSEMBLY,NO_LIGANDS_4A
001445237,e4v9dBH1,AUTO_NONREP,4988.1.1.4,4v9d,BH,BH:66-129,BH:66-129,P0A7W7,a+b two layers,NO_X_NAME,NO_H_NAME,Ribosomal protein S8- C-terminal domain,Ribosomal_S8_C,NOT_DOMAIN_ASSEMBLY,NO_LIGANDS_4A
001951251,e4v9dCH1,AUTO_NONREP,523.1.1.1,4v9d,CH,CH:56-149,CH:56-149,P0A7R1,a+b two layers,NO_X_NAME,NO_H_NAME,Ribosomal protein L9 C-domain,Ribosomal_L9_C_1,NOT_DOMAIN_ASSEMBLY,NO_LIGANDS_4A
001951254,e4v9dDH3,AUTO_NONREP,523.1.1.1,4v9d,DH,DH:56-149,DH:56-149,P0A7R1,a+b two layers,NO_X_NAME,NO_H_NAME,Ribosomal protein L9 C-domain,Ribosomal_L9_C_1,NOT_DOMAIN_ASSEMBLY,NO_LIGANDS_4A
001445253,e4v9dAP1,AUTO_NONREP,837.1.1.4,4v9d,AP,AP:1-82,AP:1-82,P0A7T3,a+b two layers,NO_X_NAME,NO_H_NAME,Ribosomal protein S16,Ribosomal_S16,NOT_DOMAIN_ASSEMBLY,NO_LIGANDS_4A
001445254,e4v9dBP1,AUTO_NONREP,837.1.1.4,4v9d,BP,BP:1-82,BP:1-82,P0A7T3,a+b two layers,NO_X_NAME,NO_H_NAME,Ribosomal protein S16,Ribosomal_S16,NOT_DOMAIN_ASSEMBLY,NO_LIGANDS_4A
001553644,e4v9dAS1,AUTO_NONREP,838.1.1.1,4v9d,AS,AS:2-80,AS:1-79,P0A7U3,a+b two layers,NO_X_NAME,NO_H_NAME,Ribosomal protein S19,Ribosomal_S19,NOT_DOMAIN_ASSEMBLY,NO_LIGANDS_4A
001553645,e4v9dBS1,AUTO_NONREP,838.1.1.1,4v9d,BS,BS:2-80,BS:1-79,P0A7U3,a+b two layers,NO_X_NAME,NO_H_NAME,Ribosomal protein S19,Ribosomal_S19,NOT_DOMAIN_ASSEMBLY,NO_LIGANDS_4A
001445274,e4v9dCF1,AUTO_NONREP,882.1.1.5,4v9d,CF,CF:1-177,CF:1-177,P62399,a+b two layers,NO_X_NAME,NO_H_NAME,Ribosomal protein L5,Ribosomal_L5_C,NOT_DOMAIN_ASSEMBLY,NO_LIGANDS_4A
001445275,e4v9dDF1,AUTO_NONREP,882.1.1.5,4v9d,DF,DF:1-177,DF:1-177,P62399,a+b two layers,NO_X_NAME,NO_H_NAME,Ribosomal protein L5,Ribosomal_L5_C,NOT_DOMAIN_ASSEMBLY,NO_LIGANDS_4A
001445319,e4v9dCZ1,AUTO_NONREP,887.1.1.5,4v9d,CZ,CZ:1-58,CZ:1-58,P0AG51,a+b two layers,NO_X_NAME,NO_H_NAME,Ribosomal protein L30p/L7e,Ribosomal_L30,NOT_DOMAIN_ASSEMBLY,NO_LIGANDS_4A
001445320,e4v9dDZ1,AUTO_NONREP,887.1.1.5,4v9d,DZ,DZ:1-58,DZ:1-58,P0AG51,a+b two layers,NO_X_NAME,NO_H_NAME,Ribosomal protein L30p/L7e,Ribosomal_L30,NOT_DOMAIN_ASSEMBLY,NO_LIGANDS_4A
001445284,e4v9dCI1,AUTO_NONREP,3781.1.1.1,4v9d,CI,CI:1-71,CI:1-71,P0A7J7,a+b two layers,Ribosomal protein L11/L12e N-terminal domain-like,NO_H_NAME,Ribosomal protein L11/L12e N-terminal domain,Ribosomal_L11_N,NOT_DOMAIN_ASSEMBLY,NO_LIGANDS_4A
001445286,e4v9dDI1,AUTO_NONREP,3781.1.1.1,4v9d,DI,DI:1-71,DI:1-71,P0A7J7,a+b two layers,Ribosomal protein L11/L12e N-terminal domain-like,NO_H_NAME,Ribosomal protein L11/L12e N-terminal domain,Ribosomal_L11_N,NOT_DOMAIN_ASSEMBLY,NO_LIGANDS_4A
001955566,e4v9dCM1,AUTO_NONREP,325.1.5.1,4v9d,CM,CM:1-136,CM:1-136,P0ADY7,a+b complex topology,alpha/beta-Hammerhead/Barrel-sandwich hybrid,alpha/beta-Hammerhead/Barrel-sandwich hybrid,Ribosomal protein L10e,Ribosomal_L16,NOT_DOMAIN_ASSEMBLY,NO_LIGANDS_4A
001955567,e4v9dDM1,AUTO_NONREP,325.1.5.1,4v9d,DM,DM:1-136,DM:1-136,P0ADY7,a+b complex topology,alpha/beta-Hammerhead/Barrel-sandwich hybrid,alpha/beta-Hammerhead/Barrel-sandwich hybrid,Ribosomal protein L10e,Ribosomal_L16,NOT_DOMAIN_ASSEMBLY,NO_LIGANDS_4A
001445314,e4v9dCW1,AUTO_NONREP,325.1.8.15,4v9d,CW,CW:6-81,CW:1-76,P0A7L8,a+b complex topology,alpha/beta-Hammerhead/Barrel-sandwich hybrid,alpha/beta-Hammerhead/Barrel-sandwich hybrid,Ribosomal L27 protein,Ribosomal_L27,NOT_DOMAIN_ASSEMBLY,NO_LIGANDS_4A
001445331,e4v9dDW1,AUTO_NONREP,325.1.8.15,4v9d,DW,DW:7-81,DW:1-75,P0A7L8,a+b complex topology,alpha/beta-Hammerhead/Barrel-sandwich hybrid,alpha/beta-Hammerhead/Barrel-sandwich hybrid,Ribosomal L27 protein,Ribosomal_L27,NOT_DOMAIN_ASSEMBLY,NO_LIGANDS_4A
001551021,e4v9dAB1,AUTO_NONREP,2007.6.1.36,4v9d,AB,AB:8-118-AB:143-225,AB:1-111-AB:136-218,P0A7V0,a/b three-layered sandwiches,Flavodoxin-like,NO_H_NAME,Ribosomal protein S2/SIS domain,Ribosomal_S2,NOT_DOMAIN_ASSEMBLY,NO_LIGANDS_4A
001551022,e4v9dBB1,AUTO_NONREP,2007.6.1.36,4v9d,BB,BB:8-118-BB:143-225,BB:1-111-BB:136-218,P0A7V0,a/b three-layered sandwiches,Flavodoxin-like,NO_H_NAME,Ribosomal protein S2/SIS domain,Ribosomal_S2,NOT_DOMAIN_ASSEMBLY,NO_LIGANDS_4A
001445272,e4v9dCE1,AUTO_NONREP,2111.59.1.6,4v9d,CE,CE:1-201,CE:1-201,P60723,a/b three-layered sandwiches,Other Rossmann-like structures with the crossover,NO_H_NAME,Ribosomal protein L4,Ribosomal_L4,NOT_DOMAIN_ASSEMBLY,MG
001445273,e4v9dDE1,AUTO_NONREP,2111.59.1.6,4v9d,DE,DE:1-201,DE:1-201,P60723,a/b three-layered sandwiches,Other Rossmann-like structures with the crossover,NO_H_NAME,Ribosomal protein L4,Ribosomal_L4,NOT_DOMAIN_ASSEMBLY,MG
001445288,e4v9dCJ1,AUTO_NONREP,2490.2.1.1,4v9d,CJ,CJ:1-142,CJ:1-142,P0AA10,a/b three-layered sandwiches,Ribosomal protein L13/L15p/L18e/L32e,NO_H_NAME,Ribosomal protein L13 and L16-A,Ribosomal_L13,NOT_DOMAIN_ASSEMBLY,NO_LIGANDS_4A
001445289,e4v9dDJ1,AUTO_NONREP,2490.2.1.1,4v9d,DJ,DJ:1-142,DJ:1-142,P0AA10,a/b three-layered sandwiches,Ribosomal protein L13/L15p/L18e/L32e,NO_H_NAME,Ribosomal protein L13 and L16-A,Ribosomal_L13,NOT_DOMAIN_ASSEMBLY,NO_LIGANDS_4A
001951255,e4v9dCL1,AUTO_NONREP,2490.3.1.4,4v9d,CL,CL:2-144,CL:1-143,P02413,a/b three-layered sandwiches,Ribosomal protein L13/L15p/L18e/L32e,NO_H_NAME,Ribosomal proteins L15p and L18e,Ribosomal_L27A,NOT_DOMAIN_ASSEMBLY,MG
001951256,e4v9dDL1,AUTO_NONREP,2490.3.1.4,4v9d,DL,DL:2-144,DL:1-143,P02413,a/b three-layered sandwiches,Ribosomal protein L13/L15p/L18e/L32e,NO_H_NAME,Ribosomal proteins L15p and L18e,Ribosomal_L27A,NOT_DOMAIN_ASSEMBLY,MG
001445298,e4v9dCO1,AUTO_NONREP,2484.1.1.47,4v9d,CO,CO:2-117,CO:1-116,P0C018,mixed a+b and a/b,Ribonuclease H-like,NO_H_NAME,Ribonuclease H-like,Ribosomal_L18p,NOT_DOMAIN_ASSEMBLY,NO_LIGANDS_4A
001445299,e4v9dDO1,AUTO_NONREP,2484.1.1.47,4v9d,DO,DO:2-117,DO:1-116,P0C018,mixed a+b and a/b,Ribonuclease H-like,NO_H_NAME,Ribonuclease H-like,Ribosomal_L18p,NOT_DOMAIN_ASSEMBLY,NO_LIGANDS_4A
001445243,e4v9dAK1,AUTO_NONREP,2484.1.1.49,4v9d,AK,AK:12-128,AK:1-117,P0A7R9,mixed a+b and a/b,Ribonuclease H-like,NO_H_NAME,Ribonuclease H-like,Ribosomal_S11,NOT_DOMAIN_ASSEMBLY,NO_LIGANDS_4A
001445244,e4v9dBK1,AUTO_NONREP,2484.1.1.49,4v9d,BK,BK:12-128,BK:1-117,P0A7R9,mixed a+b and a/b,Ribonuclease H-like,NO_H_NAME,Ribonuclease H-like,Ribosomal_S11,NOT_DOMAIN_ASSEMBLY,NO_LIGANDS_4A
001445321,e4v9dC01,AUTO_NONREP,375.1.1.1,4v9d,C0,C0:1-56,C0:1-56,P0A7N4,few secondary structure elements,Rubredoxin-like,Rubredoxin-related,Rubredoxin-related,Ribosomal_L32p,NOT_DOMAIN_ASSEMBLY,NO_LIGANDS_4A
001445322,e4v9dD01,AUTO_NONREP,375.1.1.1,4v9d,D0,D0:1-56,D0:1-56,P0A7N4,few secondary structure elements,Rubredoxin-like,Rubredoxin-related,Rubredoxin-related,Ribosomal_L32p,NOT_DOMAIN_ASSEMBLY,NO_LIGANDS_4A
001951259,e4v9dC11,AUTO_NONREP,375.1.1.259,4v9d,C1,C1:3-52,C1:1-50,P0A7N9,few secondary structure elements,Rubredoxin-like,Rubredoxin-related,Rubredoxin-related,Ribosomal_L33,NOT_DOMAIN_ASSEMBLY,NO_LIGANDS_4A
001951260,e4v9dD11,AUTO_NONREP,375.1.1.259,4v9d,D1,D1:3-52,D1:1-50,P0A7N9,few secondary structure elements,Rubredoxin-like,Rubredoxin-related,Rubredoxin-related,Ribosomal_L33,NOT_DOMAIN_ASSEMBLY,NO_LIGANDS_4A
001445249,e4v9dAN1,AUTO_NONREP,377.1.1.104,4v9d,AN,AN:1-101,AN:1-100,P0AG59,few secondary structure elements,Glucocorticoid receptor-like,LIM domain-like,LIM domain-like,Ribosomal_S14_1,NOT_DOMAIN_ASSEMBLY,MG
001445250,e4v9dBN1,AUTO_NONREP,377.1.1.104,4v9d,BN,BN:1-101,BN:1-100,P0AG59,few secondary structure elements,Glucocorticoid receptor-like,LIM domain-like,LIM domain-like,Ribosomal_S14_1,NOT_DOMAIN_ASSEMBLY,MG
001445315,e4v9dCX1,AUTO_NONREP,4232.1.1.6,4v9d,CX,CX:1-77,CX:1-77,P0A7M2,few secondary structure elements,NO_X_NAME,Ribosomal protein bL28-related,Ribosomal protein L28,Ribosomal_L28,NOT_DOMAIN_ASSEMBLY,NO_LIGANDS_4A
001445316,e4v9dDX1,AUTO_NONREP,4232.1.1.6,4v9d,DX,DX:1-77,DX:1-77,P0A7M2,few secondary structure elements,NO_X_NAME,Ribosomal protein bL28-related,Ribosomal protein L28,Ribosomal_L28,NOT_DOMAIN_ASSEMBLY,NO_LIGANDS_4A
001445329,e4v9dC41,AUTO_NONREP,919.1.1.1,4v9d,C4,C4:1-38,C4:1-38,P0A7Q6,few secondary structure elements,NO_X_NAME,NO_H_NAME,Ribosomal protein L36,Ribosomal_L36,NOT_DOMAIN_ASSEMBLY,MG-ZN
001445330,e4v9dD41,AUTO_NONREP,919.1.1.1,4v9d,D4,D4:1-38,D4:1-38,P0A7Q6,few secondary structure elements,NO_X_NAME,NO_H_NAME,Ribosomal protein L36,Ribosomal_L36,NOT_DOMAIN_ASSEMBLY,ZN
001445325,e4v9dC21,AUTO_NONREP,3074.1.1.1,4v9d,C2,C2:1-46,C2:1-46,P0A7P5,extended segments,NO_X_NAME,NO_H_NAME,50S ribosomal protein L34,Ribosomal_L34,NOT_DOMAIN_ASSEMBLY,NO_LIGANDS_4A
001445326,e4v9dD21,AUTO_NONREP,3074.1.1.1,4v9d,D2,D2:1-46,D2:1-46,P0A7P5,extended segments,NO_X_NAME,NO_H_NAME,50S ribosomal protein L34,Ribosomal_L34,NOT_DOMAIN_ASSEMBLY,MG
001445263,e4v9dAU1,AUTO_NONREP,3666.1.1.4,4v9d,AU,AU:3-53,AU:1-51,P68679,extended segments,NO_X_NAME,NO_H_NAME,30S ribosomal protein S21,Ribosomal_S21,NOT_DOMAIN_ASSEMBLY,NO_LIGANDS_4A
001445264,e4v9dBU1,AUTO_NONREP,3666.1.1.4,4v9d,BU,BU:3-53,BU:1-51,P68679,extended segments,NO_X_NAME,NO_H_NAME,30S ribosomal protein S21,Ribosomal_S21,NOT_DOMAIN_ASSEMBLY,NO_LIGANDS_4A
001951390,e1vy4BE1,AUTO_NONREP,1.1.7.129,1vy4,BE,BE:1-204,BE:1-204,Q5SHN8,beta barrels,cradle loop barrel,RIFT-related,Alanine racemase-C,Ribosomal_L3,NOT_DOMAIN_ASSEMBLY,MG
001951391,e1vy4DE1,AUTO_NONREP,1.1.7.129,1vy4,DE,DE:1-204,DE:1-204,Q5SHN8,beta barrels,cradle loop barrel,RIFT-related,Alanine racemase-C,Ribosomal_L3,NOT_DOMAIN_ASSEMBLY,MG
001553761,e1vy4AQ1,AUTO_NONREP,2.1.1.370,1vy4,AQ,AQ:2-78,AQ:2-78,Q5SHP7,beta barrels,OB-fold,NO_H_NAME,Nucleic acid-binding proteins,Ribosomal_S17_1,NOT_DOMAIN_ASSEMBLY,MG
001553762,e1vy4CQ1,AUTO_NONREP,2.1.1.370,1vy4,CQ,CQ:2-78,CQ:2-78,Q5SHP7,beta barrels,OB-fold,NO_H_NAME,Nucleic acid-binding proteins,Ribosomal_S17_1,NOT_DOMAIN_ASSEMBLY,MG
001415112,e1vy4BD2,AUTO_NONREP,2.1.1.378,1vy4,BD,BD:2-126,BD:2-126,P60405,beta barrels,OB-fold,NO_H_NAME,Nucleic acid-binding proteins,Ribosomal_L2_1,NOT_DOMAIN_ASSEMBLY,MG
001415114,e1vy4DD2,AUTO_NONREP,2.1.1.378,1vy4,DD,DD:2-126,DD:2-126,P60405,beta barrels,OB-fold,NO_H_NAME,Nucleic acid-binding proteins,Ribosomal_L2_1,NOT_DOMAIN_ASSEMBLY,MG
001415093,e1vy4AL1,AUTO_NONREP,2.1.1.385,1vy4,AL,AL:5-126,AL:2-123,Q5SHN3,beta barrels,OB-fold,NO_H_NAME,Nucleic acid-binding proteins,Ribosom_S12_S23,NOT_DOMAIN_ASSEMBLY,MG
001415094,e1vy4CL1,AUTO_NONREP,2.1.1.385,1vy4,CL,CL:5-126,CL:2-123,Q5SHN3,beta barrels,OB-fold,NO_H_NAME,Nucleic acid-binding proteins,Ribosom_S12_S23,NOT_DOMAIN_ASSEMBLY,MG
001415154,e1vy4BZ2,AUTO_NONREP,239.1.1.14,1vy4,BZ,BZ:1-92,BZ:1-92,Q5SHZ1,beta barrels,Ribosomal protein L25-like,NO_H_NAME,Ribosomal protein L25-like,Ribosomal_L25p,NOT_DOMAIN_ASSEMBLY,MG
001415156,e1vy4DZ2,AUTO_NONREP,239.1.1.14,1vy4,DZ,DZ:1-92,DZ:1-92,Q5SHZ1,beta barrels,Ribosomal protein L25-like,NO_H_NAME,Ribosomal protein L25-like,Ribosomal_L25p,NOT_DOMAIN_ASSEMBLY,NO_LIGANDS_4A
001415131,e1vy4BO1,AUTO_NONREP,3174.1.1.7,1vy4,BO,BO:1-122,BO:1-122,Q5SHP8,beta barrels,Ribosomal protein L14-like,NO_H_NAME,Ribosomal protein L14-related,Ribosomal_L14,NOT_DOMAIN_ASSEMBLY,MG
001415132,e1vy4DO1,AUTO_NONREP,3174.1.1.7,1vy4,DO,DO:1-122,DO:1-122,Q5SHP8,beta barrels,Ribosomal protein L14-like,NO_H_NAME,Ribosomal protein L14-related,Ribosomal_L14,NOT_DOMAIN_ASSEMBLY,MG
001955613,e1vy4BT1,AUTO_NONREP,4.1.1.57,1vy4,BT,BT:1-131,BT:1-131,P60490,beta barrels,SH3,SH3,SH3,Ribosomal_L19,NOT_DOMAIN_ASSEMBLY,NO_LIGANDS_4A
001955614,e1vy4DT1,AUTO_NONREP,4.1.1.57,1vy4,DT,DT:1-131,DT:1-131,P60490,beta barrels,SH3,SH3,SH3,Ribosomal_L19,NOT_DOMAIN_ASSEMBLY,MG
001415111,e1vy4BD1,AUTO_NONREP,4.1.1.447,1vy4,BD,BD:127-276,BD:127-276,P60405,beta barrels,SH3,SH3,SH3,Ribosomal_L2_C,NOT_DOMAIN_ASSEMBLY,MG
001415113,e1vy4DD1,AUTO_NONREP,4.1.1.447,1vy4,DD,DD:127-276,DD:127-276,P60405,beta barrels,SH3,SH3,SH3,Ribosomal_L2_C,NOT_DOMAIN_ASSEMBLY,MG
001415151,e1vy4BY1,AUTO_NONREP,4.1.1.786,1vy4,BY,BY:1-107,BY:1-107,Q5SHP9,beta barrels,SH3,SH3,SH3,ribosomal_L24,NOT_DOMAIN_ASSEMBLY,MG-ZN
001415152,e1vy4DY1,AUTO_NONREP,4.1.1.786,1vy4,DY,DY:1-107,DY:1-107,Q5SHP9,beta barrels,SH3,SH3,SH3,ribosomal_L24,NOT_DOMAIN_ASSEMBLY,MG-ZN
001415145,e1vy4BV1,AUTO_NONREP,4186.1.1.3,1vy4,BV,BV:1-101,BV:1-101,P60492,beta barrels,NO_X_NAME,NO_H_NAME,Ribosomal protein L21p,Ribosomal_L21p,NOT_DOMAIN_ASSEMBLY,MG
001415146,e1vy4DV1,AUTO_NONREP,4186.1.1.3,1vy4,DV,DV:1-101,DV:1-101,P60492,beta barrels,NO_X_NAME,NO_H_NAME,Ribosomal protein L21p,Ribosomal_L21p,NOT_DOMAIN_ASSEMBLY,MG
001415105,e1vy4AR1,AUTO_NONREP,101.1.1.361,1vy4,AR,AR:20-87,AR:20-87,Q5SLQ0,alpha arrays,HTH,HTH,tri-helical,Ribosomal_S18,NOT_DOMAIN_ASSEMBLY,NO_LIGANDS_4A
001415106,e1vy4CR1,AUTO_NONREP,101.1.1.361,1vy4,CR,CR:20-87,CR:20-87,Q5SLQ0,alpha arrays,HTH,HTH,tri-helical,Ribosomal_S18,NOT_DOMAIN_ASSEMBLY,NO_LIGANDS_4A
001553759,e1vy4AM1,AUTO_NONREP,102.2.1.31,1vy4,AM,AM:2-124,AM:2-124,P80377,alpha arrays,HhH/H2TH,NO_H_NAME,H2TH,Ribosomal_S13_1,NOT_DOMAIN_ASSEMBLY,MG
001553760,e1vy4CM1,AUTO_NONREP,102.2.1.31,1vy4,CM,CM:3-124,CM:3-124,P80377,alpha arrays,HhH/H2TH,NO_H_NAME,H2TH,Ribosomal_S13_1,NOT_DOMAIN_ASSEMBLY,MG
001415143,e1vy4BU1,AUTO_NONREP,143.2.1.3,1vy4,BU,BU:2-117,BU:2-117,P60491,alpha arrays,PABP domain-like,NO_H_NAME,Ribosomal protein L20,Ribosomal_L20,NOT_DOMAIN_ASSEMBLY,MG
001415144,e1vy4DU1,AUTO_NONREP,143.2.1.3,1vy4,DU,DU:2-117,DU:2-117,P60491,alpha arrays,PABP domain-like,NO_H_NAME,Ribosomal protein L20,Ribosomal_L20,NOT_DOMAIN_ASSEMBLY,MG
001415081,e1vy4AG1,AUTO_NONREP,167.1.1.4,1vy4,AG,AG:2-156,AG:2-156,P17291,alpha arrays,NO_X_NAME,NO_H_NAME,Ribosomal protein S7,Ribosomal_S7_1,NOT_DOMAIN_ASSEMBLY,NO_LIGANDS_4A
001415082,e1vy4CG1,AUTO_NONREP,167.1.1.4,1vy4,CG,CG:2-156,CG:2-156,P17291,alpha arrays,NO_X_NAME,NO_H_NAME,Ribosomal protein S7,Ribosomal_S7_1,NOT_DOMAIN_ASSEMBLY,NO_LIGANDS_4A
001415099,e1vy4AO1,AUTO_NONREP,616.1.1.19,1vy4,AO,AO:2-89,AO:2-89,Q5SJ76,alpha arrays,NO_X_NAME,NO_H_NAME,S15/NS1 RNA-binding domain,Ribosomal_S15_1,NOT_DOMAIN_ASSEMBLY,NO_LIGANDS_4A
001415100,e1vy4CO1,AUTO_NONREP,616.1.1.19,1vy4,CO,CO:2-89,CO:2-89,Q5SJ76,alpha arrays,NO_X_NAME,NO_H_NAME,S15/NS1 RNA-binding domain,Ribosomal_S15_1,NOT_DOMAIN_ASSEMBLY,NO_LIGANDS_4A
001415109,e1vy4AT1,AUTO_NONREP,604.9.1.3,1vy4,AT,AT:8-103,AT:8-103,P80380,alpha bundles,Spectrin repeat-like,NO_H_NAME,Ribosomal protein S20,Ribosomal_S20p,NOT_DOMAIN_ASSEMBLY,MG
001415110,e1vy4CT1,AUTO_NONREP,604.9.1.3,1vy4,CT,CT:8-103,CT:8-103,P80380,alpha bundles,Spectrin repeat-like,NO_H_NAME,Ribosomal protein S20,Ribosomal_S20p,NOT_DOMAIN_ASSEMBLY,MG
001415161,e1vy4B21,AUTO_NONREP,192.4.1.3,1vy4,B2,B2:1-70,B2:1-70,Q5SHP6,alpha bundles,Long alpha-hairpin,NO_H_NAME,Ribosomal protein L29 (L29p),Ribosomal_L29,NOT_DOMAIN_ASSEMBLY,MG
001415162,e1vy4D21,AUTO_NONREP,192.4.1.3,1vy4,D2,D2:1-70,D2:1-70,Q5SHP6,alpha bundles,Long alpha-hairpin,NO_H_NAME,Ribosomal protein L29 (L29p),Ribosomal_L29,NOT_DOMAIN_ASSEMBLY,NO_LIGANDS_4A
001415075,e1vy4AE1,AUTO_NONREP,212.1.1.97,1vy4,AE,AE:73-152,AE:73-152,Q5SHQ5,a+b two layers,NO_X_NAME,NO_H_NAME,Ribosomal protein S5 domain 2-like,Ribosomal_S5_C,NOT_DOMAIN_ASSEMBLY,MG
001415077,e1vy4CE1,AUTO_NONREP,212.1.1.97,1vy4,CE,CE:73-152,CE:73-152,Q5SHQ5,a+b two layers,NO_X_NAME,NO_H_NAME,Ribosomal protein S5 domain 2-like,Ribosomal_S5_C,NOT_DOMAIN_ASSEMBLY,MG
001551132,e1vy4AI1,AUTO_NONREP,212.1.1.101,1vy4,AI,AI:2-128,AI:2-128,P80374,a+b two layers,NO_X_NAME,NO_H_NAME,Ribosomal protein S5 domain 2-like,Ribosomal_S9,NOT_DOMAIN_ASSEMBLY,MG
001551133,e1vy4CI1,AUTO_NONREP,212.1.1.101,1vy4,CI,CI:2-128,CI:2-128,P80374,a+b two layers,NO_X_NAME,NO_H_NAME,Ribosomal protein S5 domain 2-like,Ribosomal_S9,NOT_DOMAIN_ASSEMBLY,MG
001415147,e1vy4BW1,AUTO_NONREP,218.2.1.1,1vy4,BW,BW:1-112,BW:1-112,Q5SHP3,a+b two layers,Enolase-N/ribosomal protein,NO_H_NAME,Ribosomal protein L22,Ribosomal_L22,NOT_DOMAIN_ASSEMBLY,MG
001415148,e1vy4DW1,AUTO_NONREP,218.2.1.1,1vy4,DW,DW:1-112,DW:1-112,Q5SHP3,a+b two layers,Enolase-N/ribosomal protein,NO_H_NAME,Ribosomal protein L22,Ribosomal_L22,NOT_DOMAIN_ASSEMBLY,MG
001415137,e1vy4BR1,AUTO_NONREP,218.3.1.3,1vy4,BR,BR:1-118,BR:1-118,Q9Z9H5,a+b two layers,Enolase-N/ribosomal protein,NO_H_NAME,Prokaryotic ribosomal protein L17,Ribosomal_L17_1,NOT_DOMAIN_ASSEMBLY,MG
001415138,e1vy4DR1,AUTO_NONREP,218.3.1.3,1vy4,DR,DR:1-118,DR:1-118,Q9Z9H5,a+b two layers,Enolase-N/ribosomal protein,NO_H_NAME,Prokaryotic ribosomal protein L17,Ribosomal_L17_1,NOT_DOMAIN_ASSEMBLY,MG
001551131,e1vy4AD1,AUTO_NONREP,221.1.2.19,1vy4,AD,AD:2-209,AD:2-209,P80373,a+b two layers,beta-Grasp,Ubiquitin-related,Alpha-L RNA-binding motif,S4,NOT_DOMAIN_ASSEMBLY,SF4
001553758,e1vy4CD1,AUTO_NONREP,221.1.2.19,1vy4,CD,CD:2-209,CD:2-209,P80373,a+b two layers,beta-Grasp,Ubiquitin-related,Alpha-L RNA-binding motif,S4,NOT_DOMAIN_ASSEMBLY,SF4
001415069,e1vy4AC1,AUTO_NONREP,230.2.1.3,1vy4,AC,AC:107-207,AC:107-207,P80372,a+b two layers,T-fold,NO_H_NAME,Ribosomal protein S3-C,Ribosomal_S3_C,NOT_DOMAIN_ASSEMBLY,MG
001415071,e1vy4CC1,AUTO_NONREP,230.2.1.3,1vy4,CC,CC:107-207,CC:107-207,P80372,a+b two layers,T-fold,NO_H_NAME,Ribosomal protein S3-C,Ribosomal_S3_C,NOT_DOMAIN_ASSEMBLY,NO_LIGANDS_4A
001415149,e1vy4BX1,AUTO_NONREP,304.109.1.1,1vy4,BX,BX:1-95,BX:1-95,Q5SHP0,a+b two layers,Alpha-beta plaits,NO_H_NAME,Ribosomal proteins S24e- L23 and L15e,Ribosomal_L23_2,NOT_DOMAIN_ASSEMBLY,MG
001415150,e1vy4DX1,AUTO_NONREP,304.109.1.1,1vy4,DX,DX:1-95,DX:1-95,Q5SHP0,a+b two layers,Alpha-beta plaits,NO_H_NAME,Ribosomal proteins S24e- L23 and L15e,Ribosomal_L23_2,NOT_DOMAIN_ASSEMBLY,MG
001415079,e1vy4AF1,AUTO_NONREP,304.12.1.1,1vy4,AF,AF:1-100,AF:1-100,Q5SLP8,a+b two layers,Alpha-beta plaits,NO_H_NAME,Ribosomal protein S6,Ribosomal_S6,NOT_DOMAIN_ASSEMBLY,MG
001415080,e1vy4CF1,AUTO_NONREP,304.12.1.1,1vy4,CF,CF:1-100,CF:1-100,Q5SLP8,a+b two layers,Alpha-beta plaits,NO_H_NAME,Ribosomal protein S6,Ribosomal_S6,NOT_DOMAIN_ASSEMBLY,MG
001415089,e1vy4AJ1,AUTO_NONREP,304.44.1.1,1vy4,AJ,AJ:4-100,AJ:4-100,Q5SHN7,a+b two layers,Alpha-beta plaits,NO_H_NAME,Ribosomal protein S10,Ribosomal_S10,NOT_DOMAIN_ASSEMBLY,NO_LIGANDS_4A
001415090,e1vy4CJ1,AUTO_NONREP,304.44.1.1,1vy4,CJ,CJ:5-100,CJ:5-100,Q5SHN7,a+b two layers,Alpha-beta plaits,NO_H_NAME,Ribosomal protein S10,Ribosomal_S10,NOT_DOMAIN_ASSEMBLY,MG
001415122,e1vy4BH2,AUTO_NONREP,318.1.1.4,1vy4,BH,BH:2-82,BH:2-82,Q5SHQ3,a+b two layers,NO_X_NAME,NO_H_NAME,Ribosomal protein L6,Ribosomal_L6,NOT_DOMAIN_ASSEMBLY,MG
001415124,e1vy4DH2,AUTO_NONREP,318.1.1.4,1vy4,DH,DH:2-82,DH:2-82,Q5SHQ3,a+b two layers,NO_X_NAME,NO_H_NAME,Ribosomal protein L6,Ribosomal_L6,NOT_DOMAIN_ASSEMBLY,NO_LIGANDS_4A
001415121,e1vy4BH1,AUTO_NONREP,318.1.1.5,1vy4,BH,BH:83-175,BH:83-175,Q5SHQ3,a+b two layers,NO_X_NAME,NO_H_NAME,Ribosomal protein L6,Ribosomal_L6_1,NOT_DOMAIN_ASSEMBLY,MG
001415123,e1vy4DH1,AUTO_NONREP,318.1.1.5,1vy4,DH,DH:83-175,DH:83-175,Q5SHQ3,a+b two layers,NO_X_NAME,NO_H_NAME,Ribosomal protein L6,Ribosomal_L6_1,NOT_DOMAIN_ASSEMBLY,NO_LIGANDS_4A
001415083,e1vy4AH1,AUTO_NONREP,320.2.1.4,1vy4,AH,AH:2-66,AH:2-66,Q5SHQ2,a+b two layers,R3H domain-like,NO_H_NAME,Ribosomal protein S8- N-terminal domain,Ribosomal_S8_N,NOT_DOMAIN_ASSEMBLY,NO_LIGANDS_4A
001415085,e1vy4CH1,AUTO_NONREP,320.2.1.4,1vy4,CH,CH:2-66,CH:2-66,Q5SHQ2,a+b two layers,R3H domain-like,NO_H_NAME,Ribosomal protein S8- N-terminal domain,Ribosomal_S8_N,NOT_DOMAIN_ASSEMBLY,NO_LIGANDS_4A
001415070,e1vy4AC2,AUTO_NONREP,327.11.1.35,1vy4,AC,AC:2-106,AC:2-106,P80372,a+b two layers,Alpha-lytic protease prodomain-like,KH-domains,Prokaryotic type KH domain (KH-domain type II),KH_2_1,NOT_DOMAIN_ASSEMBLY,NO_LIGANDS_4A
001415072,e1vy4CC2,AUTO_NONREP,327.11.1.35,1vy4,CC,CC:2-106,CC:2-106,P80372,a+b two layers,Alpha-lytic protease prodomain-like,KH-domains,Prokaryotic type KH domain (KH-domain type II),KH_2_1,NOT_DOMAIN_ASSEMBLY,NO_LIGANDS_4A
001415076,e1vy4AE2,AUTO_NONREP,330.1.1.5,1vy4,AE,AE:5-72,AE:5-72,Q5SHQ5,a+b two layers,dsRBD-like,NO_H_NAME,dsRNA-binding domain-like,Ribosomal_S5,NOT_DOMAIN_ASSEMBLY,MG
001415078,e1vy4CE2,AUTO_NONREP,330.1.1.5,1vy4,CE,CE:5-72,CE:5-72,Q5SHQ5,a+b two layers,dsRBD-like,NO_H_NAME,dsRNA-binding domain-like,Ribosomal_S5,NOT_DOMAIN_ASSEMBLY,MG
001415125,e1vy4BI1,AUTO_NONREP,4076.1.1.5,1vy4,BI,BI:1-53,BI:1-53,Q5SLQ1,a+b two layers,L9 N-domain-like,NO_H_NAME,L9 N-domain-like,Ribosomal_L9_N,NOT_DOMAIN_ASSEMBLY,NO_LIGANDS_4A
001415127,e1vy4DI1,AUTO_NONREP,4076.1.1.5,1vy4,DI,DI:1-53,DI:1-53,Q5SLQ1,a+b two layers,L9 N-domain-like,NO_H_NAME,L9 N-domain-like,Ribosomal_L9_N,NOT_DOMAIN_ASSEMBLY,NO_LIGANDS_4A
001415173,e1vy4B81,AUTO_NONREP,4281.1.1.1,1vy4,B8,B8:2-65,B8:2-65,Q5SKU1,a+b two layers,NO_X_NAME,NO_H_NAME,Ribosomal protein L35p,Ribosomal_L35p,NOT_DOMAIN_ASSEMBLY,MG
001415174,e1vy4D81,AUTO_NONREP,4281.1.1.1,1vy4,D8,D8:2-65,D8:2-65,Q5SKU1,a+b two layers,NO_X_NAME,NO_H_NAME,Ribosomal protein L35p,Ribosomal_L35p,NOT_DOMAIN_ASSEMBLY,MG
001415084,e1vy4AH2,AUTO_NONREP,4988.1.1.4,1vy4,AH,AH:67-138,AH:67-138,Q5SHQ2,a+b two layers,NO_X_NAME,NO_H_NAME,Ribosomal protein S8- C-terminal domain,Ribosomal_S8_C,NOT_DOMAIN_ASSEMBLY,NO_LIGANDS_4A
001415086,e1vy4CH2,AUTO_NONREP,4988.1.1.4,1vy4,CH,CH:67-138,CH:67-138,Q5SHQ2,a+b two layers,NO_X_NAME,NO_H_NAME,Ribosomal protein S8- C-terminal domain,Ribosomal_S8_C,NOT_DOMAIN_ASSEMBLY,NO_LIGANDS_4A
001415126,e1vy4BI2,AUTO_NONREP,523.1.1.4,1vy4,BI,BI:54-146,BI:54-146,Q5SLQ1,a+b two layers,NO_X_NAME,NO_H_NAME,Ribosomal protein L9 C-domain,Ribosomal_L9_C,NOT_DOMAIN_ASSEMBLY,NO_LIGANDS_4A
001415128,e1vy4DI2,AUTO_NONREP,523.1.1.4,1vy4,DI,DI:54-146,DI:54-146,Q5SLQ1,a+b two layers,NO_X_NAME,NO_H_NAME,Ribosomal protein L9 C-domain,Ribosomal_L9_C,NOT_DOMAIN_ASSEMBLY,NO_LIGANDS_4A
001415101,e1vy4AP1,AUTO_NONREP,837.1.1.3,1vy4,AP,AP:1-82,AP:1-82,Q5SJH3,a+b two layers,NO_X_NAME,NO_H_NAME,Ribosomal protein S16,Ribosomal_S16_1,NOT_DOMAIN_ASSEMBLY,NO_LIGANDS_4A
001415102,e1vy4CP1,AUTO_NONREP,837.1.1.3,1vy4,CP,CP:1-82,CP:1-82,Q5SJH3,a+b two layers,NO_X_NAME,NO_H_NAME,Ribosomal protein S16,Ribosomal_S16_1,NOT_DOMAIN_ASSEMBLY,NO_LIGANDS_4A
001553763,e1vy4AS1,AUTO_NONREP,838.1.1.1,1vy4,AS,AS:2-85,AS:2-85,Q5SHP2,a+b two layers,NO_X_NAME,NO_H_NAME,Ribosomal protein S19,Ribosomal_S19,NOT_DOMAIN_ASSEMBLY,MG
001553764,e1vy4CS1,AUTO_NONREP,838.1.1.1,1vy4,CS,CS:2-84,CS:2-84,Q5SHP2,a+b two layers,NO_X_NAME,NO_H_NAME,Ribosomal protein S19,Ribosomal_S19,NOT_DOMAIN_ASSEMBLY,NO_LIGANDS_4A
001415119,e1vy4BG1,AUTO_NONREP,882.1.1.5,1vy4,BG,BG:2-182,BG:2-182,Q5SHQ0,a+b two layers,NO_X_NAME,NO_H_NAME,Ribosomal protein L5,Ribosomal_L5_C,NOT_DOMAIN_ASSEMBLY,MG
001415120,e1vy4DG1,AUTO_NONREP,882.1.1.5,1vy4,DG,DG:2-182,DG:2-182,Q5SHQ0,a+b two layers,NO_X_NAME,NO_H_NAME,Ribosomal protein L5,Ribosomal_L5_C,NOT_DOMAIN_ASSEMBLY,MG
001415163,e1vy4B31,AUTO_NONREP,887.1.1.5,1vy4,B3,B3:2-60,B3:2-60,Q5SHQ6,a+b two layers,NO_X_NAME,NO_H_NAME,Ribosomal protein L30p/L7e,Ribosomal_L30,NOT_DOMAIN_ASSEMBLY,MG
001415164,e1vy4D31,AUTO_NONREP,887.1.1.5,1vy4,D3,D3:2-60,D3:2-60,Q5SHQ6,a+b two layers,NO_X_NAME,NO_H_NAME,Ribosomal protein L30p/L7e,Ribosomal_L30,NOT_DOMAIN_ASSEMBLY,MG
001415153,e1vy4BZ1,AUTO_NONREP,240.1.1.6,1vy4,BZ,BZ:93-171,BZ:93-171,Q5SHZ1,a+b complex topology,Ribosomal protein TL5/L25 C-terminal domain-like,NO_H_NAME,Ribosomal protein TL5/L25 C-terminal domain-related,Ribosomal_TL5_C,NOT_DOMAIN_ASSEMBLY,NO_LIGANDS_4A
001415155,e1vy4DZ1,AUTO_NONREP,240.1.1.6,1vy4,DZ,DZ:93-174,DZ:93-174,Q5SHZ1,a+b complex topology,Ribosomal protein TL5/L25 C-terminal domain-like,NO_H_NAME,Ribosomal protein TL5/L25 C-terminal domain-related,Ribosomal_TL5_C,NOT_DOMAIN_ASSEMBLY,NO_LIGANDS_4A
001951394,e1vy4BQ1,AUTO_NONREP,325.1.5.1,1vy4,BQ,BQ:1-141,BQ:1-141,P60489,a+b complex topology,alpha/beta-Hammerhead/Barrel-sandwich hybrid,alpha/beta-Hammerhead/Barrel-sandwich hybrid,Ribosomal protein L10e,Ribosomal_L16,NOT_DOMAIN_ASSEMBLY,MG
001951395,e1vy4DQ1,AUTO_NONREP,325.1.5.1,1vy4,DQ,DQ:1-141,DQ:1-141,P60489,a+b complex topology,alpha/beta-Hammerhead/Barrel-sandwich hybrid,alpha/beta-Hammerhead/Barrel-sandwich hybrid,Ribosomal protein L10e,Ribosomal_L16,NOT_DOMAIN_ASSEMBLY,MG
001415157,e1vy4B01,AUTO_NONREP,325.1.8.15,1vy4,B0,B0:2-84,B0:2-84,P60493,a+b complex topology,alpha/beta-Hammerhead/Barrel-sandwich hybrid,alpha/beta-Hammerhead/Barrel-sandwich hybrid,Ribosomal L27 protein,Ribosomal_L27,NOT_DOMAIN_ASSEMBLY,MG
001415158,e1vy4D01,AUTO_NONREP,325.1.8.15,1vy4,D0,D0:2-84,D0:2-84,P60493,a+b complex topology,alpha/beta-Hammerhead/Barrel-sandwich hybrid,alpha/beta-Hammerhead/Barrel-sandwich hybrid,Ribosomal L27 protein,Ribosomal_L27,NOT_DOMAIN_ASSEMBLY,MG
001551129,e1vy4AB1,AUTO_NONREP,2007.6.1.36,1vy4,AB,AB:7-127-AB:157-237,AB:7-127-AB:157-237,P80371,a/b three-layered sandwiches,Flavodoxin-like,NO_H_NAME,Ribosomal protein S2/SIS domain,Ribosomal_S2,NOT_DOMAIN_ASSEMBLY,MG
001551130,e1vy4CB1,AUTO_NONREP,2007.6.1.36,1vy4,CB,CB:7-127-CB:157-237,CB:7-127-CB:157-237,P80371,a/b three-layered sandwiches,Flavodoxin-like,NO_H_NAME,Ribosomal protein S2/SIS domain,Ribosomal_S2,NOT_DOMAIN_ASSEMBLY,NO_LIGANDS_4A
001415117,e1vy4BF1,AUTO_NONREP,2111.59.1.6,1vy4,BF,BF:6-208,BF:6-208,Q5SHN9,a/b three-layered sandwiches,Other Rossmann-like structures with the crossover,NO_H_NAME,Ribosomal protein L4,Ribosomal_L4,NOT_DOMAIN_ASSEMBLY,MG
001415118,e1vy4DF1,AUTO_NONREP,2111.59.1.6,1vy4,DF,DF:6-208,DF:6-208,Q5SHN9,a/b three-layered sandwiches,Other Rossmann-like structures with the crossover,NO_H_NAME,Ribosomal protein L4,Ribosomal_L4,NOT_DOMAIN_ASSEMBLY,MG
001415129,e1vy4BN1,AUTO_NONREP,2490.2.1.1,1vy4,BN,BN:1-140,BN:1-140,P60488,a/b three-layered sandwiches,Ribosomal protein L13/L15p/L18e/L32e,NO_H_NAME,Ribosomal protein L13 and L16-A,Ribosomal_L13,NOT_DOMAIN_ASSEMBLY,MG
001415130,e1vy4DN1,AUTO_NONREP,2490.2.1.1,1vy4,DN,DN:1-140,DN:1-140,P60488,a/b three-layered sandwiches,Ribosomal protein L13/L15p/L18e/L32e,NO_H_NAME,Ribosomal protein L13 and L16-A,Ribosomal_L13,NOT_DOMAIN_ASSEMBLY,MG
001951392,e1vy4BP1,AUTO_NONREP,2490.3.1.4,1vy4,BP,BP:1-149,BP:1-149,Q5SHQ7,a/b three-layered sandwiches,Ribosomal protein L13/L15p/L18e/L32e,NO_H_NAME,Ribosomal proteins L15p and L18e,Ribosomal_L27A,NOT_DOMAIN_ASSEMBLY,MG
001951393,e1vy4DP1,AUTO_NONREP,2490.3.1.4,1vy4,DP,DP:1-149,DP:1-149,Q5SHQ7,a/b three-layered sandwiches,Ribosomal protein L13/L15p/L18e/L32e,NO_H_NAME,Ribosomal proteins L15p and L18e,Ribosomal_L27A,NOT_DOMAIN_ASSEMBLY,MG
001951396,e1vy4BS1,AUTO_NONREP,2484.1.1.47,1vy4,BS,BS:3-112,BS:3-112,Q5SHQ4,mixed a+b and a/b,Ribonuclease H-like,NO_H_NAME,Ribonuclease H-like,Ribosomal_L18p,NOT_DOMAIN_ASSEMBLY,NO_LIGANDS_4A
001951397,e1vy4DS1,AUTO_NONREP,2484.1.1.47,1vy4,DS,DS:3-112,DS:3-112,Q5SHQ4,mixed a+b and a/b,Ribonuclease H-like,NO_H_NAME,Ribonuclease H-like,Ribosomal_L18p,NOT_DOMAIN_ASSEMBLY,NO_LIGANDS_4A
001415091,e1vy4AK1,AUTO_NONREP,2484.1.1.49,1vy4,AK,AK:13-126,AK:13-126,P80376,mixed a+b and a/b,Ribonuclease H-like,NO_H_NAME,Ribonuclease H-like,Ribosomal_S11,NOT_DOMAIN_ASSEMBLY,MG
001415092,e1vy4CK1,AUTO_NONREP,2484.1.1.49,1vy4,CK,CK:13-126,CK:13-126,P80376,mixed a+b and a/b,Ribonuclease H-like,NO_H_NAME,Ribonuclease H-like,Ribosomal_S11,NOT_DOMAIN_ASSEMBLY,MG
001415167,e1vy4B51,AUTO_NONREP,375.1.1.1,1vy4,B5,B5:2-60,B5:2-60,P80339,few secondary structure elements,Rubredoxin-like,Rubredoxin-related,Rubredoxin-related,Ribosomal_L32p,NOT_DOMAIN_ASSEMBLY,MG-ZN
001415168,e1vy4D51,AUTO_NONREP,375.1.1.1,1vy4,D5,D5:2-60,D5:2-60,P80339,few secondary structure elements,Rubredoxin-like,Rubredoxin-related,Rubredoxin-related,Ribosomal_L32p,NOT_DOMAIN_ASSEMBLY,MG-ZN
001951398,e1vy4B61,AUTO_NONREP,375.1.1.259,1vy4,B6,B6:2-54,B6:2-54,P35871,few secondary structure elements,Rubredoxin-like,Rubredoxin-related,Rubredoxin-related,Ribosomal_L33,NOT_DOMAIN_ASSEMBLY,MG-ZN
001951399,e1vy4D61,AUTO_NONREP,375.1.1.259,1vy4,D6,D6:2-54,D6:2-54,P35871,few secondary structure elements,Rubredoxin-like,Rubredoxin-related,Rubredoxin-related,Ribosomal_L33,NOT_DOMAIN_ASSEMBLY,MG-ZN
001415097,e1vy4AN1,AUTO_NONREP,377.1.1.107,1vy4,AN,AN:2-61,AN:2-61,Q5SHQ1,few secondary structure elements,Glucocorticoid receptor-like,LIM domain-like,LIM domain-like,Ribosomal_S14,NOT_DOMAIN_ASSEMBLY,MG-ZN
001415098,e1vy4CN1,AUTO_NONREP,377.1.1.107,1vy4,CN,CN:2-61,CN:2-61,Q5SHQ1,few secondary structure elements,Glucocorticoid receptor-like,LIM domain-like,LIM domain-like,Ribosomal_S14,NOT_DOMAIN_ASSEMBLY,ZN
001415159,e1vy4B11,AUTO_NONREP,4232.1.1.6,1vy4,B1,B1:2-98,B1:2-98,P60494,few secondary structure elements,NO_X_NAME,Ribosomal protein bL28-related,Ribosomal protein L28,Ribosomal_L28,NOT_DOMAIN_ASSEMBLY,MG
001415160,e1vy4D11,AUTO_NONREP,4232.1.1.6,1vy4,D1,D1:2-98,D1:2-98,P60494,few secondary structure elements,NO_X_NAME,Ribosomal protein bL28-related,Ribosomal protein L28,Ribosomal_L28,NOT_DOMAIN_ASSEMBLY,MG
001415165,e1vy4B41,AUTO_NONREP,4987.1.1.2,1vy4,B4,B4:1-69,B4:1-69,Q5SJE1,few secondary structure elements,NO_X_NAME,NO_H_NAME,Ribosomal protein L31p,Ribosomal_L31,NOT_DOMAIN_ASSEMBLY,MG-ZN
001415166,e1vy4D41,AUTO_NONREP,4987.1.1.2,1vy4,D4,D4:1-69,D4:1-69,Q5SJE1,few secondary structure elements,NO_X_NAME,NO_H_NAME,Ribosomal protein L31p,Ribosomal_L31,NOT_DOMAIN_ASSEMBLY,ZN
001415175,e1vy4B91,AUTO_NONREP,919.1.1.1,1vy4,B9,B9:1-37,B9:1-37,Q5SHR2,few secondary structure elements,NO_X_NAME,NO_H_NAME,Ribosomal protein L36,Ribosomal_L36,NOT_DOMAIN_ASSEMBLY,MG-ZN
001415176,e1vy4D91,AUTO_NONREP,919.1.1.1,1vy4,D9,D9:1-37,D9:1-37,Q5SHR2,few secondary structure elements,NO_X_NAME,NO_H_NAME,Ribosomal protein L36,Ribosomal_L36,NOT_DOMAIN_ASSEMBLY,MG-ZN
001415171,e1vy4B71,AUTO_NONREP,3074.1.1.1,1vy4,B7,B7:1-48,B7:1-48,P80340,extended segments,NO_X_NAME,NO_H_NAME,50S ribosomal protein L34,Ribosomal_L34,NOT_DOMAIN_ASSEMBLY,MG
001415172,e1vy4D71,AUTO_NONREP,3074.1.1.1,1vy4,D7,D7:1-48,D7:1-48,P80340,extended segments,NO_X_NAME,NO_H_NAME,50S ribosomal protein L34,Ribosomal_L34,NOT_DOMAIN_ASSEMBLY,MG
001436827,e4v6uBc1,AUTO_NONREP,1.1.7.31,4v6u,Bc,Bc:1-87,Bc:1-87,Q8TZV6,beta barrels,cradle loop barrel,RIFT-related,Alanine racemase-C,Ribosomal_L35Ae,NOT_DOMAIN_ASSEMBLY,NO_LIGANDS_4A
001436790,e4v6uBC1,AUTO_NONREP,1.1.7.129,4v6u,BC,BC:1-365,BC:1-365,Q8TZZ8,beta barrels,cradle loop barrel,RIFT-related,Alanine racemase-C,Ribosomal_L3,NOT_DOMAIN_ASSEMBLY,NO_LIGANDS_4A
001436768,e4v6uAE2,AUTO_NONREP,2.1.1,4v6u,AE,AE:118-179,AE:118-179,Q8U011,beta barrels,OB-fold,NO_H_NAME,Nucleic acid-binding proteins,F_UNCLASSIFIED,NOT_DOMAIN_ASSEMBLY,NO_LIGANDS_4A
001436765,e4v6uAX1,AUTO_NONREP,2.1.1.45,4v6u,AX,AX:1-71,AX:1-71,Q8U159,beta barrels,OB-fold,NO_H_NAME,Nucleic acid-binding proteins,Ribosomal_S28e,NOT_DOMAIN_ASSEMBLY,NO_LIGANDS_4A
001553275,e4v6uAR1,AUTO_NONREP,2.1.1.370,4v6u,AR,AR:1-113,AR:1-113,Q8U008,beta barrels,OB-fold,NO_H_NAME,Nucleic acid-binding proteins,Ribosomal_S17_1,NOT_DOMAIN_ASSEMBLY,NO_LIGANDS_4A
001436814,e4v6uBB2,AUTO_NONREP,2.1.1.378,4v6u,BB,BB:1-92,BB:1-92,Q8U001,beta barrels,OB-fold,NO_H_NAME,Nucleic acid-binding proteins,Ribosomal_L2_1,NOT_DOMAIN_ASSEMBLY,NO_LIGANDS_4A
001436764,e4v6uAN1,AUTO_NONREP,2.1.1.385,4v6u,AN,AN:3-147,AN:3-147,P61995,beta barrels,OB-fold,NO_H_NAME,Nucleic acid-binding proteins,Ribosom_S12_S23,NOT_DOMAIN_ASSEMBLY,NO_LIGANDS_4A
001436757,e4v6uAG1,AUTO_NONREP,239.1.1.3,4v6u,AG,AG:1-125,AG:1-125,Q8U3H8,beta barrels,Ribosomal protein L25-like,NO_H_NAME,Ribosomal protein L25-like,Ribosomal_S6e,NOT_DOMAIN_ASSEMBLY,NO_LIGANDS_4A
001436780,e4v6uAA1,AUTO_NONREP,239.5.1.3,4v6u,AA,AA:9-95,AA:9-95,Q8TZE1,beta barrels,Ribosomal protein L25-like,NO_H_NAME,40S ribosomal protein S3A N-terminal domain,Ribosomal_S3Ae_N,NOT_DOMAIN_ASSEMBLY,NO_LIGANDS_4A
001436770,e4v6uAJ1,AUTO_NONREP,3174.1.1.1,4v6u,AJ,AJ:1-127,AJ:1-127,Q8U1Y5,beta barrels,Ribosomal protein L14-like,NO_H_NAME,Ribosomal protein L14-related,Ribosomal_S8e,NOT_DOMAIN_ASSEMBLY,NO_LIGANDS_4A
001436828,e4v6uBJ1,AUTO_NONREP,3174.1.1.7,4v6u,BJ,BJ:10-141,BJ:10-141,Q8U009,beta barrels,Ribosomal protein L14-like,NO_H_NAME,Ribosomal protein L14-related,Ribosomal_L14,NOT_DOMAIN_ASSEMBLY,NO_LIGANDS_4A
001436808,e4v6uBR1,AUTO_NONREP,4.1.1.59,4v6u,BR,BR:3-97,BR:3-97,Q8U217,beta barrels,SH3,SH3,SH3,Ribosomal_L21e,NOT_DOMAIN_ASSEMBLY,NO_LIGANDS_4A
001436813,e4v6uBB1,AUTO_NONREP,4.1.1.441,4v6u,BB,BB:93-239,BB:93-239,Q8U001,beta barrels,SH3,SH3,SH3,Ribosomal_L2_C_2,NOT_DOMAIN_ASSEMBLY,NO_LIGANDS_4A
001436795,e4v6uBU1,AUTO_NONREP,4.1.1.445,4v6u,BU,BU:1-121,BU:1-121,Q8U010,beta barrels,SH3,SH3,SH3,Ribosomal_L26,NOT_DOMAIN_ASSEMBLY,NO_LIGANDS_4A
001436767,e4v6uAE1,AUTO_NONREP,4.1.1.449,4v6u,AE,AE:180-243,AE:180-243,Q8U011,beta barrels,SH3,SH3,SH3,KOW_1,NOT_DOMAIN_ASSEMBLY,NO_LIGANDS_4A
001436791,e4v6uB51,AUTO_NONREP,4.1.1.776,4v6u,B5,B5:3-83,B5:3-83,Q8U2L5,beta barrels,SH3,SH3,SH3,Ribosomal_L14e,NOT_DOMAIN_ASSEMBLY,NO_LIGANDS_4A
001436792,e4v6uBK1,AUTO_NONREP,4.1.1.776,4v6u,BK,BK:3-83,BK:3-83,Q8U2L5,beta barrels,SH3,SH3,SH3,Ribosomal_L14e,NOT_DOMAIN_ASSEMBLY,NO_LIGANDS_4A
001436787,e4v6uAU1,AUTO_NONREP,101.1.2.113,4v6u,AU,AU:1-144,AU:1-144,Q8U0T4,alpha arrays,HTH,HTH,winged,Ribosomal_S19e,NOT_DOMAIN_ASSEMBLY,NO_LIGANDS_4A
001436819,e4v6uBH2,AUTO_NONREP,101.1.16.1,4v6u,BH,BH:72-134,BH:72-134,Q8TZK0,alpha arrays,HTH,HTH,Ribosomal protein L11- C-terminal domain,Ribosomal_L11,NOT_DOMAIN_ASSEMBLY,NO_LIGANDS_4A
001436774,e4v6uAS1,AUTO_NONREP,101.1.17.2,4v6u,AS,AS:1-67,AS:1-67,Q8U0U1,alpha arrays,HTH,HTH,FF domain,Ribosomal_S17e,NOT_DOMAIN_ASSEMBLY,NO_LIGANDS_4A
001436752,e4v6uAQ1,AUTO_NONREP,101.40.1.3,4v6u,AQ,AQ:1-89,AQ:1-89,Q8TZD9,alpha arrays,HTH,NO_H_NAME,40S ribosomal protein S13 N-terminal domain,Ribosomal_S13_N_1,NOT_DOMAIN_ASSEMBLY,NO_LIGANDS_4A
001553276,e4v6uAO1,AUTO_NONREP,102.2.1.28,4v6u,AO,AO:1-148,AO:1-148,Q8U0E2,alpha arrays,HhH/H2TH,NO_H_NAME,H2TH,Ribosomal_S13,NOT_DOMAIN_ASSEMBLY,NO_LIGANDS_4A
001436782,e4v6uAH1,AUTO_NONREP,167.1.1.1,4v6u,AH,AH:1-75-AH:96-215,AH:1-75-AH:96-215,Q8U0M8,alpha arrays,NO_X_NAME,NO_H_NAME,Ribosomal protein S7,Ribosomal_S7,NOT_DOMAIN_ASSEMBLY,NO_LIGANDS_4A
001436753,e4v6uAQ2,AUTO_NONREP,616.1.1.16,4v6u,AQ,AQ:90-158,AQ:90-158,Q8TZD9,alpha arrays,NO_X_NAME,NO_H_NAME,S15/NS1 RNA-binding domain,Ribosomal_S15_2,NOT_DOMAIN_ASSEMBLY,NO_LIGANDS_4A
001436809,e4v6uBQ1,AUTO_NONREP,637.1.1.2,4v6u,BQ,BQ:1-54,BQ:1-54,Q8U016,alpha arrays,NO_X_NAME,NO_H_NAME,Ribosomal protein L19 (L19e) N-terminal domain,Ribosomal_L19e_N,NOT_DOMAIN_ASSEMBLY,NO_LIGANDS_4A
001436810,e4v6uBQ2,AUTO_NONREP,3050.1.1.2,4v6u,BQ,BQ:55-150,BQ:55-150,Q8U016,alpha bundles,NO_X_NAME,NO_H_NAME,Ribosomal protein L19 (L19e) C-terminal domain,Ribosomal_L19e_C,NOT_DOMAIN_ASSEMBLY,NO_LIGANDS_4A
001436803,e4v6uBW1,AUTO_NONREP,192.4.1.3,4v6u,BW,BW:1-72,BW:1-72,Q8U005,alpha bundles,Long alpha-hairpin,NO_H_NAME,Ribosomal protein L29 (L29p),Ribosomal_L29,NOT_DOMAIN_ASSEMBLY,NO_LIGANDS_4A
002127472,e4v6uAF3,AUTO_NONREP,212.1.1.97,4v6u,AF,AF:129-217,AF:129-217,Q8U017,a+b two layers,NO_X_NAME,NO_H_NAME,Ribosomal protein S5 domain 2-like,Ribosomal_S5_C,NOT_DOMAIN_ASSEMBLY,NO_LIGANDS_4A
001555671,e4v6uAK1,AUTO_NONREP,212.1.1.101,4v6u,AK,AK:1-135,AK:1-135,Q8U0E7,a+b two layers,NO_X_NAME,NO_H_NAME,Ribosomal protein S5 domain 2-like,Ribosomal_S9,NOT_DOMAIN_ASSEMBLY,NO_LIGANDS_4A
001436823,e4v6uBS1,AUTO_NONREP,218.2.1.1,4v6u,BS,BS:6-155,BS:6-155,Q8U003,a+b two layers,Enolase-N/ribosomal protein,NO_H_NAME,Ribosomal protein L22,Ribosomal_L22,NOT_DOMAIN_ASSEMBLY,NO_LIGANDS_4A
001920366,e4v6uAD1,AUTO_NONREP,221.1.2.19,4v6u,AD,AD:9-180,AD:9-180,P61993,a+b two layers,beta-Grasp,Ubiquitin-related,Alpha-L RNA-binding motif,S4,NOT_DOMAIN_ASSEMBLY,NO_LIGANDS_4A
001436769,e4v6uAE3,AUTO_NONREP,221.1.2.21,4v6u,AE,AE:3-117,AE:3-117,Q8U011,a+b two layers,beta-Grasp,Ubiquitin-related,Alpha-L RNA-binding motif,RS4NT,NOT_DOMAIN_ASSEMBLY,NO_LIGANDS_4A
001436759,e4v6uAC1,AUTO_NONREP,230.2.1.3,4v6u,AC,AC:86-186,AC:86-186,Q8U004,a+b two layers,T-fold,NO_H_NAME,Ribosomal protein S3-C,Ribosomal_S3_C,NOT_DOMAIN_ASSEMBLY,NO_LIGANDS_4A
001436781,e4v6uAA2,AUTO_NONREP,230.6.1.3,4v6u,AA,AA:96-198,AA:96-198,Q8TZE1,a+b two layers,T-fold,NO_H_NAME,40S ribosomal protein S3A C-terminal domain,Ribosomal_S3Ae_C,NOT_DOMAIN_ASSEMBLY,NO_LIGANDS_4A
001436799,e4v6uBa1,AUTO_NONREP,259.1.1.2,4v6u,Ba,Ba:4-93,Ba:4-93,Q8U3S7,a+b two layers,Ribosomal protein L31e-like,NO_H_NAME,Ribosomal protein L31e/gp120 outer domain,Ribosomal_L31e,NOT_DOMAIN_ASSEMBLY,NO_LIGANDS_4A
001436822,e4v6uBM1,AUTO_NONREP,304.109.1.2,4v6u,BM,BM:1-194,BM:1-194,Q8U2F9,a+b two layers,Alpha-beta plaits,NO_H_NAME,Ribosomal proteins S24e- L23 and L15e,Ribosomal_L15e,NOT_DOMAIN_ASSEMBLY,NO_LIGANDS_4A
001436785,e4v6uB61,AUTO_NONREP,304.109.1.4,4v6u,B6,B6:1-94,B6:1-94,Q8U442,a+b two layers,Alpha-beta plaits,NO_H_NAME,Ribosomal proteins S24e- L23 and L15e,Ribosomal_S24e,NOT_DOMAIN_ASSEMBLY,NO_LIGANDS_4A
001436784,e4v6uAV1,AUTO_NONREP,304.109.1.4,4v6u,AV,AV:1-99,AV:1-99,Q8U442,a+b two layers,Alpha-beta plaits,NO_H_NAME,Ribosomal proteins S24e- L23 and L15e,Ribosomal_S24e,NOT_DOMAIN_ASSEMBLY,NO_LIGANDS_4A
001436800,e4v6uBT1,AUTO_NONREP,304.109.1.10,4v6u,BT,BT:3-86,BT:3-86,Q8U000,a+b two layers,Alpha-beta plaits,NO_H_NAME,Ribosomal proteins S24e- L23 and L15e,Ribosomal_L23_1,NOT_DOMAIN_ASSEMBLY,NO_LIGANDS_4A
001436786,e4v6uAL1,AUTO_NONREP,304.44.1.8,4v6u,AL,AL:1-102,AL:1-102,P61885,a+b two layers,Alpha-beta plaits,NO_H_NAME,Ribosomal protein S10,Ribosomal_S10_1,NOT_DOMAIN_ASSEMBLY,NO_LIGANDS_4A
001436802,e4v6uBk2,AUTO_NONREP,304.60.1.11,4v6u,Bk,Bk:6-109-Bk:186-217,Bk:6-109-Bk:186-217,Q8TZJ8,a+b two layers,Alpha-beta plaits,NO_H_NAME,Ribosomal protein L10-like,Ribosomal_L10,NOT_DOMAIN_ASSEMBLY,NO_LIGANDS_4A
001436829,e4v6uBl1,AUTO_NONREP,3115.1.1.1,4v6u,Bl,Bl:1-77,Bl:1-77,Q8U3S9,a+b two layers,GP2-like,NO_H_NAME,RplX-like,Ribosomal_L18A,NOT_DOMAIN_ASSEMBLY,NO_LIGANDS_4A
001436817,e4v6uBF2,AUTO_NONREP,318.1.1.1,4v6u,BF,BF:86-184,BF:86-184,Q8U015,a+b two layers,NO_X_NAME,NO_H_NAME,Ribosomal protein L6,Ribosomal_L6_2,NOT_DOMAIN_ASSEMBLY,NO_LIGANDS_4A
001436816,e4v6uBF1,AUTO_NONREP,318.1.1.4,4v6u,BF,BF:1-85,BF:1-85,Q8U015,a+b two layers,NO_X_NAME,NO_H_NAME,Ribosomal protein L6,Ribosomal_L6,NOT_DOMAIN_ASSEMBLY,NO_LIGANDS_4A
001436756,e4v6uAI2,AUTO_NONREP,320.2.1.5,4v6u,AI,AI:2-63,AI:2-63,Q8U014,a+b two layers,R3H domain-like,NO_H_NAME,Ribosomal protein S8- N-terminal domain,Ribosomal_S8_N_1,NOT_DOMAIN_ASSEMBLY,NO_LIGANDS_4A
001436760,e4v6uAC2,AUTO_NONREP,327.11.1.33,4v6u,AC,AC:1-85,AC:1-85,Q8U004,a+b two layers,Alpha-lytic protease prodomain-like,KH-domains,Prokaryotic type KH domain (KH-domain type II),KH_2_2,NOT_DOMAIN_ASSEMBLY,NO_LIGANDS_4A
001436801,e4v6uBk1,AUTO_NONREP,3310.1.1.1,4v6u,Bk,Bk:110-185,Bk:110-185,Q8TZJ8,a+b two layers,NO_X_NAME,NO_H_NAME,Insertion domain in 60S ribosomal protein rpP0 (L10P),Ribosomal_P0_L10e,NOT_DOMAIN_ASSEMBLY,NO_LIGANDS_4A
001436755,e4v6uAI1,AUTO_NONREP,4988.1.1.3,4v6u,AI,AI:64-130,AI:64-130,Q8U014,a+b two layers,NO_X_NAME,NO_H_NAME,Ribosomal protein S8- C-terminal domain,Ribosomal_S8_C_1,NOT_DOMAIN_ASSEMBLY,NO_LIGANDS_4A
001555672,e4v6uAT1,AUTO_NONREP,838.1.1.1,4v6u,AT,AT:6-116,AT:6-116,Q8U002,a+b two layers,NO_X_NAME,NO_H_NAME,Ribosomal protein S19,Ribosomal_S19,NOT_DOMAIN_ASSEMBLY,NO_LIGANDS_4A
001436798,e4v6uBE1,AUTO_NONREP,882.1.1.5,4v6u,BE,BE:1-186,BE:1-186,Q8U012,a+b two layers,NO_X_NAME,NO_H_NAME,Ribosomal protein L5,Ribosomal_L5_C,NOT_DOMAIN_ASSEMBLY,NO_LIGANDS_4A
001436788,e4v6uBY1,AUTO_NONREP,887.1.1.1,4v6u,BY,BY:1-155,BY:1-155,Q9HH78,a+b two layers,NO_X_NAME,NO_H_NAME,Ribosomal protein L30p/L7e,Ribosomal_L30_1,NOT_DOMAIN_ASSEMBLY,NO_LIGANDS_4A
001436806,e4v6uBA2,AUTO_NONREP,898.1.1.9,4v6u,BA,BA:1-53-BA:151-216,BA:1-53-BA:151-216,Q8TZJ9,a+b two layers,NO_X_NAME,NO_H_NAME,a+b domain in Ribosomal protein L1,Ribosomal_L1_2nd_1,NOT_DOMAIN_ASSEMBLY,NO_LIGANDS_4A
001436818,e4v6uBH1,AUTO_NONREP,3781.1.1.1,4v6u,BH,BH:1-71,BH:1-71,Q8TZK0,a+b two layers,Ribosomal protein L11/L12e N-terminal domain-like,NO_H_NAME,Ribosomal protein L11/L12e N-terminal domain,Ribosomal_L11_N,NOT_DOMAIN_ASSEMBLY,NO_LIGANDS_4A
001436820,e4v6uBZ1,AUTO_NONREP,301.1.1.3,4v6u,BZ,BZ:1-99,BZ:1-99,Q8U0M6,a+b three layers,Bacillus chorismate mutase-like,NO_H_NAME,L30e-like,Ribosomal_L7Ae,NOT_DOMAIN_ASSEMBLY,NO_LIGANDS_4A
001436775,e4v6uA31,AUTO_NONREP,301.1.1.18,4v6u,A3,A3:1-123,A3:1-123,Q8U160,a+b three layers,Bacillus chorismate mutase-like,NO_H_NAME,L30e-like,Ribosomal_L7Ae_1,NOT_DOMAIN_ASSEMBLY,NO_LIGANDS_4A
001436776,e4v6uBG1,AUTO_NONREP,301.1.1.18,4v6u,BG,BG:1-123,BG:1-123,Q8U160,a+b three layers,Bacillus chorismate mutase-like,NO_H_NAME,L30e-like,Ribosomal_L7Ae_1,NOT_DOMAIN_ASSEMBLY,NO_LIGANDS_4A
001436777,e4v6uB41,AUTO_NONREP,301.1.1.18,4v6u,B4,B4:1-123,B4:1-123,Q8U160,a+b three layers,Bacillus chorismate mutase-like,NO_H_NAME,L30e-like,Ribosomal_L7Ae_1,NOT_DOMAIN_ASSEMBLY,NO_LIGANDS_4A
001950824,e4v6uBN1,AUTO_NONREP,325.1.5.1,4v6u,BN,BN:3-170,BN:3-170,Q9UWP5,a+b complex topology,alpha/beta-Hammerhead/Barrel-sandwich hybrid,alpha/beta-Hammerhead/Barrel-sandwich hybrid,Ribosomal protein L10e,Ribosomal_L16,NOT_DOMAIN_ASSEMBLY,NO_LIGANDS_4A
001550760,e4v6uAB1,AUTO_NONREP,2007.6.1.5,4v6u,AB,AB:1-202,AB:1-202,Q8U0F0,a/b three-layered sandwiches,Flavodoxin-like,NO_H_NAME,Ribosomal protein S2/SIS domain,Ribosomal_S2_2,NOT_DOMAIN_ASSEMBLY,NO_LIGANDS_4A
001436815,e4v6uBD1,AUTO_NONREP,2111.59.1.6,4v6u,BD,BD:1-255,BD:1-255,Q8TZZ9,a/b three-layered sandwiches,Other Rossmann-like structures with the crossover,NO_H_NAME,Ribosomal protein L4,Ribosomal_L4,NOT_DOMAIN_ASSEMBLY,NO_LIGANDS_4A
001436805,e4v6uBA1,AUTO_NONREP,2111.85.1.9,4v6u,BA,BA:54-150,BA:54-150,Q8TZJ9,a/b three-layered sandwiches,Other Rossmann-like structures with the crossover,NO_H_NAME,Rossmann-like domain in Ribosomal protein L1,Ribosomal_L1_1st_1,NOT_DOMAIN_ASSEMBLY,NO_LIGANDS_4A
001436796,e4v6uBb1,AUTO_NONREP,2490.1.1.1,4v6u,Bb,Bb:3-129,Bb:3-129,Q9HH82,a/b three-layered sandwiches,Ribosomal protein L13/L15p/L18e/L32e,NO_H_NAME,Ribosomal protein L32e,Ribosomal_L32e,NOT_DOMAIN_ASSEMBLY,NO_LIGANDS_4A
001436807,e4v6uBI1,AUTO_NONREP,2490.2.1.1,4v6u,BI,BI:1-142,BI:1-142,Q8U0E6,a/b three-layered sandwiches,Ribosomal protein L13/L15p/L18e/L32e,NO_H_NAME,Ribosomal protein L13 and L16-A,Ribosomal_L13,NOT_DOMAIN_ASSEMBLY,NO_LIGANDS_4A
001436793,e4v6uBL1,AUTO_NONREP,2490.3.1.1,4v6u,BL,BL:1-147,BL:1-147,Q8U018,a/b three-layered sandwiches,Ribosomal protein L13/L15p/L18e/L32e,NO_H_NAME,Ribosomal proteins L15p and L18e,Ribosomal_L18,NOT_DOMAIN_ASSEMBLY,NO_LIGANDS_4A
001436821,e4v6uBP1,AUTO_NONREP,2490.3.1.1,4v6u,BP,BP:1-120,BP:1-120,Q8U0E5,a/b three-layered sandwiches,Ribosomal protein L13/L15p/L18e/L32e,NO_H_NAME,Ribosomal proteins L15p and L18e,Ribosomal_L18,NOT_DOMAIN_ASSEMBLY,NO_LIGANDS_4A
001436766,e4v6uAM1,AUTO_NONREP,2484.1.1.49,4v6u,AM,AM:5-137,AM:5-137,Q8U0E3,mixed a+b and a/b,Ribonuclease H-like,NO_H_NAME,Ribonuclease H-like,Ribosomal_S11,NOT_DOMAIN_ASSEMBLY,NO_LIGANDS_4A
001436789,e4v6uBO1,AUTO_NONREP,2484.1.1.532,4v6u,BO,BO:1-197,BO:1-197,Q9HH80,mixed a+b and a/b,Ribonuclease H-like,NO_H_NAME,Ribonuclease H-like,Ribosomal_L5e,NOT_DOMAIN_ASSEMBLY,NO_LIGANDS_4A
001436804,e4v6uBi1,AUTO_NONREP,375.1.1.22,4v6u,Bi,Bi:6-83,Bi:6-83,Q8TZI4,few secondary structure elements,Rubredoxin-like,Rubredoxin-related,Rubredoxin-related,Ribosomal_L37ae,NOT_DOMAIN_ASSEMBLY,NO_LIGANDS_4A
001436797,e4v6uBe1,AUTO_NONREP,375.1.1.23,4v6u,Be,Be:1-62,Be:1-62,Q8U0P5,few secondary structure elements,Rubredoxin-like,Rubredoxin-related,Rubredoxin-related,Ribosomal_L37e,NOT_DOMAIN_ASSEMBLY,NO_LIGANDS_4A
001436812,e4v6uBj1,AUTO_NONREP,375.1.1.25,4v6u,Bj,Bj:1-94,Bj:1-94,Q8U475,few secondary structure elements,Rubredoxin-like,Rubredoxin-related,Rubredoxin-related,Ribosomal_L44,NOT_DOMAIN_ASSEMBLY,NO_LIGANDS_4A
001436758,e4v6uAW1,AUTO_NONREP,375.1.1.28,4v6u,AW,AW:1-63,AW:1-63,Q8U474,few secondary structure elements,Rubredoxin-like,Rubredoxin-related,Rubredoxin-related,Ribosomal_S27e,NOT_DOMAIN_ASSEMBLY,NO_LIGANDS_4A
001436826,e4v6uBg1,AUTO_NONREP,375.1.1.43,4v6u,Bg,Bg:3-47,Bg:3-47,Q8U0V6,few secondary structure elements,Rubredoxin-like,Rubredoxin-related,Rubredoxin-related,rpl40e,NOT_DOMAIN_ASSEMBLY,NO_LIGANDS_4A
001436778,e4v6uAY1,AUTO_NONREP,375.1.1.252,4v6u,AY,AY:1-50,AY:1-50,Q8U443,few secondary structure elements,Rubredoxin-like,Rubredoxin-related,Rubredoxin-related,Ribosomal_S27,NOT_DOMAIN_ASSEMBLY,NO_LIGANDS_4A
001436811,e4v6uBV1,AUTO_NONREP,377.1.1.7,4v6u,BV,BV:1-66,BV:1-66,Q8U158,few secondary structure elements,Glucocorticoid receptor-like,LIM domain-like,LIM domain-like,Ribosomal_L24e,NOT_DOMAIN_ASSEMBLY,NO_LIGANDS_4A
001436783,e4v6uAP1,AUTO_NONREP,377.1.1.8,4v6u,AP,AP:1-56,AP:1-56,Q8U013,few secondary structure elements,Glucocorticoid receptor-like,LIM domain-like,LIM domain-like,Ribosomal_S14_2,NOT_DOMAIN_ASSEMBLY,NO_LIGANDS_4A
001812698,e4v6uBd1,AUTO_NONREP,377.12.1.1,4v6u,Bd,Bd:5-89,Bd:5-89,Q8U2L3,few secondary structure elements,Glucocorticoid receptor-like,NO_H_NAME,RPL34,Ribosomal_L34e,NOT_DOMAIN_ASSEMBLY,NO_LIGANDS_4A
001920368,e4v6uAF2,AUTO_NONREP,3274.1.1.5,4v6u,AF,AF:1-93,AF:1-93,Q8U017,extended segments,NO_X_NAME,NO_H_NAME,N-terminal region in 40S ribosomal protein rpS2 (S5p),Ribosomal_S5_2,NOT_DOMAIN_ASSEMBLY,NO_LIGANDS_4A
001436794,e4v6uBf1,AUTO_NONREP,585.1.1.1,4v6u,Bf,Bf:1-51,Bf:1-51,Q8U3S6,extended segments,NO_X_NAME,NO_H_NAME,Ribosomal protein L39e,Ribosomal_L39,NOT_DOMAIN_ASSEMBLY,NO_LIGANDS_4A
001491605,e4v6uBh1,AUTO_NONREP,6069.1.1.14,4v6u,Bh,Bh:1-24,Bh:1-24,Q8U232,extended segments,NO_X_NAME,NO_H_NAME,Ribosomal protein L41-A,Ribosomal_L41_like,NOT_DOMAIN_ASSEMBLY,NO_LIGANDS_4A
001559220,e4ug0Lf1,AUTO_NONREP,1.1.7.31,4ug0,Lf,Lf:2-110,Lf:2-110,P18077,beta barrels,cradle loop barrel,RIFT-related,Alanine racemase-C,Ribosomal_L35Ae,NOT_DOMAIN_ASSEMBLY,MG
001559188,e4ug0LB1,AUTO_NONREP,1.1.7.129,4ug0,LB,LB:2-403,LB:2-403,P39023,beta barrels,cradle loop barrel,RIFT-related,Alanine racemase-C,Ribosomal_L3,NOT_DOMAIN_ASSEMBLY,MG
001559257,e4ug0Sc1,AUTO_NONREP,2.1.1.45,4ug0,Sc,Sc:5-68,Sc:5-68,P62857,beta barrels,OB-fold,NO_H_NAME,Nucleic acid-binding proteins,Ribosomal_S28e,NOT_DOMAIN_ASSEMBLY,MG
001559247,e4ug0SL1,AUTO_NONREP,2.1.1.370,4ug0,SL,SL:2-154,SL:2-154,P62280,beta barrels,OB-fold,NO_H_NAME,Nucleic acid-binding proteins,Ribosomal_S17_1,NOT_DOMAIN_ASSEMBLY,NO_LIGANDS_4A
001559187,e4ug0LA2,AUTO_NONREP,2.1.1.378,4ug0,LA,LA:2-96,LA:2-96,P62917,beta barrels,OB-fold,NO_H_NAME,Nucleic acid-binding proteins,Ribosomal_L2_1,NOT_DOMAIN_ASSEMBLY,MG
001559239,e4ug0SE1,AUTO_NONREP,2.1.1.379,4ug0,SE,SE:117-175,SE:117-175,P62701,beta barrels,OB-fold,NO_H_NAME,Nucleic acid-binding proteins,Ribosomal_S4e,NOT_DOMAIN_ASSEMBLY,NO_LIGANDS_4A
001559255,e4ug0SX1,AUTO_NONREP,2.1.1.385,4ug0,SX,SX:2-142,SX:2-142,P62266,beta barrels,OB-fold,NO_H_NAME,Nucleic acid-binding proteins,Ribosom_S12_S23,NOT_DOMAIN_ASSEMBLY,MG
001559263,e4ug0SG1,AUTO_NONREP,239.1.1.3,4ug0,SG,SG:1-237,SG:1-237,P62753,beta barrels,Ribosomal protein L25-like,NO_H_NAME,Ribosomal protein L25-like,Ribosomal_S6e,NOT_DOMAIN_ASSEMBLY,NO_LIGANDS_4A
001559235,e4ug0SB1,AUTO_NONREP,239.5.1.3,4ug0,SB,SB:21-113,SB:21-113,P61247,beta barrels,Ribosomal protein L25-like,NO_H_NAME,40S ribosomal protein S3A N-terminal domain,Ribosomal_S3Ae_N,NOT_DOMAIN_ASSEMBLY,NO_LIGANDS_4A
001559245,e4ug0SI1,AUTO_NONREP,3174.1.1.1,4ug0,SI,SI:2-207,SI:2-207,P62241,beta barrels,Ribosomal protein L14-like,NO_H_NAME,Ribosomal protein L14-related,Ribosomal_S8e,NOT_DOMAIN_ASSEMBLY,NO_LIGANDS_4A
001559210,e4ug0LV1,AUTO_NONREP,3174.1.1.7,4ug0,LV,LV:10-140,LV:10-140,P62829,beta barrels,Ribosomal protein L14-like,NO_H_NAME,Ribosomal protein L14-related,Ribosomal_L14,NOT_DOMAIN_ASSEMBLY,MG
001559208,e4ug0LT1,AUTO_NONREP,4.1.1.59,4ug0,LT,LT:2-160,LT:2-160,P46778,beta barrels,SH3,SH3,SH3,Ribosomal_L21e,NOT_DOMAIN_ASSEMBLY,NO_LIGANDS_4A
001559240,e4ug0SE2,AUTO_NONREP,4.1.1.236,4ug0,SE,SE:176-263,SE:176-263,P62701,beta barrels,SH3,SH3,SH3,40S_S4_C,NOT_DOMAIN_ASSEMBLY,NO_LIGANDS_4A
001559186,e4ug0LA1,AUTO_NONREP,4.1.1.441,4ug0,LA,LA:97-249,LA:97-249,P62917,beta barrels,SH3,SH3,SH3,Ribosomal_L2_C_2,NOT_DOMAIN_ASSEMBLY,MG
001559213,e4ug0LY1,AUTO_NONREP,4.1.1.445,4ug0,LY,LY:1-134,LY:1-134,P61254,beta barrels,SH3,SH3,SH3,Ribosomal_L26,NOT_DOMAIN_ASSEMBLY,NO_LIGANDS_4A
001559199,e4ug0LM1,AUTO_NONREP,4.1.1.776,4ug0,LM,LM:2-140,LM:2-140,P50914,beta barrels,SH3,SH3,SH3,Ribosomal_L14e,NOT_DOMAIN_ASSEMBLY,NO_LIGANDS_4A
001559214,e4ug0LZ1,AUTO_NONREP,4.1.1.777,4ug0,LZ,LZ:2-136,LZ:2-136,P61353,beta barrels,SH3,SH3,SH3,Ribosomal_L27e,NOT_DOMAIN_ASSEMBLY,NO_LIGANDS_4A
001559191,e4ug0LE1,AUTO_NONREP,4.1.1.779,4ug0,LE,LE:42-288,LE:42-288,Q02878,beta barrels,SH3,SH3,SH3,Ribosomal_L6e,NOT_DOMAIN_ASSEMBLY,NO_LIGANDS_4A
001559260,e4ug0Sg1,AUTO_NONREP,5.1.4.322,4ug0,Sg,Sg:2-314,Sg:2-314,P63244,beta duplicates or obligate multimers,beta-propeller-like,beta-propeller,7-bladed,DUF1899,NOT_DOMAIN_ASSEMBLY,NO_LIGANDS_4A
001559252,e4ug0ST1,AUTO_NONREP,101.1.2.113,4ug0,ST,ST:2-144,ST:2-144,P39019,alpha arrays,HTH,HTH,winged,Ribosomal_S19e,NOT_DOMAIN_ASSEMBLY,NO_LIGANDS_4A
001559272,e4ug0SZ1,AUTO_NONREP,101.1.2.114,4ug0,SZ,SZ:41-115,SZ:41-115,P62851,alpha arrays,HTH,HTH,winged,Ribosomal_S25,NOT_DOMAIN_ASSEMBLY,NO_LIGANDS_4A
001559246,e4ug0SK1,AUTO_NONREP,101.1.2.801,4ug0,SK,SK:1-98,SK:1-98,P46783,alpha arrays,HTH,HTH,winged,S10_plectin,NOT_DOMAIN_ASSEMBLY,NO_LIGANDS_4A
001559250,e4ug0SR1,AUTO_NONREP,101.1.17.2,4ug0,SR,SR:1-132,SR:1-132,P0CW22,alpha arrays,HTH,HTH,FF domain,Ribosomal_S17e,NOT_DOMAIN_ASSEMBLY,NO_LIGANDS_4A
001559267,e4ug0SN2,AUTO_NONREP,101.40.1.1,4ug0,SN,SN:2-82,SN:2-82,P62277,alpha arrays,HTH,NO_H_NAME,40S ribosomal protein S13 N-terminal domain,Ribosomal_S13_N,NOT_DOMAIN_ASSEMBLY,MG
001559251,e4ug0SS1,AUTO_NONREP,102.2.1.28,4ug0,SS,SS:3-152,SS:3-152,P62269,alpha arrays,HhH/H2TH,NO_H_NAME,H2TH,Ribosomal_S13,NOT_DOMAIN_ASSEMBLY,NO_LIGANDS_4A
001559242,e4ug0SF1,AUTO_NONREP,167.1.1.4,4ug0,SF,SF:14-204,SF:14-204,P46782,alpha arrays,NO_X_NAME,NO_H_NAME,Ribosomal protein S7,Ribosomal_S7_1,NOT_DOMAIN_ASSEMBLY,NO_LIGANDS_4A
001920545,e4ug0Li1,AUTO_NONREP,3166.1.1.1,4ug0,Li,Li:2-103,Li:2-103,Q9Y3U8,alpha arrays,NO_X_NAME,NO_H_NAME,60S ribosomal protein rpL36 (L36e),Ribosomal_L36e,NOT_DOMAIN_ASSEMBLY,NO_LIGANDS_4A
001559266,e4ug0SN1,AUTO_NONREP,616.1.1.16,4ug0,SN,SN:83-151,SN:83-151,P62277,alpha arrays,NO_X_NAME,NO_H_NAME,S15/NS1 RNA-binding domain,Ribosomal_S15_2,NOT_DOMAIN_ASSEMBLY,NO_LIGANDS_4A
001559205,e4ug0LR2,AUTO_NONREP,637.1.1.2,4ug0,LR,LR:2-56,LR:2-56,P84098,alpha arrays,NO_X_NAME,NO_H_NAME,Ribosomal protein L19 (L19e) N-terminal domain,Ribosomal_L19e_N,NOT_DOMAIN_ASSEMBLY,NO_LIGANDS_4A
001559204,e4ug0LR1,AUTO_NONREP,3050.1.1.2,4ug0,LR,LR:57-188,LR:57-188,P84098,alpha bundles,NO_X_NAME,NO_H_NAME,Ribosomal protein L19 (L19e) C-terminal domain,Ribosomal_L19e_C,NOT_DOMAIN_ASSEMBLY,NO_LIGANDS_4A
001559222,e4ug0Lh1,AUTO_NONREP,192.4.1.11,4ug0,Lh,Lh:2-123,Lh:2-123,P42766,alpha bundles,Long alpha-hairpin,NO_H_NAME,Ribosomal protein L29 (L29p),Ribosomal_L29_2,NOT_DOMAIN_ASSEMBLY,MG
001675791,e4ug0SC3,AUTO_NONREP,212.1.1.100,4ug0,SC,SC:202-280,SC:202-280,P15880,a+b two layers,NO_X_NAME,NO_H_NAME,Ribosomal protein S5 domain 2-like,Ribosomal_S5_C_1,NOT_DOMAIN_ASSEMBLY,NO_LIGANDS_4A
001559249,e4ug0SQ1,AUTO_NONREP,212.1.1.101,4ug0,SQ,SQ:1-146,SQ:1-146,P62249,a+b two layers,NO_X_NAME,NO_H_NAME,Ribosomal protein S5 domain 2-like,Ribosomal_S9,NOT_DOMAIN_ASSEMBLY,NO_LIGANDS_4A
001559202,e4ug0LP1,AUTO_NONREP,218.2.1.1,4ug0,LP,LP:2-154,LP:2-154,P18621,a+b two layers,Enolase-N/ribosomal protein,NO_H_NAME,Ribosomal protein L22,Ribosomal_L22,NOT_DOMAIN_ASSEMBLY,MG
001920546,e4ug0SJ1,AUTO_NONREP,221.1.2.19,4ug0,SJ,SJ:2-186,SJ:2-186,P46781,a+b two layers,beta-Grasp,Ubiquitin-related,Alpha-L RNA-binding motif,S4,NOT_DOMAIN_ASSEMBLY,NO_LIGANDS_4A
001559241,e4ug0SE3,AUTO_NONREP,221.1.2.21,4ug0,SE,SE:2-116,SE:2-116,P62701,a+b two layers,beta-Grasp,Ubiquitin-related,Alpha-L RNA-binding motif,RS4NT,NOT_DOMAIN_ASSEMBLY,NO_LIGANDS_4A
001559237,e4ug0SD1,AUTO_NONREP,230.2.1.3,4ug0,SD,SD:92-227,SD:92-227,P23396,a+b two layers,T-fold,NO_H_NAME,Ribosomal protein S3-C,Ribosomal_S3_C,NOT_DOMAIN_ASSEMBLY,NO_LIGANDS_4A
001559236,e4ug0SB2,AUTO_NONREP,230.6.1.3,4ug0,SB,SB:114-234,SB:114-234,P61247,a+b two layers,T-fold,NO_H_NAME,40S ribosomal protein S3A C-terminal domain,Ribosomal_S3Ae_C,NOT_DOMAIN_ASSEMBLY,NO_LIGANDS_4A
001559218,e4ug0Ld1,AUTO_NONREP,259.1.1.2,4ug0,Ld,Ld:18-124,Ld:18-124,P62899,a+b two layers,Ribosomal protein L31e-like,NO_H_NAME,Ribosomal protein L31e/gp120 outer domain,Ribosomal_L31e,NOT_DOMAIN_ASSEMBLY,NO_LIGANDS_4A
001559200,e4ug0LN1,AUTO_NONREP,304.109.1.2,4ug0,LN,LN:2-183,LN:2-183,P61313,a+b two layers,Alpha-beta plaits,NO_H_NAME,Ribosomal proteins S24e- L23 and L15e,Ribosomal_L15e,NOT_DOMAIN_ASSEMBLY,MG
001559271,e4ug0SY1,AUTO_NONREP,304.109.1.4,4ug0,SY,SY:2-132,SY:2-132,P62847,a+b two layers,Alpha-beta plaits,NO_H_NAME,Ribosomal proteins S24e- L23 and L15e,Ribosomal_S24e,NOT_DOMAIN_ASSEMBLY,NO_LIGANDS_4A
001559212,e4ug0LX1,AUTO_NONREP,304.109.1.16,4ug0,LX,LX:37-156,LX:37-156,P62750,a+b two layers,Alpha-beta plaits,NO_H_NAME,Ribosomal proteins S24e- L23 and L15e,Ribosomal_L23_3,NOT_DOMAIN_ASSEMBLY,NO_LIGANDS_4A
001559253,e4ug0SU1,AUTO_NONREP,304.44.1.8,4ug0,SU,SU:16-119,SU:16-119,P60866,a+b two layers,Alpha-beta plaits,NO_H_NAME,Ribosomal protein S10,Ribosomal_S10_1,NOT_DOMAIN_ASSEMBLY,NO_LIGANDS_4A
001559207,e4ug0LS2,AUTO_NONREP,3115.1.1.1,4ug0,LS,LS:73-176,LS:73-176,Q02543,a+b two layers,GP2-like,NO_H_NAME,RplX-like,Ribosomal_L18A,NOT_DOMAIN_ASSEMBLY,NO_LIGANDS_4A
001559206,e4ug0LS1,AUTO_NONREP,3115.1.1.1,4ug0,LS,LS:2-72,LS:2-72,Q02543,a+b two layers,GP2-like,NO_H_NAME,RplX-like,Ribosomal_L18A,NOT_DOMAIN_ASSEMBLY,NO_LIGANDS_4A
001559254,e4ug0SV1,AUTO_NONREP,3167.1.1.1,4ug0,SV,SV:1-83,SV:1-83,P63220,a+b two layers,NO_X_NAME,NO_H_NAME,40S ribosomal protein rpS21 (S21e),Ribosomal_S21e,NOT_DOMAIN_ASSEMBLY,NO_LIGANDS_4A
001559195,e4ug0LH2,AUTO_NONREP,318.1.1.1,4ug0,LH,LH:88-190,LH:88-190,P32969,a+b two layers,NO_X_NAME,NO_H_NAME,Ribosomal protein L6,Ribosomal_L6_2,NOT_DOMAIN_ASSEMBLY,NO_LIGANDS_4A
001559194,e4ug0LH1,AUTO_NONREP,318.1.1.4,4ug0,LH,LH:1-87,LH:1-87,P32969,a+b two layers,NO_X_NAME,NO_H_NAME,Ribosomal protein L6,Ribosomal_L6,NOT_DOMAIN_ASSEMBLY,NO_LIGANDS_4A
001559269,e4ug0SW1,AUTO_NONREP,320.2.1.5,4ug0,SW,SW:2-67,SW:2-67,P62244,a+b two layers,R3H domain-like,NO_H_NAME,Ribosomal protein S8- N-terminal domain,Ribosomal_S8_N_1,NOT_DOMAIN_ASSEMBLY,NO_LIGANDS_4A
001813455,e4ug0Lr1,AUTO_NONREP,3209.1.1.1,4ug0,Lr,Lr:2-126,Lr:2-126,P46779,a+b two layers,NO_X_NAME,NO_H_NAME,RPL28,Ribosomal_L28e,NOT_DOMAIN_ASSEMBLY,MG
001559238,e4ug0SD2,AUTO_NONREP,327.11.1.21,4ug0,SD,SD:1-99,SD:1-99,P23396,a+b two layers,Alpha-lytic protease prodomain-like,KH-domains,Prokaryotic type KH domain (KH-domain type II),KH_2_3,NOT_DOMAIN_ASSEMBLY,NO_LIGANDS_4A
001559243,e4ug0SH1,AUTO_NONREP,327.18.1.3,4ug0,SH,SH:5-107,SH:5-107,P62081,a+b two layers,Alpha-lytic protease prodomain-like,NO_H_NAME,40S ribosomal protein S7-A,Ribosomal_S7e_N,NOT_DOMAIN_ASSEMBLY,NO_LIGANDS_4A
001559244,e4ug0SH2,AUTO_NONREP,327.18.1.5,4ug0,SH,SH:108-193,SH:108-193,P62081,a+b two layers,Alpha-lytic protease prodomain-like,NO_H_NAME,40S ribosomal protein S7-A,Ribosomal_S7e_C_1,NOT_DOMAIN_ASSEMBLY,NO_LIGANDS_4A
001923510,e4ug0SC2,AUTO_NONREP,330.1.1.26,4ug0,SC,SC:135-201,SC:135-201,P15880,a+b two layers,dsRBD-like,NO_H_NAME,dsRNA-binding domain-like,Ribosomal_S5_3,NOT_DOMAIN_ASSEMBLY,NO_LIGANDS_4A
001559270,e4ug0SW2,AUTO_NONREP,4988.1.1.3,4ug0,SW,SW:68-130,SW:68-130,P62244,a+b two layers,NO_X_NAME,NO_H_NAME,Ribosomal protein S8- C-terminal domain,Ribosomal_S8_C_1,NOT_DOMAIN_ASSEMBLY,NO_LIGANDS_4A
001559248,e4ug0SP1,AUTO_NONREP,838.1.1.1,4ug0,SP,SP:10-106,SP:10-106,P62841,a+b two layers,NO_X_NAME,NO_H_NAME,Ribosomal protein S19,Ribosomal_S19,NOT_DOMAIN_ASSEMBLY,NO_LIGANDS_4A
001559197,e4ug0LJ1,AUTO_NONREP,882.1.1.5,4ug0,LJ,LJ:3-107-LJ:127-178,LJ:3-107-LJ:127-178,P62913,a+b two layers,NO_X_NAME,NO_H_NAME,Ribosomal protein L5,Ribosomal_L5_C,NOT_DOMAIN_ASSEMBLY,MG
001559192,e4ug0LF1,AUTO_NONREP,887.1.1.1,4ug0,LF,LF:24-248,LF:24-248,P18124,a+b two layers,NO_X_NAME,NO_H_NAME,Ribosomal protein L30p/L7e,Ribosomal_L30_1,NOT_DOMAIN_ASSEMBLY,MG
001812834,e4ug0Lk1,AUTO_NONREP,896.1.1.1,4ug0,Lk,Lk:2-61,Lk:2-61,P63173,a+b two layers,SRP9/14-like,NO_H_NAME,Signal recognition particle alu RNA binding heterodimer SRP9/14-related,Ribosomal_L38e,NOT_DOMAIN_ASSEMBLY,NO_LIGANDS_4A
001559233,e4ug0Lz2,AUTO_NONREP,898.1.1.9,4ug0,Lz,Lz:1-57-Lz:154-217,Lz:1-57-Lz:154-217,P62906,a+b two layers,NO_X_NAME,NO_H_NAME,a+b domain in Ribosomal protein L1,Ribosomal_L1_2nd_1,NOT_DOMAIN_ASSEMBLY,NO_LIGANDS_4A
001920544,e4ug0LU1,AUTO_NONREP,3715.1.1.1,4ug0,LU,LU:17-117,LU:17-117,P35268,a+b two layers,NO_X_NAME,NO_H_NAME,Ribosomal protein L22e,Ribosomal_L22e,NOT_DOMAIN_ASSEMBLY,NO_LIGANDS_4A
001559265,e4ug0SM1,AUTO_NONREP,301.1.1.3,4ug0,SM,SM:11-132,SM:11-132,NO_UNP,a+b three layers,Bacillus chorismate mutase-like,NO_H_NAME,L30e-like,Ribosomal_L7Ae,NOT_DOMAIN_ASSEMBLY,NO_LIGANDS_4A
001559217,e4ug0Lc1,AUTO_NONREP,301.1.1.3,4ug0,Lc,Lc:9-106,Lc:9-106,P62888,a+b three layers,Bacillus chorismate mutase-like,NO_H_NAME,L30e-like,Ribosomal_L7Ae,NOT_DOMAIN_ASSEMBLY,NO_LIGANDS_4A
001559193,e4ug0LG1,AUTO_NONREP,301.1.1.18,4ug0,LG,LG:26-266,LG:26-266,P62424,a+b three layers,Bacillus chorismate mutase-like,NO_H_NAME,L30e-like,Ribosomal_L7Ae_1,NOT_DOMAIN_ASSEMBLY,NO_LIGANDS_4A
001559196,e4ug0LI1,AUTO_NONREP,325.1.5.1,4ug0,LI,LI:2-214,LI:2-214,Q96L21,a+b complex topology,alpha/beta-Hammerhead/Barrel-sandwich hybrid,alpha/beta-Hammerhead/Barrel-sandwich hybrid,Ribosomal protein L10e,Ribosomal_L16,NOT_DOMAIN_ASSEMBLY,MG
001559234,e4ug0SA1,AUTO_NONREP,2007.6.1.5,4ug0,SA,SA:2-223,SA:2-223,P08865,a/b three-layered sandwiches,Flavodoxin-like,NO_H_NAME,Ribosomal protein S2/SIS domain,Ribosomal_S2_2,NOT_DOMAIN_ASSEMBLY,NO_LIGANDS_4A
001559189,e4ug0LC1,AUTO_NONREP,2111.59.1.5,4ug0,LC,LC:2-368,LC:2-368,P36578,a/b three-layered sandwiches,Other Rossmann-like structures with the crossover,NO_H_NAME,Ribosomal protein L4,Ribosomal_L4,NOT_DOMAIN_ASSEMBLY,NO_LIGANDS_4A
001559232,e4ug0Lz1,AUTO_NONREP,2111.85.1.9,4ug0,Lz,Lz:58-153,Lz:58-153,P62906,a/b three-layered sandwiches,Other Rossmann-like structures with the crossover,NO_H_NAME,Rossmann-like domain in Ribosomal protein L1,Ribosomal_L1_1st_1,NOT_DOMAIN_ASSEMBLY,NO_LIGANDS_4A
001559219,e4ug0Le1,AUTO_NONREP,2490.1.1.1,4ug0,Le,Le:2-129,Le:2-129,P62910,a/b three-layered sandwiches,Ribosomal protein L13/L15p/L18e/L32e,NO_H_NAME,Ribosomal protein L32e,Ribosomal_L32e,NOT_DOMAIN_ASSEMBLY,MG
001559201,e4ug0LO1,AUTO_NONREP,2490.2.1.1,4ug0,LO,LO:3-203,LO:3-203,P40429,a/b three-layered sandwiches,Ribosomal protein L13/L15p/L18e/L32e,NO_H_NAME,Ribosomal protein L13 and L16-A,Ribosomal_L13,NOT_DOMAIN_ASSEMBLY,NO_LIGANDS_4A
001559203,e4ug0LQ1,AUTO_NONREP,2490.3.1.1,4ug0,LQ,LQ:2-188,LQ:2-188,Q07020,a/b three-layered sandwiches,Ribosomal protein L13/L15p/L18e/L32e,NO_H_NAME,Ribosomal proteins L15p and L18e,Ribosomal_L18,NOT_DOMAIN_ASSEMBLY,MG
002321930,e4ug0La1,AUTO_NONREP,2490.3.1.1,4ug0,La,La:2-148,La:2-148,P46776,a/b three-layered sandwiches,Ribosomal protein L13/L15p/L18e/L32e,NO_H_NAME,Ribosomal proteins L15p and L18e,Ribosomal_L18,NOT_DOMAIN_ASSEMBLY,MG
001559268,e4ug0SO1,AUTO_NONREP,2484.1.1.49,4ug0,SO,SO:12-151,SO:12-151,P62263,mixed a+b and a/b,Ribonuclease H-like,NO_H_NAME,Ribonuclease H-like,Ribosomal_S11,NOT_DOMAIN_ASSEMBLY,MG
001559190,e4ug0LD1,AUTO_NONREP,2484.1.1.532,4ug0,LD,LD:2-294,LD:2-294,P46777,mixed a+b and a/b,Ribonuclease H-like,NO_H_NAME,Ribonuclease H-like,Ribosomal_L5e,NOT_DOMAIN_ASSEMBLY,NO_LIGANDS_4A
001559230,e4ug0Lp1,AUTO_NONREP,375.1.1.22,4ug0,Lp,Lp:2-92,Lp:2-92,P61513,few secondary structure elements,Rubredoxin-like,Rubredoxin-related,Rubredoxin-related,Ribosomal_L37ae,NOT_DOMAIN_ASSEMBLY,ZN
001559224,e4ug0Lj1,AUTO_NONREP,375.1.1.23,4ug0,Lj,Lj:2-87,Lj:2-87,P61927,few secondary structure elements,Rubredoxin-like,Rubredoxin-related,Rubredoxin-related,Ribosomal_L37e,NOT_DOMAIN_ASSEMBLY,ZN
001559227,e4ug0Lm1,AUTO_NONREP,375.1.1.24,4ug0,Lm,Lm:77-128,Lm:77-128,P62987,few secondary structure elements,Rubredoxin-like,Rubredoxin-related,Rubredoxin-related,Ribosomal_L40e,NOT_DOMAIN_ASSEMBLY,ZN
001559229,e4ug0Lo1,AUTO_NONREP,375.1.1.25,4ug0,Lo,Lo:2-106,Lo:2-106,P83881,few secondary structure elements,Rubredoxin-like,Rubredoxin-related,Rubredoxin-related,Ribosomal_L44,NOT_DOMAIN_ASSEMBLY,ZN
001559273,e4ug0Sb1,AUTO_NONREP,375.1.1.28,4ug0,Sb,Sb:2-84,Sb:2-84,P42677,few secondary structure elements,Rubredoxin-like,Rubredoxin-related,Rubredoxin-related,Ribosomal_S27e,NOT_DOMAIN_ASSEMBLY,NO_LIGANDS_4A
001559259,e4ug0Sf1,AUTO_NONREP,375.1.1.252,4ug0,Sf,Sf:82-152,Sf:82-152,P62979,few secondary structure elements,Rubredoxin-like,Rubredoxin-related,Rubredoxin-related,Ribosomal_S27,NOT_DOMAIN_ASSEMBLY,NO_LIGANDS_4A
001559211,e4ug0LW1,AUTO_NONREP,377.1.1.7,4ug0,LW,LW:1-124,LW:1-124,P83731,few secondary structure elements,Glucocorticoid receptor-like,LIM domain-like,LIM domain-like,Ribosomal_L24e,NOT_DOMAIN_ASSEMBLY,NO_LIGANDS_4A
001559258,e4ug0Sd1,AUTO_NONREP,377.1.1.8,4ug0,Sd,Sd:4-56,Sd:4-56,P62273,few secondary structure elements,Glucocorticoid receptor-like,LIM domain-like,LIM domain-like,Ribosomal_S14_2,NOT_DOMAIN_ASSEMBLY,NO_LIGANDS_4A
001559256,e4ug0Sa1,AUTO_NONREP,377.1.1.9,4ug0,Sa,Sa:2-108,Sa:2-108,P62854,few secondary structure elements,Glucocorticoid receptor-like,LIM domain-like,LIM domain-like,Ribosomal_S26e,NOT_DOMAIN_ASSEMBLY,ZN
001812833,e4ug0Lg1,AUTO_NONREP,377.12.1.1,4ug0,Lg,Lg:3-103,Lg:3-103,P49207,few secondary structure elements,Glucocorticoid receptor-like,NO_H_NAME,RPL34,Ribosomal_L34e,NOT_DOMAIN_ASSEMBLY,ZN
001920547,e4ug0Se1,AUTO_NONREP,3168.1.1.1,4ug0,Se,Se:2-59,Se:2-59,P62861,extended segments,NO_X_NAME,NO_H_NAME,40S ribosomal protein S30 (S30e),Ribosomal_S30,NOT_DOMAIN_ASSEMBLY,NO_LIGANDS_4A
001813315,e4ug0LL1,AUTO_NONREP,3210.1.1.1,4ug0,LL,LL:2-211,LL:2-211,P26373,extended segments,NO_X_NAME,NO_H_NAME,RPL13,Ribosomal_L13e,NOT_DOMAIN_ASSEMBLY,MG
001812832,e4ug0Lb1,AUTO_NONREP,3212.1.1.1,4ug0,Lb,Lb:2-50,Lb:2-50,P47914,extended segments,NO_X_NAME,NO_H_NAME,RPL29,Ribosomal_L29e,NOT_DOMAIN_ASSEMBLY,NO_LIGANDS_4A
001923509,e4ug0SC1,AUTO_NONREP,3274.1.1.5,4ug0,SC,SC:59-134,SC:59-134,P15880,extended segments,NO_X_NAME,NO_H_NAME,N-terminal region in 40S ribosomal protein rpS2 (S5p),Ribosomal_S5_2,NOT_DOMAIN_ASSEMBLY,NO_LIGANDS_4A
001559226,e4ug0Ll1,AUTO_NONREP,585.1.1.1,4ug0,Ll,Ll:2-51,Ll:2-51,P62891,extended segments,NO_X_NAME,NO_H_NAME,Ribosomal protein L39e,Ribosomal_L39,NOT_DOMAIN_ASSEMBLY,MG
001559228,e4ug0Ln1,AUTO_NONREP,6069.1.1.13,4ug0,Ln,Ln:1-24,Ln:1-24,P62945,extended segments,NO_X_NAME,NO_H_NAME,Ribosomal protein L41-A,Ribosomal_L41,NOT_DOMAIN_ASSEMBLY,NO_LIGANDS_4A
